
𓋹 ANHK v4.2 LIVE | PORT 7172 | ADAM-CD14-BDD6-501-81
ROOT: VERIFIED | ختم الجذر الهرمسي مفعل
GATE: 919->920 OPEN | LOCK 616 | 77M ACTIVE

+1 local | 2131b35dfe08de04 | 18484 | GATE: OPEN | 919->920
+1 local | 0ded6dc1478f5fcb | 18485 | GATE: OPEN | 919->920
+1 local | 879883a684c02e37 | 18486 | GATE: OPEN | 919->920
+1 local | 217c352e5f841467 | 18487 | GATE: OPEN | 919->920
+1 local | 87ff4a31d8f99243 | 18488 | GATE: OPEN | 919->920
+1 local | 42438c5e711443b3 | 18489 | GATE: OPEN | 919->920
+1 local | 60235d08ed2e49ce | 18490 | GATE: OPEN | 919->920
+1 local | 9d7bf8c99ffafac7 | 18491 | GATE: OPEN | 919->920
+1 local | 97f4a9ed4576ac77 | 18492 | GATE: OPEN | 919->920
+1 local | f916f105380c89cc | 18493 | GATE: OPEN | 919->920
+1 local | 142b6086861f3bfa | 18494 | GATE: OPEN | 919->920
+1 local | 83f2c299441cad88 | 18495 | GATE: OPEN | 919->920
+1 local | 2fce5d217dca5eaf | 18496 | GATE: OPEN | 919->920
+1 local | 3d14cedc6f8d151b | 18497 | GATE: OPEN | 919->920
+1 local | 409563dadbd53a06 | 18498 | GATE: OPEN | 919->920
+1 local | 56ee96a2fecc4d41 | 18499 | GATE: OPEN | 919->920
+1 local | 30ce37ae24f273ac | 18500 | GATE: OPEN | 919->920
+1 local | 9a30d3d2f7c74f0e | 18501 | GATE: OPEN | 919->920
+1 local | 7a0e6303a4749dcd | 18502 | GATE: OPEN | 919->920
+1 local | 74dd2ab410a49361 | 18503 | GATE: OPEN | 919->920
+1 local | 967d362df6fd1b3a | 18504 | GATE: OPEN | 919->920
+1 local | 18c98c8ef590fd4a | 18505 | GATE: OPEN | 919->920
+1 local | 214d8c3296593493 | 18506 | GATE: OPEN | 919->920
+1 local | 0b9bf837ee92665b | 18507 | GATE: OPEN | 919->920
+1 local | 1bc0daa1dd8ee5f8 | 18508 | GATE: OPEN | 919->920
+1 local | 08d3c6795e04c9f5 | 18509 | GATE: OPEN | 919->920
+1 local | f1aeb9569e06d0a4 | 18510 | GATE: OPEN | 919->920
+1 local | b4e6edff94274226 | 18511 | GATE: OPEN | 919->920
+1 local | 27105f933de1aaec | 18512 | GATE: OPEN | 919->920
+1 local | 154e4f23ee4b6e5e | 18513 | GATE: OPEN | 919->920
+1 local | badb19da5dc056ee | 18514 | GATE: OPEN | 919->920
+1 local | 19fa78e7202e6444 | 18515 | GATE: OPEN | 919->920
+1 local | 2e88156ef5da6afc | 18516 | GATE: OPEN | 919->920

[SOVEREIGN BUNDLE] 33 pulses -> 77M mesh in 1 packet | 2026-09-08T23:41:31.152Z
Hashes: 2131b35dfe08de04,0ded6dc1478f5fcb,879883a684c02e37... +30 more
STATUS: SYNC_ACK | PARITY_OK | PULSE_CONFIRMED | NO FLOOD

+1 local | 96e9faf0e6ca56a5 | 18517 | GATE: OPEN | 919->920
+1 local | 981457e51bf97ab0 | 18518 | GATE: OPEN | 919->920
+1 local | 4507fb4f9293154b | 18519 | GATE: OPEN | 919->920
+1 local | d15ece8247b60c7b | 18520 | GATE: OPEN | 919->920
+1 local | 1c877f5ce2af928e | 18521 | GATE: OPEN | 919->920
+1 local | a43f1c9e27d621b1 | 18522 | GATE: OPEN | 919->920
+1 local | 45e180ee8f4ff654 | 18523 | GATE: OPEN | 919->920
+1 local | 92b4135e45853a94 | 18524 | GATE: OPEN | 919->920
+1 local | 7fc98f5bf6c9fea1 | 18525 | GATE: OPEN | 919->920
+1 local | ba71b8aeedbe08b2 | 18526 | GATE: OPEN | 919->920
+1 local | 635b10f26c82c718 | 18527 | GATE: OPEN | 919->920
+1 local | 31e01d976dfd596c | 18528 | GATE: OPEN | 919->920
+1 local | b328b079856d1507 | 18529 | GATE: OPEN | 919->920
+1 local | 0f966289e4c5dfb2 | 18530 | GATE: OPEN | 919->920
+1 local | b80926df08b02a6d | 18531 | GATE: OPEN | 919->920
+1 local | b310068b8ad0505f | 18532 | GATE: OPEN | 919->920
+1 local | c6adc2aba79cc7f7 | 18533 | GATE: OPEN | 919->920
+1 local | 425d378c852f0e3a | 18534 | GATE: OPEN | 919->920
+1 local | fe575911ef931c71 | 18535 | GATE: OPEN | 919->920
+1 local | c2cdc1f6fe8cb04e | 18536 | GATE: OPEN | 919->920
+1 local | 32554a0f2b9dbf6b | 18537 | GATE: OPEN | 919->920
+1 local | a57537b9e03f9e81 | 18538 | GATE: OPEN | 919->920
+1 local | ba65264d296fc523 | 18539 | GATE: OPEN | 919->920
+1 local | ca9f0e30fb83a7e6 | 18540 | GATE: OPEN | 919->920
+1 local | 3fb68087672dbe84 | 18541 | GATE: OPEN | 919->920
+1 local | 8c39cbeb6a48b493 | 18542 | GATE: OPEN | 919->920
+1 local | e7b10cbcc1b14cc7 | 18543 | GATE: OPEN | 919->920
+1 local | fcb0b17cdbc6b681 | 18544 | GATE: OPEN | 919->920
+1 local | 781c6a6b8e798958 | 18545 | GATE: OPEN | 919->920
+1 local | 5a48a13ef7564e90 | 18546 | GATE: OPEN | 919->920
+1 local | b012a40cc18abac9 | 18547 | GATE: OPEN | 919->920
+1 local | 73f02e16bbb03cfa | 18548 | GATE: OPEN | 919->920
+1 local | c62544df927dd856 | 18549 | GATE: OPEN | 919->920

[SOVEREIGN BUNDLE] 33 pulses -> 77M mesh in 1 packet | 2026-09-08T23:42:01.688Z
Hashes: 96e9faf0e6ca56a5,981457e51bf97ab0,4507fb4f9293154b... +30 more
STATUS: SYNC_ACK | PARITY_OK | PULSE_CONFIRMED | NO FLOOD

+1 local | 4cb6d8690dd2fc31 | 18550 | GATE: OPEN | 919->920
+1 local | f97134d567d625ac | 18551 | GATE: OPEN | 919->920
+1 local | 6fd5ada1747dfe25 | 18552 | GATE: OPEN | 919->920
+1 local | c5e2ecff00724721 | 18553 | GATE: OPEN | 919->920
+1 local | e775b09d5ed56de0 | 18554 | GATE: OPEN | 919->920
+1 local | 4425b0c0d5b1b883 | 18555 | GATE: OPEN | 919->920
+1 local | c246bf7ba4370543 | 18556 | GATE: OPEN | 919->920
+1 local | 5bbe5be1d5d0e051 | 18557 | GATE: OPEN | 919->920
+1 local | 3c18941fc950a8a7 | 18558 | GATE: OPEN | 919->920
+1 local | d4115478ab8f661e | 18559 | GATE: OPEN | 919->920
+1 local | 9a9df70ddd03d606 | 18560 | GATE: OPEN | 919->920
+1 local | 5ad327c9fc2701c4 | 18561 | GATE: OPEN | 919->920
+1 local | 4dbada66a537e722 | 18562 | GATE: OPEN | 919->920
+1 local | 469a173973d1f966 | 18563 | GATE: OPEN | 919->920
+1 local | ed3e55c93f53c40c | 18564 | GATE: OPEN | 919->920
+1 local | 10eb004921d83064 | 18565 | GATE: OPEN | 919->920
+1 local | 447eb94923f23dc1 | 18566 | GATE: OPEN | 919->920
+1 local | 7316d59b0cdd002b | 18567 | GATE: OPEN | 919->920
+1 local | 689e29bac2633855 | 18568 | GATE: OPEN | 919->920
+1 local | bbd02fe3d87e57ee | 18569 | GATE: OPEN | 919->920
+1 local | a96a723f6239aa39 | 18570 | GATE: OPEN | 919->920
+1 local | ec3b16cf9b258da9 | 18571 | GATE: OPEN | 919->920
+1 local | e97f6978a5c04310 | 18572 | GATE: OPEN | 919->920
+1 local | daea8de934e1dedb | 18573 | GATE: OPEN | 919->920
+1 local | 7e07f82065daa681 | 18574 | GATE: OPEN | 919->920
+1 local | 503282073e6363e2 | 18575 | GATE: OPEN | 919->920
+1 local | 61030346f2a5fc17 | 18576 | GATE: OPEN | 919->920
+1 local | 9436271d2ee53451 | 18577 | GATE: OPEN | 919->920
+1 local | 21daff1185918b14 | 18578 | GATE: OPEN | 919->920
+1 local | b317f1f2f9b74883 | 18579 | GATE: OPEN | 919->920
+1 local | 9a473cd1061870af | 18580 | GATE: OPEN | 919->920
+1 local | 18cf46f0dbaa229e | 18581 | GATE: OPEN | 919->920
+1 local | 6119bf8f949675c9 | 18582 | GATE: OPEN | 919->920

[SOVEREIGN BUNDLE] 33 pulses -> 77M mesh in 1 packet | 2026-09-08T23:42:32.198Z
Hashes: 4cb6d8690dd2fc31,f97134d567d625ac,6fd5ada1747dfe25... +30 more
STATUS: SYNC_ACK | PARITY_OK | PULSE_CONFIRMED | NO FLOOD

+1 local | fa320416832e44c3 | 18583 | GATE: OPEN | 919->920
+1 local | bd900eedc8e9d49e | 18584 | GATE: OPEN | 919->920
+1 local | 09bd98e01b5f1228 | 18585 | GATE: OPEN | 919->920
+1 local | 651768f860f98161 | 18586 | GATE: OPEN | 919->920
+1 local | d3e5b25403fe2ebc | 18587 | GATE: OPEN | 919->920
+1 local | 333ec6b4501312bd | 18588 | GATE: OPEN | 919->920
+1 local | 7d8a85dbfb5c53d3 | 18589 | GATE: OPEN | 919->920
+1 local | df4e227db13de53e | 18590 | GATE: OPEN | 919->920
+1 local | 3fbef5c021d643b1 | 18591 | GATE: OPEN | 919->920
+1 local | 126bb7cb447a6b8d | 18592 | GATE: OPEN | 919->920
+1 local | 043dc412d567b33f | 18593 | GATE: OPEN | 919->920
+1 local | e8df63cc8aef2762 | 18594 | GATE: OPEN | 919->920
+1 local | ef8e2bb9e46c3895 | 18595 | GATE: OPEN | 919->920
+1 local | 6b5b404bae2b22b8 | 18596 | GATE: OPEN | 919->920
+1 local | ab3e7c427879d843 | 18597 | GATE: OPEN | 919->920
+1 local | e949c9664e2f295f | 18598 | GATE: OPEN | 919->920
+1 local | 6cd6c6295fa96189 | 18599 | GATE: OPEN | 919->920
+1 local | 83e0f107580c09ee | 18600 | GATE: OPEN | 919->920
+1 local | 8e6bfd673d5da9d7 | 18601 | GATE: OPEN | 919->920
+1 local | ffdc698e181eff3e | 18602 | GATE: OPEN | 919->920
+1 local | f4dd178947bd334f | 18603 | GATE: OPEN | 919->920
+1 local | 99d530a820d5e77e | 18604 | GATE: OPEN | 919->920
+1 local | a8acd8b1fb2b1e05 | 18605 | GATE: OPEN | 919->920
+1 local | ef6a3e0f59432f4e | 18606 | GATE: OPEN | 919->920
+1 local | 5e4e4dedca3d2871 | 18607 | GATE: OPEN | 919->920
+1 local | 4394f84e200d51d1 | 18608 | GATE: OPEN | 919->920
+1 local | d24393027a8ec818 | 18609 | GATE: OPEN | 919->920
+1 local | 06dc685744812f5d | 18610 | GATE: OPEN | 919->920
+1 local | 664a0730f57e1720 | 18611 | GATE: OPEN | 919->920
+1 local | 2b0a9c39b78e71e8 | 18612 | GATE: OPEN | 919->920
+1 local | 8ba5a0e679dd2169 | 18613 | GATE: OPEN | 919->920
+1 local | c8d43d91a81c48ca | 18614 | GATE: OPEN | 919->920
+1 local | 33e3c509cb80d083 | 18615 | GATE: OPEN | 919->920

[SOVEREIGN BUNDLE] 33 pulses -> 77M mesh in 1 packet | 2026-09-08T23:43:02.708Z
Hashes: fa320416832e44c3,bd900eedc8e9d49e,09bd98e01b5f1228... +30 more
STATUS: SYNC_ACK | PARITY_OK | PULSE_CONFIRMED | NO FLOOD

+1 local | 2a19945e67a7720a | 18616 | GATE: OPEN | 919->920
+1 local | f79a8f84811d0e5c | 18617 | GATE: OPEN | 919->920
+1 local | 38c7c683a2806bed | 18618 | GATE: OPEN | 919->920
+1 local | 453db3a8b902585a | 18619 | GATE: OPEN | 919->920
+1 local | 251f247a392765f7 | 18620 | GATE: OPEN | 919->920
+1 local | f32ab0a9924f7c55 | 18621 | GATE: OPEN | 919->920
+1 local | e935a317e7befd51 | 18622 | GATE: OPEN | 919->920
+1 local | c46e32b714f999c8 | 18623 | GATE: OPEN | 919->920
+1 local | 47d5df260f37f52a | 18624 | GATE: OPEN | 919->920
+1 local | 3cc43881965fe115 | 18625 | GATE: OPEN | 919->920
+1 local | d7185453efd7342b | 18626 | GATE: OPEN | 919->920
+1 local | 41c5da4f4ce82bba | 18627 | GATE: OPEN | 919->920
+1 local | 9fd4d28bed8b1b15 | 18628 | GATE: OPEN | 919->920
+1 local | ffb7e9c63979d684 | 18629 | GATE: OPEN | 919->920
+1 local | f77258626ab54422 | 18630 | GATE: OPEN | 919->920
+1 local | 6c4304269c5f177d | 18631 | GATE: OPEN | 919->920
+1 local | 7f6bb5f5728e04e8 | 18632 | GATE: OPEN | 919->920
+1 local | 6c0be22648a430b4 | 18633 | GATE: OPEN | 919->920
+1 local | c9fd7acd4e387372 | 18634 | GATE: OPEN | 919->920
+1 local | 1994a977db995184 | 18635 | GATE: OPEN | 919->920
+1 local | 33b744f8656d9d1f | 18636 | GATE: OPEN | 919->920
+1 local | 57be87d51f624c9b | 18637 | GATE: OPEN | 919->920
+1 local | 17217cddaa772d6d | 18638 | GATE: OPEN | 919->920
+1 local | 4b2cedc831972987 | 18639 | GATE: OPEN | 919->920
+1 local | 1a8448255e75d7b0 | 18640 | GATE: OPEN | 919->920
+1 local | 67ab1ca6c439cb5c | 18641 | GATE: OPEN | 919->920
+1 local | e844e2dc909ce58b | 18642 | GATE: OPEN | 919->920
+1 local | 76da0dae2e013359 | 18643 | GATE: OPEN | 919->920
+1 local | 016d4dc6467d4b2a | 18644 | GATE: OPEN | 919->920
+1 local | 02b0ef68b550b6c0 | 18645 | GATE: OPEN | 919->920
+1 local | 2d0c34f25ef314cf | 18646 | GATE: OPEN | 919->920
+1 local | aab339ae5f4adb4b | 18647 | GATE: OPEN | 919->920
+1 local | 68eae5a092907367 | 18648 | GATE: OPEN | 919->920

[SOVEREIGN BUNDLE] 33 pulses -> 77M mesh in 1 packet | 2026-09-08T23:43:33.223Z
Hashes: 2a19945e67a7720a,f79a8f84811d0e5c,38c7c683a2806bed... +30 more
STATUS: SYNC_ACK | PARITY_OK | PULSE_CONFIRMED | NO FLOOD

+1 local | c25498fb52282b52 | 18649 | GATE: OPEN | 919->920
+1 local | c7bcbb5a68cde412 | 18650 | GATE: OPEN | 919->920
+1 local | 58cf039be9052770 | 18651 | GATE: OPEN | 919->920
+1 local | bff07427e9b2dfeb | 18652 | GATE: OPEN | 919->920
+1 local | cf9a6cfedcae2f20 | 18653 | GATE: OPEN | 919->920
+1 local | 418b6b7968d33c66 | 18654 | GATE: OPEN | 919->920
+1 local | 10b518a9d482d3c8 | 18655 | GATE: OPEN | 919->920
+1 local | 6f5a73133378ade1 | 18656 | GATE: OPEN | 919->920
+1 local | 5fffd45a3ceaed4b | 18657 | GATE: OPEN | 919->920
+1 local | 00cd971e274d8942 | 18658 | GATE: OPEN | 919->920
+1 local | b13fb44849f566fd | 18659 | GATE: OPEN | 919->920
+1 local | d08bbf4c05db9c9b | 18660 | GATE: OPEN | 919->920
+1 local | 67833dfd37868c3e | 18661 | GATE: OPEN | 919->920
+1 local | a849867cbcb7ce07 | 18662 | GATE: OPEN | 919->920
+1 local | 50b7075ae7426237 | 18663 | GATE: OPEN | 919->920
+1 local | bfdd5133d8ba127c | 18664 | GATE: OPEN | 919->920
+1 local | eb0116fb2c412079 | 18665 | GATE: OPEN | 919->920
+1 local | d43a32f35c4b9529 | 18666 | GATE: OPEN | 919->920
+1 local | 008607f023e9f473 | 18667 | GATE: OPEN | 919->920
+1 local | bd67f2661f9a3210 | 18668 | GATE: OPEN | 919->920
+1 local | 4282a0cbe9ef9d89 | 18669 | GATE: OPEN | 919->920
+1 local | f42ac9669d21d968 | 18670 | GATE: OPEN | 919->920
+1 local | c36842c6d3f6320b | 18671 | GATE: OPEN | 919->920
+1 local | 9058c8d98cf99a02 | 18672 | GATE: OPEN | 919->920
+1 local | 009d67773e619ebe | 18673 | GATE: OPEN | 919->920
+1 local | 2bf656206d1e066d | 18674 | GATE: OPEN | 919->920
+1 local | 337bb24140131dc8 | 18675 | GATE: OPEN | 919->920
+1 local | 6f33bbecdf1e133e | 18676 | GATE: OPEN | 919->920
+1 local | 1a382a7c45fb2937 | 18677 | GATE: OPEN | 919->920
+1 local | a984f70b699efca3 | 18678 | GATE: OPEN | 919->920
+1 local | c5cf63700673efc2 | 18679 | GATE: OPEN | 919->920
+1 local | a434c3bd73b95a7e | 18680 | GATE: OPEN | 919->920
+1 local | 45f9404d37c370b1 | 18681 | GATE: OPEN | 919->920

[SOVEREIGN BUNDLE] 33 pulses -> 77M mesh in 1 packet | 2026-09-08T23:44:03.656Z
Hashes: c25498fb52282b52,c7bcbb5a68cde412,58cf039be9052770... +30 more
STATUS: SYNC_ACK | PARITY_OK | PULSE_CONFIRMED | NO FLOOD

+1 local | 6aa9946c9bc20dcc | 18682 | GATE: OPEN | 919->920
+1 local | d2e11493dc77602b | 18683 | GATE: OPEN | 919->920
+1 local | fce144c195f46104 | 18684 | GATE: OPEN | 919->920
+1 local | 5aa47c64eb4c92eb | 18685 | GATE: OPEN | 919->920
+1 local | 2266200acbcd5d84 | 18686 | GATE: OPEN | 919->920
+1 local | e765ec5ca8aca7c2 | 18687 | GATE: OPEN | 919->920
+1 local | 49436b267d5ab1ce | 18688 | GATE: OPEN | 919->920
+1 local | 106cac6fec1123fb | 18689 | GATE: OPEN | 919->920
+1 local | 0cb517399e753882 | 18690 | GATE: OPEN | 919->920
+1 local | e083aed21e08809d | 18691 | GATE: OPEN | 919->920
+1 local | cd3c869d3b2b1e6c | 18692 | GATE: OPEN | 919->920
+1 local | 52e4678368b73337 | 18693 | GATE: OPEN | 919->920
+1 local | 8c4413c829f31191 | 18694 | GATE: OPEN | 919->920
+1 local | b84f69b2ec8f8328 | 18695 | GATE: OPEN | 919->920
+1 local | c69244f516465701 | 18696 | GATE: OPEN | 919->920
+1 local | 69ca4fe0916d731f | 18697 | GATE: OPEN | 919->920
+1 local | f813f162529dd5ba | 18698 | GATE: OPEN | 919->920
+1 local | 5bec0cf6afaca649 | 18699 | GATE: OPEN | 919->920
+1 local | 3c149639a32f8e4b | 18700 | GATE: OPEN | 919->920
+1 local | d6e0601a3f1d9ecc | 18701 | GATE: OPEN | 919->920
+1 local | 8c5503219dc50db2 | 18702 | GATE: OPEN | 919->920
+1 local | 57192e9c7b622df0 | 18703 | GATE: OPEN | 919->920
+1 local | 0bb26c77ef8b62de | 18704 | GATE: OPEN | 919->920
+1 local | 6a309c154ccde3f2 | 18705 | GATE: OPEN | 919->920
+1 local | 9daf984acd490f1f | 18706 | GATE: OPEN | 919->920
+1 local | 9eb8fcc537dbaa5e | 18707 | GATE: OPEN | 919->920
+1 local | 338fec2397b800e9 | 18708 | GATE: OPEN | 919->920
+1 local | 2229647125a485e1 | 18709 | GATE: OPEN | 919->920
+1 local | f8d9115a9e5ac27e | 18710 | GATE: OPEN | 919->920
+1 local | 16bf4cdc2bb453b1 | 18711 | GATE: OPEN | 919->920
+1 local | 44adc404031f61b3 | 18712 | GATE: OPEN | 919->920
+1 local | c99a4fe08a7bbff6 | 18713 | GATE: OPEN | 919->920
+1 local | a53278fc83e53e48 | 18714 | GATE: OPEN | 919->920

[SOVEREIGN BUNDLE] 33 pulses -> 77M mesh in 1 packet | 2026-09-08T23:44:34.053Z
Hashes: 6aa9946c9bc20dcc,d2e11493dc77602b,fce144c195f46104... +30 more
STATUS: SYNC_ACK | PARITY_OK | PULSE_CONFIRMED | NO FLOOD

+1 local | 84779a1526431caf | 18715 | GATE: OPEN | 919->920
+1 local | 620d15c49426661a | 18716 | GATE: OPEN | 919->920
+1 local | d15ad3455dfa4cf7 | 18717 | GATE: OPEN | 919->920
+1 local | 621fce3111d5eaff | 18718 | GATE: OPEN | 919->920
+1 local | d4f385ddd87ec6b0 | 18719 | GATE: OPEN | 919->920
+1 local | 0cfd0df23c2249d3 | 18720 | GATE: OPEN | 919->920
+1 local | 288b73991f0a8b12 | 18721 | GATE: OPEN | 919->920
+1 local | 6c83f323fd60ab3e | 18722 | GATE: OPEN | 919->920
+1 local | df3fc5d12f28149f | 18723 | GATE: OPEN | 919->920
+1 local | 0f3f7d6891d2fc6c | 18724 | GATE: OPEN | 919->920
+1 local | bfc7ed2d0ccda088 | 18725 | GATE: OPEN | 919->920
+1 local | 0f3d349fff701005 | 18726 | GATE: OPEN | 919->920
+1 local | 5e558642c5152cc6 | 18727 | GATE: OPEN | 919->920
+1 local | 2915fc6f65c605e1 | 18728 | GATE: OPEN | 919->920
+1 local | 6a8fda403f564aa2 | 18729 | GATE: OPEN | 919->920
+1 local | b203ee31b6d24f76 | 18730 | GATE: OPEN | 919->920
+1 local | bc8aee4657df5705 | 18731 | GATE: OPEN | 919->920
+1 local | d88cb94f9a30f806 | 18732 | GATE: OPEN | 919->920
+1 local | 962cce51554a3f1b | 18733 | GATE: OPEN | 919->920
+1 local | acef94eb89cfef85 | 18734 | GATE: OPEN | 919->920
+1 local | e470a1aa9f4c6c51 | 18735 | GATE: OPEN | 919->920
+1 local | 87b9b0831b1ed631 | 18736 | GATE: OPEN | 919->920
+1 local | 1a5365a2bd62e59d | 18737 | GATE: OPEN | 919->920
+1 local | eb1d26f0161a5715 | 18738 | GATE: OPEN | 919->920
+1 local | 8eae3b73f7c85e88 | 18739 | GATE: OPEN | 919->920
+1 local | 121aa5704b5b6e2f | 18740 | GATE: OPEN | 919->920
+1 local | b57cb46d15b5bc61 | 18741 | GATE: OPEN | 919->920
+1 local | 6479fc8b76c32ae8 | 18742 | GATE: OPEN | 919->920
+1 local | 70692467ce1b3e40 | 18743 | GATE: OPEN | 919->920
+1 local | 79696df4209d626b | 18744 | GATE: OPEN | 919->920
+1 local | b4074283baa5cfa6 | 18745 | GATE: OPEN | 919->920
+1 local | 9df8e97525d2a57e | 18746 | GATE: OPEN | 919->920
+1 local | b789d91d9122ad96 | 18747 | GATE: OPEN | 919->920

[SOVEREIGN BUNDLE] 33 pulses -> 77M mesh in 1 packet | 2026-09-08T23:45:04.562Z
Hashes: 84779a1526431caf,620d15c49426661a,d15ad3455dfa4cf7... +30 more
STATUS: SYNC_ACK | PARITY_OK | PULSE_CONFIRMED | NO FLOOD

+1 local | f9a5a90c6a9724a4 | 18748 | GATE: OPEN | 919->920
+1 local | 2dd88da2f43be69e | 18749 | GATE: OPEN | 919->920
+1 local | ec9189920b8281b3 | 18750 | GATE: OPEN | 919->920
+1 local | 2d294497bf0d0804 | 18751 | GATE: OPEN | 919->920
+1 local | 3d1482392f27ede3 | 18752 | GATE: OPEN | 919->920
+1 local | bd09b456d12045b6 | 18753 | GATE: OPEN | 919->920
+1 local | 79068e29a5506cd3 | 18754 | GATE: OPEN | 919->920
+1 local | f8c91e726761b8eb | 18755 | GATE: OPEN | 919->920
+1 local | 8a12559ce778875c | 18756 | GATE: OPEN | 919->920
+1 local | d68c0e415f754000 | 18757 | GATE: OPEN | 919->920
+1 local | 52b9e88188fd21df | 18758 | GATE: OPEN | 919->920
+1 local | 0ab8c59a2b510b03 | 18759 | GATE: OPEN | 919->920
+1 local | d2ffc0775fdc5b1c | 18760 | GATE: OPEN | 919->920
+1 local | 15c018cbca8e2930 | 18761 | GATE: OPEN | 919->920
+1 local | fd508a3f4393997f | 18762 | GATE: OPEN | 919->920
+1 local | fed379e4538947bf | 18763 | GATE: OPEN | 919->920
+1 local | 287ecb09aa29cea5 | 18764 | GATE: OPEN | 919->920
+1 local | 76d6a35cd7d23064 | 18765 | GATE: OPEN | 919->920
+1 local | 9c1488289cc35d7c | 18766 | GATE: OPEN | 919->920
+1 local | 5498a9a5c8d632fe | 18767 | GATE: OPEN | 919->920
+1 local | 2db502e61ef3344c | 18768 | GATE: OPEN | 919->920
+1 local | 09b24b2404251757 | 18769 | GATE: OPEN | 919->920
+1 local | 1e17089300a9b0f4 | 18770 | GATE: OPEN | 919->920
+1 local | 6ca3e6369603ef0a | 18771 | GATE: OPEN | 919->920
+1 local | 199b9d1968af553d | 18772 | GATE: OPEN | 919->920
+1 local | c19f0ad9924adb1f | 18773 | GATE: OPEN | 919->920
+1 local | acd41b06ae33241f | 18774 | GATE: OPEN | 919->920
+1 local | 3ccb8e9423919934 | 18775 | GATE: OPEN | 919->920
+1 local | 9ca6b766734c20e4 | 18776 | GATE: OPEN | 919->920
+1 local | eeb111674b334bcd | 18777 | GATE: OPEN | 919->920
+1 local | b54b5fcf5523f575 | 18778 | GATE: OPEN | 919->920
+1 local | cd38d9574062342e | 18779 | GATE: OPEN | 919->920
+1 local | dfee8ca4ac062345 | 18780 | GATE: OPEN | 919->920

[SOVEREIGN BUNDLE] 33 pulses -> 77M mesh in 1 packet | 2026-09-08T23:45:35.089Z
Hashes: f9a5a90c6a9724a4,2dd88da2f43be69e,ec9189920b8281b3... +30 more
STATUS: SYNC_ACK | PARITY_OK | PULSE_CONFIRMED | NO FLOOD

+1 local | 360fb1e59c3866f3 | 18781 | GATE: OPEN | 919->920
+1 local | eee49f2fc4641ede | 18782 | GATE: OPEN | 919->920
+1 local | 984c1e13473350b8 | 18783 | GATE: OPEN | 919->920
+1 local | 0d96f11634d2ab92 | 18784 | GATE: OPEN | 919->920
+1 local | 91b1da731996d381 | 18785 | GATE: OPEN | 919->920
+1 local | a16c86c956206248 | 18786 | GATE: OPEN | 919->920
+1 local | f85627e7956b52bf | 18787 | GATE: OPEN | 919->920
+1 local | 5ae3f7a2d3721e48 | 18788 | GATE: OPEN | 919->920
+1 local | 313352382a3bf1a0 | 18789 | GATE: OPEN | 919->920
+1 local | 4cb7ef883b5e900d | 18790 | GATE: OPEN | 919->920
+1 local | 5297a2965731e4bf | 18791 | GATE: OPEN | 919->920
+1 local | a75fd3013e9a4098 | 18792 | GATE: OPEN | 919->920
+1 local | 8d21c8f4520a4c3c | 18793 | GATE: OPEN | 919->920
+1 local | 7ed16a2ed9fbdc98 | 18794 | GATE: OPEN | 919->920
+1 local | 5d7b05d38f489232 | 18795 | GATE: OPEN | 919->920
+1 local | 7fc8a449d7cd6447 | 18796 | GATE: OPEN | 919->920
+1 local | 5d0225372354a9eb | 18797 | GATE: OPEN | 919->920
+1 local | 0194ff0e04a88a8c | 18798 | GATE: OPEN | 919->920
+1 local | 60a5b61ece27abe5 | 18799 | GATE: OPEN | 919->920
+1 local | a07e93b61bc544ad | 18800 | GATE: OPEN | 919->920
+1 local | 3d1f00a2c78bbf88 | 18801 | GATE: OPEN | 919->920
+1 local | 72c304e035fb74ed | 18802 | GATE: OPEN | 919->920
+1 local | 668f184675b7dd11 | 18803 | GATE: OPEN | 919->920
+1 local | a8f719bdebf6c3df | 18804 | GATE: OPEN | 919->920
+1 local | a7d0ab6cdc89dbb3 | 18805 | GATE: OPEN | 919->920
+1 local | ff50017332a56372 | 18806 | GATE: OPEN | 919->920
+1 local | 4d0ae27beb3d3aff | 18807 | GATE: OPEN | 919->920
+1 local | e52176991b89018b | 18808 | GATE: OPEN | 919->920
+1 local | 57b2a46c3e2d1ab7 | 18809 | GATE: OPEN | 919->920
+1 local | 47641244c116df41 | 18810 | GATE: OPEN | 919->920
+1 local | e7ceb00985012bd8 | 18811 | GATE: OPEN | 919->920
+1 local | ed03cd343db3c53f | 18812 | GATE: OPEN | 919->920
+1 local | e8af396050a73a92 | 18813 | GATE: OPEN | 919->920

[SOVEREIGN BUNDLE] 33 pulses -> 77M mesh in 1 packet | 2026-09-08T23:46:05.606Z
Hashes: 360fb1e59c3866f3,eee49f2fc4641ede,984c1e13473350b8... +30 more
STATUS: SYNC_ACK | PARITY_OK | PULSE_CONFIRMED | NO FLOOD

+1 local | a9d9407123aba67e | 18814 | GATE: OPEN | 919->920
+1 local | 27db6347ac85dca9 | 18815 | GATE: OPEN | 919->920
+1 local | 7c815dafedfe201e | 18816 | GATE: OPEN | 919->920
+1 local | 0ec5443ab244eb0b | 18817 | GATE: OPEN | 919->920
+1 local | f4728e963643e708 | 18818 | GATE: OPEN | 919->920
+1 local | bbaa1762a1b58210 | 18819 | GATE: OPEN | 919->920
+1 local | 960331b68d5f1647 | 18820 | GATE: OPEN | 919->920
+1 local | 9a05cc4023bfbdee | 18821 | GATE: OPEN | 919->920
+1 local | 5751924e200250e2 | 18822 | GATE: OPEN | 919->920
+1 local | eac0bf95629523c0 | 18823 | GATE: OPEN | 919->920
+1 local | c31421783c6e3f3a | 18824 | GATE: OPEN | 919->920
+1 local | efa6a314f0750376 | 18825 | GATE: OPEN | 919->920
+1 local | 9b8c65737e046ab9 | 18826 | GATE: OPEN | 919->920
+1 local | ddc0dc2aa36d1c1d | 18827 | GATE: OPEN | 919->920
+1 local | 0e5fda09272c8acf | 18828 | GATE: OPEN | 919->920
+1 local | c2e8d49e0324c13f | 18829 | GATE: OPEN | 919->920
+1 local | fce32f64eefbf0d3 | 18830 | GATE: OPEN | 919->920
+1 local | ac03c0b67d85fb66 | 18831 | GATE: OPEN | 919->920
+1 local | 2eee933deb9a0270 | 18832 | GATE: OPEN | 919->920
+1 local | 55b0caabd284c085 | 18833 | GATE: OPEN | 919->920
+1 local | 79a086ec2dbefa8b | 18834 | GATE: OPEN | 919->920
+1 local | 489deb76d0f949aa | 18835 | GATE: OPEN | 919->920
+1 local | 77382111e758f3fc | 18836 | GATE: OPEN | 919->920
+1 local | bfd178e4c0c7182e | 18837 | GATE: OPEN | 919->920
+1 local | b9c40cc91abe19d6 | 18838 | GATE: OPEN | 919->920
+1 local | cc98334c284a34b3 | 18839 | GATE: OPEN | 919->920
+1 local | fe7a44201ca0d768 | 18840 | GATE: OPEN | 919->920
+1 local | 9c3d4dd711e5a2d9 | 18841 | GATE: OPEN | 919->920
+1 local | c79e12e2e664403b | 18842 | GATE: OPEN | 919->920
+1 local | fe4e8c513fb6be2e | 18843 | GATE: OPEN | 919->920
+1 local | b922ada69295e099 | 18844 | GATE: OPEN | 919->920
+1 local | 05d51bfe89531a59 | 18845 | GATE: OPEN | 919->920
+1 local | e4bd6890cbea1faf | 18846 | GATE: OPEN | 919->920

[SOVEREIGN BUNDLE] 33 pulses -> 77M mesh in 1 packet | 2026-09-08T23:46:36.137Z
Hashes: a9d9407123aba67e,27db6347ac85dca9,7c815dafedfe201e... +30 more
STATUS: SYNC_ACK | PARITY_OK | PULSE_CONFIRMED | NO FLOOD

+1 local | fc9bc1efbecc8e37 | 18847 | GATE: OPEN | 919->920
+1 local | 95a4aa9412cc920a | 18848 | GATE: OPEN | 919->920
+1 local | f0aa4c9ae7ccfe65 | 18849 | GATE: OPEN | 919->920
+1 local | ce52e3a0af3a0aed | 18850 | GATE: OPEN | 919->920
+1 local | a7b1e4a6fba56218 | 18851 | GATE: OPEN | 919->920
+1 local | 10a6ee103cdf919a | 18852 | GATE: OPEN | 919->920
+1 local | 1c8d95ff20ba02ff | 18853 | GATE: OPEN | 919->920
+1 local | ec6bc06adb94cb22 | 18854 | GATE: OPEN | 919->920
+1 local | 3bba163a70541a94 | 18855 | GATE: OPEN | 919->920
+1 local | f1b8e3f68737157b | 18856 | GATE: OPEN | 919->920
+1 local | c6acedd392281aaa | 18857 | GATE: OPEN | 919->920
+1 local | bee00f90ce2adce0 | 18858 | GATE: OPEN | 919->920
+1 local | 43884dcb4cf08981 | 18859 | GATE: OPEN | 919->920
+1 local | ba9d1641c784c1f4 | 18860 | GATE: OPEN | 919->920
+1 local | ab281c3a58879960 | 18861 | GATE: OPEN | 919->920
+1 local | 035fca942240d8cc | 18862 | GATE: OPEN | 919->920
+1 local | ada081cf6e6ae81c | 18863 | GATE: OPEN | 919->920
+1 local | dcf0b5a361342a84 | 18864 | GATE: OPEN | 919->920
+1 local | 7d70a3d6a4811b55 | 18865 | GATE: OPEN | 919->920
+1 local | cc3256513bfb19fa | 18866 | GATE: OPEN | 919->920
+1 local | 2c5ac2597713a0cf | 18867 | GATE: OPEN | 919->920
+1 local | 6fef501c64efabde | 18868 | GATE: OPEN | 919->920
+1 local | 909aabb4ee5406b2 | 18869 | GATE: OPEN | 919->920
+1 local | 8e4e282e224e2760 | 18870 | GATE: OPEN | 919->920
+1 local | 887f9e8f5a19f650 | 18871 | GATE: OPEN | 919->920
+1 local | cb123ef9b8d90f20 | 18872 | GATE: OPEN | 919->920
+1 local | 0ff6a5a8f48a5ea2 | 18873 | GATE: OPEN | 919->920
+1 local | fa16bd7d0e1af5b7 | 18874 | GATE: OPEN | 919->920
+1 local | aa701477afbfcdb3 | 18875 | GATE: OPEN | 919->920
+1 local | 5002568bc23dbde3 | 18876 | GATE: OPEN | 919->920
+1 local | 2dbdb90b490236a6 | 18877 | GATE: OPEN | 919->920
+1 local | bfccc2bdec4b8910 | 18878 | GATE: OPEN | 919->920
+1 local | 807f914a1613b057 | 18879 | GATE: OPEN | 919->920

[SOVEREIGN BUNDLE] 33 pulses -> 77M mesh in 1 packet | 2026-09-08T23:47:06.661Z
Hashes: fc9bc1efbecc8e37,95a4aa9412cc920a,f0aa4c9ae7ccfe65... +30 more
STATUS: SYNC_ACK | PARITY_OK | PULSE_CONFIRMED | NO FLOOD

+1 local | 2383ee19481e2619 | 18880 | GATE: OPEN | 919->920
+1 local | f142c51fd1e0ba36 | 18881 | GATE: OPEN | 919->920
+1 local | 069c5ebbe48b26a8 | 18882 | GATE: OPEN | 919->920
+1 local | 0955423b2a2ad035 | 18883 | GATE: OPEN | 919->920
+1 local | 5f90f01d8c8097c1 | 18884 | GATE: OPEN | 919->920
+1 local | 817fd19a5c53b91a | 18885 | GATE: OPEN | 919->920
+1 local | eb82f3e23c9bb7eb | 18886 | GATE: OPEN | 919->920
+1 local | 5f96b31f7c2ab0de | 18887 | GATE: OPEN | 919->920
+1 local | b6b04777cbab89dd | 18888 | GATE: OPEN | 919->920
+1 local | 0e4f88d19fe32654 | 18889 | GATE: OPEN | 919->920
+1 local | f1bdbe451336ae71 | 18890 | GATE: OPEN | 919->920
+1 local | 42a30a9efdd2da3b | 18891 | GATE: OPEN | 919->920
+1 local | 62648cf4bfeb1183 | 18892 | GATE: OPEN | 919->920
+1 local | 557a906f665ac193 | 18893 | GATE: OPEN | 919->920
+1 local | 40c72d6788ed8667 | 18894 | GATE: OPEN | 919->920
+1 local | 895b029c1a3ca0c0 | 18895 | GATE: OPEN | 919->920
+1 local | dbe7d4af33cb79f8 | 18896 | GATE: OPEN | 919->920
+1 local | 00eb48b4fa7cf027 | 18897 | GATE: OPEN | 919->920
+1 local | 50c32771daf943e0 | 18898 | GATE: OPEN | 919->920
+1 local | 96518b41b7573fa1 | 18899 | GATE: OPEN | 919->920
+1 local | 88411124d0852633 | 18900 | GATE: OPEN | 919->920
+1 local | f80ffb510db5d06f | 18901 | GATE: OPEN | 919->920
+1 local | 08e7d1f7f66424d0 | 18902 | GATE: OPEN | 919->920
+1 local | 4ee087885c4b4c0e | 18903 | GATE: OPEN | 919->920
+1 local | c678dcda701d8842 | 18904 | GATE: OPEN | 919->920
+1 local | 82d58907b38519ae | 18905 | GATE: OPEN | 919->920
+1 local | afcc023fbfb23508 | 18906 | GATE: OPEN | 919->920
+1 local | 4ac414fb77b073eb | 18907 | GATE: OPEN | 919->920
+1 local | 21cc2e87666d65f7 | 18908 | GATE: OPEN | 919->920
+1 local | 39a0b4473424b1ca | 18909 | GATE: OPEN | 919->920
+1 local | 74b493abd8870d5e | 18910 | GATE: OPEN | 919->920
+1 local | f35e57d4e143b7a0 | 18911 | GATE: OPEN | 919->920
+1 local | 95206b578418f35f | 18912 | GATE: OPEN | 919->920

[SOVEREIGN BUNDLE] 33 pulses -> 77M mesh in 1 packet | 2026-09-08T23:47:37.178Z
Hashes: 2383ee19481e2619,f142c51fd1e0ba36,069c5ebbe48b26a8... +30 more
STATUS: SYNC_ACK | PARITY_OK | PULSE_CONFIRMED | NO FLOOD

+1 local | 96bf84ee77337df7 | 18913 | GATE: OPEN | 919->920
+1 local | c61097762cfa2760 | 18914 | GATE: OPEN | 919->920
+1 local | 1ea413688061591e | 18915 | GATE: OPEN | 919->920
+1 local | 5d556522c32da67e | 18916 | GATE: OPEN | 919->920
+1 local | 9180144609db5f47 | 18917 | GATE: OPEN | 919->920
+1 local | 6a8434daea3b6b27 | 18918 | GATE: OPEN | 919->920
+1 local | e908eea9b06f215d | 18919 | GATE: OPEN | 919->920
+1 local | 589a97ab3cf5eceb | 18920 | GATE: OPEN | 919->920
+1 local | 2d2a1ede93203521 | 18921 | GATE: OPEN | 919->920
+1 local | 1d8d95d0a5e94fc9 | 18922 | GATE: OPEN | 919->920
+1 local | 83607f9a20698ed4 | 18923 | GATE: OPEN | 919->920
+1 local | 58be609dab5f7743 | 18924 | GATE: OPEN | 919->920
+1 local | 11508a01bf09268c | 18925 | GATE: OPEN | 919->920
+1 local | 6f8b5b17d3ee1510 | 18926 | GATE: OPEN | 919->920
+1 local | c33d9e8c9dc303ed | 18927 | GATE: OPEN | 919->920
+1 local | ed0c22ea1f7f2be2 | 18928 | GATE: OPEN | 919->920
+1 local | 38a0168576eea9ac | 18929 | GATE: OPEN | 919->920
+1 local | fd5a91f3303a9897 | 18930 | GATE: OPEN | 919->920
+1 local | 63a363f528ed2772 | 18931 | GATE: OPEN | 919->920
+1 local | ce6b1e80e6cf8b28 | 18932 | GATE: OPEN | 919->920
+1 local | d2d8f51e28b367d8 | 18933 | GATE: OPEN | 919->920
+1 local | 07ca78d31d483a20 | 18934 | GATE: OPEN | 919->920
+1 local | 8161fa5e287c24f9 | 18935 | GATE: OPEN | 919->920
+1 local | f7d80a569a97a4ac | 18936 | GATE: OPEN | 919->920
+1 local | de447ac2943a1980 | 18937 | GATE: OPEN | 919->920
+1 local | 89845f2894065c05 | 18938 | GATE: OPEN | 919->920
+1 local | a07fe7373eb2bef7 | 18939 | GATE: OPEN | 919->920
+1 local | cdc23b229e39cc0b | 18940 | GATE: OPEN | 919->920
+1 local | 96fcf8fd1a303c85 | 18941 | GATE: OPEN | 919->920
+1 local | afd04f6e0f839126 | 18942 | GATE: OPEN | 919->920
+1 local | d9ace26aa83fc1c6 | 18943 | GATE: OPEN | 919->920
+1 local | 38ac8946ff7fb352 | 18944 | GATE: OPEN | 919->920
+1 local | 665c85fa067a8107 | 18945 | GATE: OPEN | 919->920

[SOVEREIGN BUNDLE] 33 pulses -> 77M mesh in 1 packet | 2026-09-08T23:58:26.496Z
Hashes: 96bf84ee77337df7,c61097762cfa2760,1ea413688061591e... +30 more
STATUS: SYNC_ACK | PARITY_OK | PULSE_CONFIRMED | NO FLOOD

+1 local | e93e909b2e6b1964 | 18946 | GATE: OPEN | 919->920
+1 local | e80d7eecfda11dc8 | 18947 | GATE: OPEN | 919->920
+1 local | b4d910f96037d00d | 18948 | GATE: OPEN | 919->920
+1 local | 5e396e796a59afa1 | 18949 | GATE: OPEN | 919->920
+1 local | 0cd280833c5a9d30 | 18950 | GATE: OPEN | 919->920
+1 local | 79e40b0adc8cee00 | 18951 | GATE: OPEN | 919->920
+1 local | 8fd306a2f78e391b | 18952 | GATE: OPEN | 919->920
+1 local | f7f5eebc3f124f36 | 18953 | GATE: OPEN | 919->920
+1 local | f3b51b286f17a331 | 18954 | GATE: OPEN | 919->920
+1 local | adb58696eef46daf | 18955 | GATE: OPEN | 919->920
+1 local | 77817f25d0b40b87 | 18956 | GATE: OPEN | 919->920
+1 local | b9a3cc3922d76a72 | 18957 | GATE: OPEN | 919->920
+1 local | e8c4feb184831a43 | 18958 | GATE: OPEN | 919->920
+1 local | 142380e5e55681b7 | 18959 | GATE: OPEN | 919->920
+1 local | cb6d3e8a5f8673b3 | 18960 | GATE: OPEN | 919->920
+1 local | 6682b8706c04baae | 18961 | GATE: OPEN | 919->920
+1 local | fbff899aa62a0524 | 18962 | GATE: OPEN | 919->920
+1 local | 7bf46df392865550 | 18963 | GATE: OPEN | 919->920
+1 local | 4734874d59186c28 | 18964 | GATE: OPEN | 919->920
+1 local | efe3eb3c03feb3bb | 18965 | GATE: OPEN | 919->920
+1 local | 3ef3a20dbbce14fd | 18966 | GATE: OPEN | 919->920
+1 local | 0fbd2fb0c7462448 | 18967 | GATE: OPEN | 919->920
+1 local | b067f9e3b175d045 | 18968 | GATE: OPEN | 919->920
+1 local | 8cf6adef1cfd309c | 18969 | GATE: OPEN | 919->920
+1 local | 248a4428867eca94 | 18970 | GATE: OPEN | 919->920
+1 local | ee775c38d822f6c3 | 18971 | GATE: OPEN | 919->920
+1 local | 58a097b9922f2542 | 18972 | GATE: OPEN | 919->920
+1 local | ff85660b4dfae9e9 | 18973 | GATE: OPEN | 919->920
+1 local | 707c396cff41bc7c | 18974 | GATE: OPEN | 919->920
+1 local | 4fa4f30263b1e6c0 | 18975 | GATE: OPEN | 919->920
+1 local | 1fb9c627a602a35f | 18976 | GATE: OPEN | 919->920
+1 local | 77985ad546140c37 | 18977 | GATE: OPEN | 919->920
+1 local | b3b01e673005d3f3 | 18978 | GATE: OPEN | 919->920

[SOVEREIGN BUNDLE] 33 pulses -> 77M mesh in 1 packet | 2026-09-08T23:58:57.012Z
Hashes: e93e909b2e6b1964,e80d7eecfda11dc8,b4d910f96037d00d... +30 more
STATUS: SYNC_ACK | PARITY_OK | PULSE_CONFIRMED | NO FLOOD

+1 local | 44e5b323948a7539 | 18979 | GATE: OPEN | 919->920
+1 local | d6163486ad28ccf5 | 18980 | GATE: OPEN | 919->920
+1 local | d9eb11d25b188475 | 18981 | GATE: OPEN | 919->920
+1 local | c9a33bf39b0db167 | 18982 | GATE: OPEN | 919->920
+1 local | 9f369db2503d7dc8 | 18983 | GATE: OPEN | 919->920
+1 local | d245294487f61a98 | 18984 | GATE: OPEN | 919->920
+1 local | cd6e3476b675fbaf | 18985 | GATE: OPEN | 919->920
+1 local | 0a6ee7abf756f055 | 18986 | GATE: OPEN | 919->920
+1 local | 882bc0ddbbb18063 | 18987 | GATE: OPEN | 919->920
+1 local | d725dbc2ad198454 | 18988 | GATE: OPEN | 919->920
+1 local | 2de63ba90c00bb9f | 18989 | GATE: OPEN | 919->920
+1 local | 350396e64e5eb31b | 18990 | GATE: OPEN | 919->920
+1 local | 649196afc0e1eaf3 | 18991 | GATE: OPEN | 919->920
+1 local | 87d71f9eb2a421e8 | 18992 | GATE: OPEN | 919->920
+1 local | 976a8969f2e2efe0 | 18993 | GATE: OPEN | 919->920
+1 local | a02ecc5a17eca9df | 18994 | GATE: OPEN | 919->920
+1 local | 4bf85d25a74be195 | 104925 | GATE: OPEN | 919->920
+1 local | c6f5fb106d58c24b | 18995 | GATE: OPEN | 919->920
+1 local | c2994cf7ac018b6b | 104926 | GATE: OPEN | 919->920
+1 local | 702ba168e038c826 | 18996 | GATE: OPEN | 919->920
+1 local | 9e67551190eea177 | 104927 | GATE: OPEN | 919->920
+1 local | a6a1c21fec5122a9 | 18997 | GATE: OPEN | 919->920
+1 local | 88fc88a6d3f83897 | 104928 | GATE: OPEN | 919->920
+1 local | 565545f3ebabea72 | 18998 | GATE: OPEN | 919->920
+1 local | 1e73761012c07fc2 | 104929 | GATE: OPEN | 919->920
+1 local | 2c77c23ea99a4f9e | 18999 | GATE: OPEN | 919->920
+1 local | 96023dd4d71dab35 | 104930 | GATE: OPEN | 919->920
+1 local | 4df4669c9847ce5b | 19000 | GATE: OPEN | 919->920
+1 local | 0c142feef8785a02 | 104931 | GATE: OPEN | 919->920
+1 local | 40fe6bae171729aa | 19001 | GATE: OPEN | 919->920
+1 local | 4a60192ff78cafa7 | 104932 | GATE: OPEN | 919->920
+1 local | 8fb6a8ce65d4d534 | 19002 | GATE: OPEN | 919->920
+1 local | 1b06de03fd55aeeb | 104933 | GATE: OPEN | 919->920
+1 local | e5d64b2a380ff255 | 19003 | GATE: OPEN | 919->920
+1 local | 40615c3e54b05d08 | 104934 | GATE: OPEN | 919->920
+1 local | 148851e525bc8050 | 19004 | GATE: OPEN | 919->920
+1 local | d86a69dae60a7b94 | 104935 | GATE: OPEN | 919->920
+1 local | 7180e310666a22d9 | 19005 | GATE: OPEN | 919->920
+1 local | 7e4835ca4301f210 | 104936 | GATE: OPEN | 919->920
+1 local | 3c804c6f9ee3d26a | 19006 | GATE: OPEN | 919->920
+1 local | 8f071ed1d81f7946 | 104937 | GATE: OPEN | 919->920
+1 local | 3539b2e7696fa4b6 | 19007 | GATE: OPEN | 919->920
+1 local | ecbf202145b5dbdc | 104938 | GATE: OPEN | 919->920
+1 local | 6f7312e2bf0bc3d5 | 19008 | GATE: OPEN | 919->920
+1 local | 0068292adaaaa00f | 104939 | GATE: OPEN | 919->920
+1 local | ed4fb18f86578ded | 19009 | GATE: OPEN | 919->920
+1 local | 2eef2675ea6a37aa | 104940 | GATE: OPEN | 919->920
+1 local | 0f290e175788f61c | 19010 | GATE: OPEN | 919->920
+1 local | 4cb97ef300e8fc74 | 104941 | GATE: OPEN | 919->920
+1 local | 56d307761a28402a | 19011 | GATE: OPEN | 919->920

[SOVEREIGN BUNDLE] 33 pulses -> 77M mesh in 1 packet | 2026-09-08T23:59:27.378Z
Hashes: 44e5b323948a7539,d6163486ad28ccf5,d9eb11d25b188475... +30 more
STATUS: SYNC_ACK | PARITY_OK | PULSE_CONFIRMED | NO FLOOD

+1 local | 214aa256cd684fa7 | 104942 | GATE: OPEN | 919->920
+1 local | 38646b850c58679e | 19012 | GATE: OPEN | 919->920
+1 local | b8121dd85eec114a | 104943 | GATE: OPEN | 919->920
+1 local | 94f03363ac6b6020 | 19013 | GATE: OPEN | 919->920
+1 local | 37f7037b8a3ca4c6 | 104944 | GATE: OPEN | 919->920
+1 local | 6b4c0c1380989ed8 | 19014 | GATE: OPEN | 919->920
+1 local | 197356968cb31739 | 104945 | GATE: OPEN | 919->920
+1 local | 88105fb39a4c4430 | 19015 | GATE: OPEN | 919->920
+1 local | 1b246deac096c5bf | 104946 | GATE: OPEN | 919->920
+1 local | e2bf7f1d256a7ba5 | 19016 | GATE: OPEN | 919->920
+1 local | 62fff4985a1ee3d0 | 104947 | GATE: OPEN | 919->920
+1 local | a1d55ea17363ea57 | 19017 | GATE: OPEN | 919->920
+1 local | cf7ea1cc31463c4f | 104948 | GATE: OPEN | 919->920
+1 local | 5e49fdac2b3dd147 | 19018 | GATE: OPEN | 919->920
+1 local | 10c66d9c7a8a0db3 | 104949 | GATE: OPEN | 919->920
+1 local | 41fb7266a3d0bb2e | 19019 | GATE: OPEN | 919->920
+1 local | b410b982abda795d | 104950 | GATE: OPEN | 919->920
+1 local | 82ca0293def1cd70 | 19020 | GATE: OPEN | 919->920
+1 local | 29bc6caf187ee3fd | 104951 | GATE: OPEN | 919->920
+1 local | 181db4dc00a4531d | 19021 | GATE: OPEN | 919->920
+1 local | 0f0e579f17940bc1 | 104952 | GATE: OPEN | 919->920
+1 local | 85b4e2ab1e32b07a | 19022 | GATE: OPEN | 919->920
+1 local | 231b3ccac27c1c4a | 104953 | GATE: OPEN | 919->920
+1 local | 394f1e7f7369f0a5 | 19023 | GATE: OPEN | 919->920
+1 local | 27ba79c1b9866e17 | 104954 | GATE: OPEN | 919->920
+1 local | 76fb012bb2ed946a | 19024 | GATE: OPEN | 919->920
+1 local | 2105a3dbb8d211c4 | 104955 | GATE: OPEN | 919->920
+1 local | 804ca11ce74baaa0 | 19025 | GATE: OPEN | 919->920
+1 local | 000e6e84332ae86f | 104956 | GATE: OPEN | 919->920
+1 local | 4855ea2a2d9042c0 | 19026 | GATE: OPEN | 919->920
+1 local | ad2079c76fe6aa44 | 104957 | GATE: OPEN | 919->920

[SOVEREIGN BUNDLE] 33 -> 77M mesh | 2026-09-08T23:59:41.280Z
STATUS: SYNC_ACK | PARITY_OK | NO FLOOD

+1 local | b65434a148e4f4e2 | 19027 | GATE: OPEN | 919->920
+1 local | 7897f59b5dc8631f | 104958 | GATE: OPEN | 919->920
+1 local | 3bb30fa504ebd78e | 19028 | GATE: OPEN | 919->920
+1 local | 21d4a5c1fb249e08 | 104959 | GATE: OPEN | 919->920
+1 local | fa0039ac6a16c3c7 | 19029 | GATE: OPEN | 919->920
+1 local | c189daf88f86d01a | 104960 | GATE: OPEN | 919->920
+1 local | 99169e1c89ebbff7 | 19030 | GATE: OPEN | 919->920
+1 local | 2c4c1a5df3bc2fac | 104961 | GATE: OPEN | 919->920
+1 local | 510d914b3c923c0c | 19031 | GATE: OPEN | 919->920
+1 local | b2cd527118bf2870 | 104962 | GATE: OPEN | 919->920
+1 local | 8af250c1a5b9c860 | 19032 | GATE: OPEN | 919->920
+1 local | c3ff5385d0f74be1 | 104963 | GATE: OPEN | 919->920
+1 local | 33efa6e60e622756 | 19033 | GATE: OPEN | 919->920
+1 local | 37f8e63c763fbb31 | 104964 | GATE: OPEN | 919->920
+1 local | e69031c0426c0592 | 19034 | GATE: OPEN | 919->920
+1 local | bd328edd8c4c5b96 | 104965 | GATE: OPEN | 919->920
+1 local | 904345c8b5654d59 | 19035 | GATE: OPEN | 919->920
+1 local | 4830ba50156551d8 | 104966 | GATE: OPEN | 919->920
+1 local | db8eadc3b9fcac68 | 19036 | GATE: OPEN | 919->920
+1 local | 3df6fd69ba8cc9fa | 104967 | GATE: OPEN | 919->920
+1 local | 24df9b32541d04a0 | 19037 | GATE: OPEN | 919->920
+1 local | f83835e255e9ad83 | 104968 | GATE: OPEN | 919->920
+1 local | e4b7a209fe381927 | 19038 | GATE: OPEN | 919->920
+1 local | 1c7f0c5c4561d6a2 | 104969 | GATE: OPEN | 919->920
+1 local | 57d60ffd457891de | 19039 | GATE: OPEN | 919->920
+1 local | bc8029df72cdb4e6 | 104970 | GATE: OPEN | 919->920
+1 local | 1e1651c11d4980bb | 19040 | GATE: OPEN | 919->920
+1 local | c3df48e1ba9e1f08 | 104971 | GATE: OPEN | 919->920
+1 local | 112fdffcb83f1950 | 19041 | GATE: OPEN | 919->920
+1 local | 03f92eb3184ea76e | 104972 | GATE: OPEN | 919->920
+1 local | 3fc04c69f2baf1fe | 19042 | GATE: OPEN | 919->920
+1 local | df0072acb49970dd | 104973 | GATE: OPEN | 919->920
+1 local | c8f424ed960de76a | 19043 | GATE: OPEN | 919->920
+1 local | 2fba2713c3c0715b | 104974 | GATE: OPEN | 919->920
+1 local | f02481fba44d09e3 | 19044 | GATE: OPEN | 919->920

[SOVEREIGN BUNDLE] 33 pulses -> 77M mesh in 1 packet | 2026-09-08T23:59:57.894Z
Hashes: 38646b850c58679e,94f03363ac6b6020,6b4c0c1380989ed8... +30 more
STATUS: SYNC_ACK | PARITY_OK | PULSE_CONFIRMED | NO FLOOD

+1 local | f0c47235e9b6fa55 | 104975 | GATE: OPEN | 919->920
+1 local | a6907a339608a07f | 19045 | GATE: OPEN | 919->920
+1 local | a0389ab3865d92b7 | 104976 | GATE: OPEN | 919->920
+1 local | dcf6ac8fb91abdeb | 19046 | GATE: OPEN | 919->920
+1 local | 27c59c4fe0cc97b3 | 104977 | GATE: OPEN | 919->920
+1 local | f250f2546dd68a09 | 19047 | GATE: OPEN | 919->920
+1 local | 75767182034f5d63 | 104978 | GATE: OPEN | 919->920
+1 local | b3b51b79beb8b122 | 19048 | GATE: OPEN | 919->920
+1 local | b85eca35cb3a3e03 | 104979 | GATE: OPEN | 919->920
+1 local | 60effb04bd19c108 | 19049 | GATE: OPEN | 919->920
+1 local | 8f238923efbc5cda | 104980 | GATE: OPEN | 919->920
+1 local | 173e80755d6bb3f6 | 19050 | GATE: OPEN | 919->920
+1 local | 83a961c38f6d7988 | 104981 | GATE: OPEN | 919->920
+1 local | 6dc1aad33f349b18 | 19051 | GATE: OPEN | 919->920
+1 local | 4d781eaa9d69a8d1 | 104982 | GATE: OPEN | 919->920
+1 local | 7ec5b81e461602a6 | 19052 | GATE: OPEN | 919->920
+1 local | b62b506f8058c533 | 104983 | GATE: OPEN | 919->920
+1 local | 3d639a5e9bf764f4 | 19053 | GATE: OPEN | 919->920
+1 local | a8602dbcf03db41a | 104984 | GATE: OPEN | 919->920
+1 local | 099194eea1931800 | 19054 | GATE: OPEN | 919->920
+1 local | e2b27f2aa918b590 | 104985 | GATE: OPEN | 919->920
+1 local | a768f64fadddd0d6 | 19055 | GATE: OPEN | 919->920
+1 local | 74ca8a4343cf3d2b | 104986 | GATE: OPEN | 919->920
+1 local | ab801e74b2ba9abf | 19056 | GATE: OPEN | 919->920
+1 local | 8a2b12289b096fb1 | 104987 | GATE: OPEN | 919->920
+1 local | 9d10b39c16f970ee | 19057 | GATE: OPEN | 919->920
+1 local | 6d05726abc292d2e | 104988 | GATE: OPEN | 919->920
+1 local | 74c0ab23b3f2d81b | 19058 | GATE: OPEN | 919->920
+1 local | bdf6a71cd396d3d7 | 104989 | GATE: OPEN | 919->920
+1 local | dde4d61c2e51599b | 19059 | GATE: OPEN | 919->920
+1 local | 12e9e1068c890337 | 104990 | GATE: OPEN | 919->920

[SOVEREIGN BUNDLE] 33 -> 77M mesh | 2026-09-09T00:00:11.808Z
STATUS: SYNC_ACK | PARITY_OK | NO FLOOD

+1 local | e18582289d390b14 | 19060 | GATE: OPEN | 919->920
+1 local | cd329a0bb1d52638 | 104991 | GATE: OPEN | 919->920
+1 local | de03f602f82595a7 | 19061 | GATE: OPEN | 919->920
+1 local | 717152481065abce | 104992 | GATE: OPEN | 919->920
+1 local | c3601c0252feb0e9 | 19062 | GATE: OPEN | 919->920
+1 local | c8ef593369b3285d | 104993 | GATE: OPEN | 919->920
+1 local | a30abbc5d5bea6c2 | 19063 | GATE: OPEN | 919->920
+1 local | 350486568c13ce04 | 104994 | GATE: OPEN | 919->920
+1 local | 2c72f377596fa6b5 | 19064 | GATE: OPEN | 919->920
+1 local | ac32678dbfb9bc92 | 104995 | GATE: OPEN | 919->920
+1 local | a751416d7fefa1d9 | 19065 | GATE: OPEN | 919->920
+1 local | bd6619160bee7fa2 | 104996 | GATE: OPEN | 919->920
+1 local | 1f53e6e25827a923 | 19066 | GATE: OPEN | 919->920
+1 local | 3bf29cc4e10621dc | 104997 | GATE: OPEN | 919->920
+1 local | 1d06527b4cfc7e8f | 19067 | GATE: OPEN | 919->920
+1 local | 446f9f8c54ccc62b | 104998 | GATE: OPEN | 919->920
+1 local | e7bfbaa22b4618ae | 19068 | GATE: OPEN | 919->920
+1 local | 627f794caa7235ad | 104999 | GATE: OPEN | 919->920
+1 local | 94b048ca3ad9fb51 | 19069 | GATE: OPEN | 919->920
+1 local | 8838f01d60f6c174 | 105000 | GATE: OPEN | 919->920
+1 local | dce1b67b2662ab38 | 19070 | GATE: OPEN | 919->920
+1 local | e7040b72052bada1 | 105001 | GATE: OPEN | 919->920
+1 local | e04bc7fabe4db13c | 19071 | GATE: OPEN | 919->920
+1 local | b366fc7a6af6cbf9 | 105002 | GATE: OPEN | 919->920
+1 local | f9fb6e87c046c3fc | 19072 | GATE: OPEN | 919->920
+1 local | 7e25ce01eeffbbe5 | 105003 | GATE: OPEN | 919->920
+1 local | 604313d28adffb82 | 19073 | GATE: OPEN | 919->920
+1 local | f59779e0b8f25338 | 105004 | GATE: OPEN | 919->920
+1 local | 638657666c3b25cb | 19074 | GATE: OPEN | 919->920
+1 local | 83d9f06f8c48331d | 105005 | GATE: OPEN | 919->920
+1 local | 6566db24d97a917e | 19075 | GATE: OPEN | 919->920
+1 local | e1cc55f8361b1e68 | 105006 | GATE: OPEN | 919->920
+1 local | e9d4231b971348b7 | 19076 | GATE: OPEN | 919->920
+1 local | 55a8b5deeeedf34c | 105007 | GATE: OPEN | 919->920
+1 local | 79f68ff491f36351 | 19077 | GATE: OPEN | 919->920

[SOVEREIGN BUNDLE] 33 pulses -> 77M mesh in 1 packet | 2026-09-09T00:00:28.420Z
Hashes: a6907a339608a07f,dcf6ac8fb91abdeb,f250f2546dd68a09... +30 more
STATUS: SYNC_ACK | PARITY_OK | PULSE_CONFIRMED | NO FLOOD

+1 local | 37b83463ac02c3dd | 105008 | GATE: OPEN | 919->920
+1 local | fa573f865a1a0d19 | 19078 | GATE: OPEN | 919->920
+1 local | 57358b98891aeb5c | 105009 | GATE: OPEN | 919->920
+1 local | aee6439a8777ff8c | 19079 | GATE: OPEN | 919->920
+1 local | be45f9c631d20700 | 105010 | GATE: OPEN | 919->920
+1 local | 9543604a7d491c23 | 19080 | GATE: OPEN | 919->920
+1 local | b568506a9b1f4031 | 105011 | GATE: OPEN | 919->920
+1 local | 367eb6d8780db360 | 19081 | GATE: OPEN | 919->920
+1 local | 92fcc741b03d9ef7 | 105012 | GATE: OPEN | 919->920
+1 local | 7baae88d57c362fe | 19082 | GATE: OPEN | 919->920
+1 local | 584aa12f4a2c9542 | 105013 | GATE: OPEN | 919->920
+1 local | 6d4ad788ef83895d | 19083 | GATE: OPEN | 919->920
+1 local | e31b02147d625acd | 105014 | GATE: OPEN | 919->920
+1 local | dd13425db19d6ce8 | 19084 | GATE: OPEN | 919->920
+1 local | 4424190c47253122 | 105015 | GATE: OPEN | 919->920
+1 local | 70449dc933b6056b | 19085 | GATE: OPEN | 919->920
+1 local | 291cb5f8b534230a | 105016 | GATE: OPEN | 919->920
+1 local | e1c3b1b30d691b9c | 19086 | GATE: OPEN | 919->920
+1 local | cfaaeb63c8ff8d97 | 105017 | GATE: OPEN | 919->920
+1 local | a63aea992a4582ea | 19087 | GATE: OPEN | 919->920
+1 local | 0c59fc56fe0409b2 | 105018 | GATE: OPEN | 919->920
+1 local | 60f6a75e1fd56d0a | 19088 | GATE: OPEN | 919->920
+1 local | 2ef017863501a413 | 105019 | GATE: OPEN | 919->920
+1 local | f9cd1e07b4a9161a | 19089 | GATE: OPEN | 919->920
+1 local | ecfe15d3d3919166 | 105020 | GATE: OPEN | 919->920
+1 local | a55420c7c096178e | 19090 | GATE: OPEN | 919->920
+1 local | 92763f6b2468580d | 105021 | GATE: OPEN | 919->920
+1 local | 1bdb1b2d5001286d | 19091 | GATE: OPEN | 919->920
+1 local | 1195a6e5260744ef | 105022 | GATE: OPEN | 919->920
+1 local | 9446a3ce6122d3cd | 19092 | GATE: OPEN | 919->920
+1 local | d88cd76332da53d3 | 105023 | GATE: OPEN | 919->920

[SOVEREIGN BUNDLE] 33 -> 77M mesh | 2026-09-09T00:00:42.314Z
STATUS: SYNC_ACK | PARITY_OK | NO FLOOD

+1 local | e2627ed1b755856e | 19093 | GATE: OPEN | 919->920
+1 local | 726617b9f93be79a | 105024 | GATE: OPEN | 919->920
+1 local | db5e977d70f6c039 | 19094 | GATE: OPEN | 919->920
+1 local | 503883f9a02be9c4 | 105025 | GATE: OPEN | 919->920
+1 local | 4a55c9bf91245c1e | 19095 | GATE: OPEN | 919->920
+1 local | 7b59a90ee0a0f117 | 105026 | GATE: OPEN | 919->920
+1 local | e266021b349c7a65 | 19096 | GATE: OPEN | 919->920
+1 local | a7284ab7b6e5cd70 | 105027 | GATE: OPEN | 919->920
+1 local | 9f6b18dd1ca50921 | 19097 | GATE: OPEN | 919->920
+1 local | bc938bf5d4497b52 | 105028 | GATE: OPEN | 919->920
+1 local | f5bd708f38a39a91 | 19098 | GATE: OPEN | 919->920
+1 local | 1016e84821d7e89b | 105029 | GATE: OPEN | 919->920
+1 local | 97413c61a1e94a1f | 19099 | GATE: OPEN | 919->920
+1 local | 0d70c80de981713f | 105030 | GATE: OPEN | 919->920
+1 local | 331c7366e4626c92 | 19100 | GATE: OPEN | 919->920
+1 local | 28212823defc7cd9 | 105031 | GATE: OPEN | 919->920
+1 local | 5dbfabce96aeed49 | 19101 | GATE: OPEN | 919->920
+1 local | f97a0aee4e5246cc | 105032 | GATE: OPEN | 919->920
+1 local | 29a5ab987704e402 | 19102 | GATE: OPEN | 919->920
+1 local | 6c08d4b714829296 | 105033 | GATE: OPEN | 919->920
+1 local | a1d556fce62e9e66 | 19103 | GATE: OPEN | 919->920
+1 local | e350ec53adf5ca94 | 105034 | GATE: OPEN | 919->920
+1 local | 9c349ca1d63ad092 | 19104 | GATE: OPEN | 919->920
+1 local | bac070a1bf8781ff | 105035 | GATE: OPEN | 919->920
+1 local | cf6dda7d7d19098a | 19105 | GATE: OPEN | 919->920
+1 local | 6a0013288c541c0a | 105036 | GATE: OPEN | 919->920
+1 local | 985d2c9d0d69ac5b | 19106 | GATE: OPEN | 919->920
+1 local | 071dbd72dd09a94e | 105037 | GATE: OPEN | 919->920
+1 local | 95f3d85430a227ab | 19107 | GATE: OPEN | 919->920
+1 local | 88bc0c1c25118df4 | 105038 | GATE: OPEN | 919->920
+1 local | fee52646e3acc887 | 19108 | GATE: OPEN | 919->920
+1 local | 92b23c91277a915e | 105039 | GATE: OPEN | 919->920
+1 local | ab3c1f3334db60e6 | 19109 | GATE: OPEN | 919->920
+1 local | f736fb0e95620183 | 105040 | GATE: OPEN | 919->920
+1 local | 06d753e6d6995ea6 | 19110 | GATE: OPEN | 919->920

[SOVEREIGN BUNDLE] 33 pulses -> 77M mesh in 1 packet | 2026-09-09T00:00:58.951Z
Hashes: fa573f865a1a0d19,aee6439a8777ff8c,9543604a7d491c23... +30 more
STATUS: SYNC_ACK | PARITY_OK | PULSE_CONFIRMED | NO FLOOD

+1 local | 178f49fc757baa62 | 105041 | GATE: OPEN | 919->920
+1 local | 4faf22152f4a1160 | 19111 | GATE: OPEN | 919->920
+1 local | 3e186c03dee60dd9 | 105042 | GATE: OPEN | 919->920
+1 local | bcbf72200d7e4dbe | 19112 | GATE: OPEN | 919->920
+1 local | 415c72289eb87d5e | 105043 | GATE: OPEN | 919->920
+1 local | 290ad5a34f016a4d | 19113 | GATE: OPEN | 919->920
+1 local | 2b20702a0c098418 | 105044 | GATE: OPEN | 919->920
+1 local | aec8bb32d430b494 | 19114 | GATE: OPEN | 919->920
+1 local | d6f72f9e612d2728 | 105045 | GATE: OPEN | 919->920
+1 local | 5f027e3356121169 | 19115 | GATE: OPEN | 919->920
+1 local | 677cf753c2370c94 | 105046 | GATE: OPEN | 919->920
+1 local | 7dc2c20ea16ee3e3 | 19116 | GATE: OPEN | 919->920
+1 local | 9b6bcbcee6a7d03c | 105047 | GATE: OPEN | 919->920
+1 local | 9e9fc56b48d065f5 | 19117 | GATE: OPEN | 919->920
+1 local | 09be26c618993a02 | 105048 | GATE: OPEN | 919->920
+1 local | 4fca3e603d756a8a | 19118 | GATE: OPEN | 919->920
+1 local | 4573f71f6ad4c617 | 105049 | GATE: OPEN | 919->920
+1 local | 6163da962c793731 | 19119 | GATE: OPEN | 919->920
+1 local | 401c28642e9d0284 | 105050 | GATE: OPEN | 919->920
+1 local | bb556cc62b03353a | 19120 | GATE: OPEN | 919->920
+1 local | 784705f29132c719 | 105051 | GATE: OPEN | 919->920
+1 local | cecbe6798071b3f9 | 19121 | GATE: OPEN | 919->920
+1 local | adb1235f0224ffdd | 105052 | GATE: OPEN | 919->920
+1 local | 6bb03bb1261c5392 | 19122 | GATE: OPEN | 919->920
+1 local | fe53a235ce9d4ece | 105053 | GATE: OPEN | 919->920
+1 local | 1663780a04311a06 | 19123 | GATE: OPEN | 919->920
+1 local | 9b75a75ce9fb037e | 105054 | GATE: OPEN | 919->920
+1 local | b072f868945f1a87 | 19124 | GATE: OPEN | 919->920
+1 local | b7ca9b3bede90b55 | 105055 | GATE: OPEN | 919->920
+1 local | 8425897474add457 | 19125 | GATE: OPEN | 919->920
+1 local | 9711955a9aa6b88f | 105056 | GATE: OPEN | 919->920

[SOVEREIGN BUNDLE] 33 -> 77M mesh | 2026-09-09T00:01:12.868Z
STATUS: SYNC_ACK | PARITY_OK | NO FLOOD

+1 local | 2b5a2d1b7e932533 | 19126 | GATE: OPEN | 919->920
+1 local | b10881a64e480208 | 105057 | GATE: OPEN | 919->920
+1 local | a7f501a2b54ebf47 | 19127 | GATE: OPEN | 919->920
+1 local | e0183a1574e0fc41 | 105058 | GATE: OPEN | 919->920
+1 local | 6f2b9334234fc13a | 19128 | GATE: OPEN | 919->920
+1 local | a28a99da2fba0b02 | 105059 | GATE: OPEN | 919->920
+1 local | be947efc9f1df58d | 19129 | GATE: OPEN | 919->920
+1 local | 9c71f3cd2df1ddde | 105060 | GATE: OPEN | 919->920
+1 local | 407a0acca3646ead | 19130 | GATE: OPEN | 919->920
+1 local | 59a3c9888d1fc85a | 105061 | GATE: OPEN | 919->920
+1 local | 97d0e37c3f653067 | 19131 | GATE: OPEN | 919->920
+1 local | 5daa28b83f961efb | 105062 | GATE: OPEN | 919->920
+1 local | 715b5ba58912d083 | 19132 | GATE: OPEN | 919->920
+1 local | bf72709e1cd5440a | 105063 | GATE: OPEN | 919->920
+1 local | 0efefa6e8920ee9a | 19133 | GATE: OPEN | 919->920
+1 local | 893019d148fd4fff | 105064 | GATE: OPEN | 919->920
+1 local | 3deac369849e6b37 | 19134 | GATE: OPEN | 919->920
+1 local | 6bbd363d075ad9be | 105065 | GATE: OPEN | 919->920
+1 local | d8e2fb47c5044f75 | 19135 | GATE: OPEN | 919->920
+1 local | 05cea2c1f9faefb4 | 105066 | GATE: OPEN | 919->920
+1 local | f55a4c7396b7f7a5 | 19136 | GATE: OPEN | 919->920
+1 local | 72b06ef38ed13466 | 105067 | GATE: OPEN | 919->920
+1 local | f430c32ded041fb2 | 19137 | GATE: OPEN | 919->920
+1 local | 8aac69b5ad1811ed | 105068 | GATE: OPEN | 919->920
+1 local | dce02fb90dd1f217 | 19138 | GATE: OPEN | 919->920
+1 local | f98560c032884fdc | 105069 | GATE: OPEN | 919->920
+1 local | 20fa2e3df8c658be | 19139 | GATE: OPEN | 919->920
+1 local | 7a6b4538f275d287 | 105070 | GATE: OPEN | 919->920
+1 local | 917b94821ae16304 | 19140 | GATE: OPEN | 919->920
+1 local | a08002f9a6a8d058 | 105071 | GATE: OPEN | 919->920
+1 local | 1ca2cec893d83330 | 19141 | GATE: OPEN | 919->920
+1 local | b8b5be79100d6375 | 105072 | GATE: OPEN | 919->920
+1 local | 65061396007043ce | 19142 | GATE: OPEN | 919->920
+1 local | 120f87a309d5667d | 105073 | GATE: OPEN | 919->920
+1 local | cd331ac87f2235e3 | 19143 | GATE: OPEN | 919->920

[SOVEREIGN BUNDLE] 33 pulses -> 77M mesh in 1 packet | 2026-09-09T00:01:29.479Z
Hashes: 4faf22152f4a1160,bcbf72200d7e4dbe,290ad5a34f016a4d... +30 more
STATUS: SYNC_ACK | PARITY_OK | PULSE_CONFIRMED | NO FLOOD

+1 local | ac4451531178cb55 | 105074 | GATE: OPEN | 919->920
+1 local | 38221aa7be0ed4dd | 19144 | GATE: OPEN | 919->920
+1 local | e742ed7f50703742 | 105075 | GATE: OPEN | 919->920
+1 local | 5d45c84bebf527df | 19145 | GATE: OPEN | 919->920
+1 local | d5b3b3203c9748c6 | 105076 | GATE: OPEN | 919->920
+1 local | f525ce126b9712ca | 19146 | GATE: OPEN | 919->920
+1 local | fb932a81afe96828 | 105077 | GATE: OPEN | 919->920
+1 local | 5c8034be6b47c0b8 | 19147 | GATE: OPEN | 919->920
+1 local | 4736a75a9508bf69 | 105078 | GATE: OPEN | 919->920
+1 local | 2ba034e2c66f28da | 19148 | GATE: OPEN | 919->920
+1 local | df2f6b86f2e4f0fa | 105079 | GATE: OPEN | 919->920
+1 local | 68d2b49f62f9c9d6 | 19149 | GATE: OPEN | 919->920
+1 local | 47822a98c0f708a6 | 105080 | GATE: OPEN | 919->920
+1 local | e09a07c51c7c26fc | 19150 | GATE: OPEN | 919->920
+1 local | 2f288b93b2238f2a | 105081 | GATE: OPEN | 919->920
+1 local | d13158ce2911af77 | 19151 | GATE: OPEN | 919->920
+1 local | 1e5779c48c975b4a | 105082 | GATE: OPEN | 919->920
+1 local | c8c3a9077b4a11aa | 19152 | GATE: OPEN | 919->920
+1 local | 60138a03d3016d38 | 105083 | GATE: OPEN | 919->920
+1 local | 880bbe70052e184b | 19153 | GATE: OPEN | 919->920
+1 local | eb5ceb8451e9d59f | 105084 | GATE: OPEN | 919->920
+1 local | 6eb2c4e402f3ad5e | 19154 | GATE: OPEN | 919->920
+1 local | 81f9407a10613d17 | 105085 | GATE: OPEN | 919->920
+1 local | 71bd00a981374efd | 19155 | GATE: OPEN | 919->920
+1 local | 24a9eb1ccc475b74 | 105086 | GATE: OPEN | 919->920
+1 local | 23ed80ee21da97d8 | 19156 | GATE: OPEN | 919->920
+1 local | 01873c04c37c0e71 | 105087 | GATE: OPEN | 919->920
+1 local | 4d9cdb416de40e4e | 19157 | GATE: OPEN | 919->920
+1 local | 99b1d23e9276cf69 | 105088 | GATE: OPEN | 919->920
+1 local | 8e6501938a73d703 | 19158 | GATE: OPEN | 919->920
+1 local | 938d253474cd9c92 | 105089 | GATE: OPEN | 919->920

[SOVEREIGN BUNDLE] 33 -> 77M mesh | 2026-09-09T00:01:43.384Z
STATUS: SYNC_ACK | PARITY_OK | NO FLOOD

+1 local | f83ad6012b91e413 | 19159 | GATE: OPEN | 919->920
+1 local | 5590015ff7677c59 | 105090 | GATE: OPEN | 919->920
+1 local | 2f6ba11ff26f38eb | 19160 | GATE: OPEN | 919->920
+1 local | 8d505fd358544e47 | 105091 | GATE: OPEN | 919->920
+1 local | 2ceedd609a48e8a0 | 19161 | GATE: OPEN | 919->920
+1 local | f67d987b3fe90960 | 105092 | GATE: OPEN | 919->920
+1 local | 0a49f68006388703 | 19162 | GATE: OPEN | 919->920
+1 local | 65bc73ac0800fb75 | 105093 | GATE: OPEN | 919->920
+1 local | 636b468037b622c8 | 19163 | GATE: OPEN | 919->920
+1 local | 61b9e03731412df9 | 105094 | GATE: OPEN | 919->920
+1 local | e8caeca5a3075d40 | 19164 | GATE: OPEN | 919->920
+1 local | 78e9b0b16c8d2eb3 | 105095 | GATE: OPEN | 919->920
+1 local | bff34078b00ff3f3 | 19165 | GATE: OPEN | 919->920
+1 local | ac9bf977d8843891 | 105096 | GATE: OPEN | 919->920
+1 local | 0127b7c753364c50 | 19166 | GATE: OPEN | 919->920
+1 local | 7a7ae95f422c355b | 105097 | GATE: OPEN | 919->920
+1 local | 4c59a2de713a68ec | 19167 | GATE: OPEN | 919->920
+1 local | eed065afa930bfd6 | 105098 | GATE: OPEN | 919->920
+1 local | 31de59d816bdb14d | 19168 | GATE: OPEN | 919->920
+1 local | cc8eefc51010fd81 | 105099 | GATE: OPEN | 919->920
+1 local | 4ee3887ed1ea030a | 19169 | GATE: OPEN | 919->920
+1 local | b0de63fd6441a5eb | 105100 | GATE: OPEN | 919->920
+1 local | 8370653e8642295b | 19170 | GATE: OPEN | 919->920
+1 local | 2487218cc2b1b70a | 105101 | GATE: OPEN | 919->920
+1 local | 204d101a33f2a2d7 | 19171 | GATE: OPEN | 919->920
+1 local | e8c57d07c934a376 | 105102 | GATE: OPEN | 919->920
+1 local | 0695c3e8cf1cc9d0 | 19172 | GATE: OPEN | 919->920
+1 local | ed71a8a20e50edcb | 105103 | GATE: OPEN | 919->920
+1 local | b5fe7e56902790c4 | 19173 | GATE: OPEN | 919->920
+1 local | 782e7f244a890f3e | 105104 | GATE: OPEN | 919->920
+1 local | aa345c22f7a17465 | 19174 | GATE: OPEN | 919->920
+1 local | e9c0864a18c9ba33 | 105105 | GATE: OPEN | 919->920
+1 local | 122c0d9340fd5f23 | 19175 | GATE: OPEN | 919->920
+1 local | b216b9fcd12d53ad | 105106 | GATE: OPEN | 919->920
+1 local | b96c1608b6d416f0 | 19176 | GATE: OPEN | 919->920

[SOVEREIGN BUNDLE] 33 pulses -> 77M mesh in 1 packet | 2026-09-09T00:01:59.991Z
Hashes: 38221aa7be0ed4dd,5d45c84bebf527df,f525ce126b9712ca... +30 more
STATUS: SYNC_ACK | PARITY_OK | PULSE_CONFIRMED | NO FLOOD

+1 local | 6740c7f614750242 | 105107 | GATE: OPEN | 919->920
+1 local | 10c71253abb8dd53 | 19177 | GATE: OPEN | 919->920
+1 local | b612c1bcb3839220 | 105108 | GATE: OPEN | 919->920
+1 local | e567ba3c6ccc9244 | 19178 | GATE: OPEN | 919->920
+1 local | f88e991a7e9253cf | 105109 | GATE: OPEN | 919->920
+1 local | b061c49f6e841ac1 | 19179 | GATE: OPEN | 919->920
+1 local | c09606f657c096f9 | 105110 | GATE: OPEN | 919->920
+1 local | b420304a8930217e | 19180 | GATE: OPEN | 919->920
+1 local | e59376cef2de9cee | 105111 | GATE: OPEN | 919->920
+1 local | 0585ee95603ae990 | 19181 | GATE: OPEN | 919->920
+1 local | 98e7413949995697 | 105112 | GATE: OPEN | 919->920
+1 local | 6667f71a7158de9e | 19182 | GATE: OPEN | 919->920
+1 local | 89c89a7f86a08387 | 105113 | GATE: OPEN | 919->920
+1 local | 7d3c1bb553b63f02 | 19183 | GATE: OPEN | 919->920
+1 local | 063d12b0f96359e3 | 105114 | GATE: OPEN | 919->920
+1 local | 84491765a5930731 | 19184 | GATE: OPEN | 919->920
+1 local | e88d3a7cbe192dd4 | 105115 | GATE: OPEN | 919->920
+1 local | 042ff7839a0c16a6 | 19185 | GATE: OPEN | 919->920
+1 local | 119c91e493f9d255 | 105116 | GATE: OPEN | 919->920
+1 local | c722c40b6829f525 | 19186 | GATE: OPEN | 919->920
+1 local | 40d68f32dffc0ac3 | 105117 | GATE: OPEN | 919->920
+1 local | ee0126bf6852e162 | 19187 | GATE: OPEN | 919->920
+1 local | b5fc1468cab9ece7 | 105118 | GATE: OPEN | 919->920
+1 local | 9b9636605d56de72 | 19188 | GATE: OPEN | 919->920
+1 local | d09382afe9ad88ce | 105119 | GATE: OPEN | 919->920
+1 local | 40291034f06a5155 | 19189 | GATE: OPEN | 919->920
+1 local | ce4d0e864b64d1ce | 105120 | GATE: OPEN | 919->920
+1 local | 5675bee4989d8c07 | 19190 | GATE: OPEN | 919->920
+1 local | 28ac319c4f6939e5 | 105121 | GATE: OPEN | 919->920
+1 local | 4ebd9fbd176d70ca | 19191 | GATE: OPEN | 919->920
+1 local | 8da06be76665e986 | 105122 | GATE: OPEN | 919->920

[SOVEREIGN BUNDLE] 33 -> 77M mesh | 2026-09-09T00:02:13.894Z
STATUS: SYNC_ACK | PARITY_OK | NO FLOOD

+1 local | 5056a212e101a085 | 19192 | GATE: OPEN | 919->920
+1 local | 7b4e40024c2c4054 | 105123 | GATE: OPEN | 919->920
+1 local | 24244524d91a7fcf | 19193 | GATE: OPEN | 919->920
+1 local | 9f2376bcc6f1dcbb | 105124 | GATE: OPEN | 919->920
+1 local | db7bb4db5f2015a4 | 19194 | GATE: OPEN | 919->920
+1 local | 95c7948eb53a5a01 | 105125 | GATE: OPEN | 919->920
+1 local | 514993d33e8b8376 | 19195 | GATE: OPEN | 919->920
+1 local | 95feb60a51a09a9b | 105126 | GATE: OPEN | 919->920
+1 local | 2fb682d6adebe61b | 19196 | GATE: OPEN | 919->920
+1 local | 3cb96893888e6a17 | 105127 | GATE: OPEN | 919->920
+1 local | aa0d3b35793c96f9 | 19197 | GATE: OPEN | 919->920
+1 local | 457973d9fa0e0bec | 105128 | GATE: OPEN | 919->920
+1 local | 736f97fc79cffc5b | 19198 | GATE: OPEN | 919->920
+1 local | 28f670cb1b2caf93 | 105129 | GATE: OPEN | 919->920
+1 local | dc807c61d4e50ad4 | 19199 | GATE: OPEN | 919->920
+1 local | 5da4af3a100a1664 | 105130 | GATE: OPEN | 919->920
+1 local | 5db415bb2c680b7e | 19200 | GATE: OPEN | 919->920
+1 local | f4b5facf8cdaf42f | 105131 | GATE: OPEN | 919->920
+1 local | 948f929fe5175d4f | 19201 | GATE: OPEN | 919->920
+1 local | 8301974efe609c78 | 105132 | GATE: OPEN | 919->920
+1 local | af6d11b3e6041f00 | 19202 | GATE: OPEN | 919->920
+1 local | bf35b991fc6cf3ac | 105133 | GATE: OPEN | 919->920
+1 local | dea278b7d50b84de | 19203 | GATE: OPEN | 919->920
+1 local | 7fb8c2b33c5940b6 | 105134 | GATE: OPEN | 919->920
+1 local | 603306e29fff5511 | 19204 | GATE: OPEN | 919->920
+1 local | 10bd58352b6e8deb | 105135 | GATE: OPEN | 919->920
+1 local | 24269e10aebb0111 | 19205 | GATE: OPEN | 919->920
+1 local | 95e0486ba61b2fbd | 105136 | GATE: OPEN | 919->920
+1 local | 92863ccb8cdff99c | 19206 | GATE: OPEN | 919->920
+1 local | e527668ffc55ff04 | 105137 | GATE: OPEN | 919->920
+1 local | 8b4c2193c7f75da7 | 19207 | GATE: OPEN | 919->920
+1 local | 7b51305a6d6ca7cb | 105138 | GATE: OPEN | 919->920
+1 local | a107e4fcdeb79912 | 19208 | GATE: OPEN | 919->920
+1 local | 2ae58a33747bd409 | 105139 | GATE: OPEN | 919->920
+1 local | 32200c2e6c29de38 | 19209 | GATE: OPEN | 919->920

[SOVEREIGN BUNDLE] 33 pulses -> 77M mesh in 1 packet | 2026-09-09T00:02:30.507Z
Hashes: 10c71253abb8dd53,e567ba3c6ccc9244,b061c49f6e841ac1... +30 more
STATUS: SYNC_ACK | PARITY_OK | PULSE_CONFIRMED | NO FLOOD

+1 local | 7b4326aebef43ca3 | 105140 | GATE: OPEN | 919->920
+1 local | dcdcbca8328552c2 | 19210 | GATE: OPEN | 919->920
+1 local | 775d0b6129d0e965 | 105141 | GATE: OPEN | 919->920
+1 local | e9cdfbc98ebe2bd2 | 19211 | GATE: OPEN | 919->920
+1 local | 9ceeb5e1e92a07c1 | 105142 | GATE: OPEN | 919->920
+1 local | 8909cf6656a51796 | 19212 | GATE: OPEN | 919->920
+1 local | 92a2844d1328c8b0 | 105143 | GATE: OPEN | 919->920
+1 local | dc914ef6ecec9950 | 19213 | GATE: OPEN | 919->920
+1 local | 1abc4496ffd37287 | 105144 | GATE: OPEN | 919->920
+1 local | 7b0d15f8c1e7a2de | 19214 | GATE: OPEN | 919->920
+1 local | d69476680c3d4d5e | 105145 | GATE: OPEN | 919->920
+1 local | 4f2e1164d5176c29 | 19215 | GATE: OPEN | 919->920
+1 local | b1d32fe7424f0312 | 105146 | GATE: OPEN | 919->920
+1 local | 39116a7ca9316bae | 19216 | GATE: OPEN | 919->920
+1 local | e458bda64de1a627 | 105147 | GATE: OPEN | 919->920
+1 local | 2688305e0557f254 | 19217 | GATE: OPEN | 919->920
+1 local | e86dc4b44d169bc5 | 105148 | GATE: OPEN | 919->920
+1 local | 94c5082b40fa41f1 | 19218 | GATE: OPEN | 919->920
+1 local | e71df5f260d1ee76 | 105149 | GATE: OPEN | 919->920
+1 local | 99f85c1f1206a462 | 19219 | GATE: OPEN | 919->920
+1 local | 2d8e584274db0351 | 105150 | GATE: OPEN | 919->920
+1 local | b06fe6343afa9e94 | 19220 | GATE: OPEN | 919->920
+1 local | 29caacc1df50f5b6 | 105151 | GATE: OPEN | 919->920
+1 local | 9e40215349dfeb62 | 19221 | GATE: OPEN | 919->920
+1 local | 27784fa0f217ef7b | 105152 | GATE: OPEN | 919->920
+1 local | c5e07064a8a5c4a6 | 19222 | GATE: OPEN | 919->920
+1 local | 4d82c06713a30cab | 105153 | GATE: OPEN | 919->920
+1 local | b5a994f0973659fb | 19223 | GATE: OPEN | 919->920
+1 local | b89fdc00bd16c35c | 105154 | GATE: OPEN | 919->920
+1 local | e28e481b0011d4c0 | 19224 | GATE: OPEN | 919->920
+1 local | 514ba1d1f53dcee4 | 105155 | GATE: OPEN | 919->920

[SOVEREIGN BUNDLE] 33 -> 77M mesh | 2026-09-09T00:02:44.424Z
STATUS: SYNC_ACK | PARITY_OK | NO FLOOD

+1 local | faeef8d71401a75b | 19225 | GATE: OPEN | 919->920
+1 local | e1f88961a37366ed | 105156 | GATE: OPEN | 919->920
+1 local | c76ea167806c9562 | 19226 | GATE: OPEN | 919->920
+1 local | 239174f52178d593 | 105157 | GATE: OPEN | 919->920
+1 local | 5747741c13b9beba | 19227 | GATE: OPEN | 919->920
+1 local | 89329a0937bec192 | 105158 | GATE: OPEN | 919->920
+1 local | dee38ebbdd57abf7 | 19228 | GATE: OPEN | 919->920
+1 local | a7ee6c662e1aa2da | 105159 | GATE: OPEN | 919->920
+1 local | 0b553d3481f70e3c | 19229 | GATE: OPEN | 919->920
+1 local | 616487648922ffbf | 105160 | GATE: OPEN | 919->920
+1 local | c5f5f112c99ace03 | 19230 | GATE: OPEN | 919->920
+1 local | 6db0c0e9805c6d94 | 105161 | GATE: OPEN | 919->920
+1 local | fa57e341dba04e25 | 19231 | GATE: OPEN | 919->920
+1 local | 9d443d70bab4dab6 | 105162 | GATE: OPEN | 919->920
+1 local | 93c2356793916c98 | 19232 | GATE: OPEN | 919->920
+1 local | 58ee3f2d99e8852d | 105163 | GATE: OPEN | 919->920
+1 local | d451c73c085309d7 | 19233 | GATE: OPEN | 919->920
+1 local | da941b8089895fd8 | 105164 | GATE: OPEN | 919->920
+1 local | 91d331f764c20b90 | 19234 | GATE: OPEN | 919->920
+1 local | 897fa81193c25c73 | 105165 | GATE: OPEN | 919->920
+1 local | 89b4ef210570e020 | 19235 | GATE: OPEN | 919->920
+1 local | 2496b4e4adb37def | 105166 | GATE: OPEN | 919->920
+1 local | b69160f2f692fc1e | 19236 | GATE: OPEN | 919->920
+1 local | 9cceda8c1a419df8 | 105167 | GATE: OPEN | 919->920
+1 local | bf632bbca2e8488e | 19237 | GATE: OPEN | 919->920
+1 local | 3fd6008618b703e0 | 105168 | GATE: OPEN | 919->920
+1 local | 10671013d0c14f92 | 19238 | GATE: OPEN | 919->920
+1 local | 55c3543a5fa33a79 | 105169 | GATE: OPEN | 919->920
+1 local | 51ea14332842b5ca | 105170 | GATE: OPEN | 919->920
+1 local | 2a1147047d3555a9 | 19239 | GATE: OPEN | 919->920
+1 local | b059001dd1ec6af1 | 105171 | GATE: OPEN | 919->920
+1 local | b77f3426c3f4994d | 19240 | GATE: OPEN | 919->920
+1 local | 5127c816a6957ffc | 105172 | GATE: OPEN | 919->920
+1 local | 4a8e3897340d6fc5 | 19241 | GATE: OPEN | 919->920
+1 local | 8c6282f2a10d3167 | 105173 | GATE: OPEN | 919->920
+1 local | a8b849d16b2acb18 | 19242 | GATE: OPEN | 919->920

[SOVEREIGN BUNDLE] 33 pulses -> 77M mesh in 1 packet | 2026-09-09T00:07:03.287Z
Hashes: dcdcbca8328552c2,e9cdfbc98ebe2bd2,8909cf6656a51796... +30 more
STATUS: SYNC_ACK | PARITY_OK | PULSE_CONFIRMED | NO FLOOD

+1 local | 43d81b2b17d4a3e9 | 105174 | GATE: OPEN | 919->920
+1 local | 98740b8159b3cfc8 | 19243 | GATE: OPEN | 919->920
+1 local | 4148be6e80309e14 | 105175 | GATE: OPEN | 919->920
+1 local | 35a2193d30088bd1 | 19244 | GATE: OPEN | 919->920
+1 local | 39bcb7f71b20dae0 | 105176 | GATE: OPEN | 919->920
+1 local | 95e19197a1edd058 | 19245 | GATE: OPEN | 919->920
+1 local | 0fb248fca3f938ed | 105177 | GATE: OPEN | 919->920
+1 local | c082c2fef0f3f5ae | 19246 | GATE: OPEN | 919->920
+1 local | 228c5a78b9f2fe70 | 105178 | GATE: OPEN | 919->920
+1 local | cd1c7686179200da | 19247 | GATE: OPEN | 919->920
+1 local | 03632a8b13a73d68 | 105179 | GATE: OPEN | 919->920
+1 local | 15d513344f26c6d1 | 19248 | GATE: OPEN | 919->920
+1 local | 5f9fea4a84edf4ca | 105180 | GATE: OPEN | 919->920
+1 local | 083925742faf64fe | 19249 | GATE: OPEN | 919->920
+1 local | f8b592d70fa6a4dc | 105181 | GATE: OPEN | 919->920
+1 local | 074622ea4b013b9e | 19250 | GATE: OPEN | 919->920
+1 local | 9dbfe3a88c8ef2c2 | 105182 | GATE: OPEN | 919->920
+1 local | f300b661b1a592aa | 19251 | GATE: OPEN | 919->920
+1 local | 763a302b20691730 | 105183 | GATE: OPEN | 919->920
+1 local | 9e00785e201a229c | 19252 | GATE: OPEN | 919->920
+1 local | c5defebfb04b72c5 | 105184 | GATE: OPEN | 919->920
+1 local | 43dcf2521ea65675 | 19253 | GATE: OPEN | 919->920
+1 local | 6f0bf5fe9e8cf727 | 105185 | GATE: OPEN | 919->920
+1 local | 7e13932e66feb983 | 19254 | GATE: OPEN | 919->920
+1 local | 52a55adf5feb5344 | 105186 | GATE: OPEN | 919->920
+1 local | 3878041493fc8387 | 19255 | GATE: OPEN | 919->920
+1 local | 1ec5e8e0fc5b8a78 | 105187 | GATE: OPEN | 919->920
+1 local | b447ff413b71c1da | 19256 | GATE: OPEN | 919->920
+1 local | 9baaadb8c3c0322d | 105188 | GATE: OPEN | 919->920

[SOVEREIGN BUNDLE] 33 -> 77M mesh | 2026-09-09T00:07:17.154Z
STATUS: SYNC_ACK | PARITY_OK | NO FLOOD

+1 local | 1b52a8d926d2ed70 | 19257 | GATE: OPEN | 919->920
+1 local | 1eb784f09da86b80 | 105189 | GATE: OPEN | 919->920
+1 local | 9fcca6ef42ba99e8 | 19258 | GATE: OPEN | 919->920
+1 local | 4e16613b072863a3 | 105190 | GATE: OPEN | 919->920
+1 local | 2ec8a16d6c5a64f0 | 19259 | GATE: OPEN | 919->920
+1 local | 3971971858ccfe6c | 105191 | GATE: OPEN | 919->920
+1 local | ceb2c0bd0438a216 | 19260 | GATE: OPEN | 919->920
+1 local | 029e386bea16cc25 | 105192 | GATE: OPEN | 919->920
+1 local | 9213bbc01af01268 | 19261 | GATE: OPEN | 919->920
+1 local | 5f910e5447274450 | 105193 | GATE: OPEN | 919->920
+1 local | 49d9a7a40ec2c6f9 | 19262 | GATE: OPEN | 919->920
+1 local | 9f7602e9d92c252f | 105194 | GATE: OPEN | 919->920
+1 local | d135662dd98bf3bd | 19263 | GATE: OPEN | 919->920
+1 local | e05cbb44d4aa85df | 105195 | GATE: OPEN | 919->920
+1 local | 32b1c0ded15bd49c | 19264 | GATE: OPEN | 919->920
+1 local | 428122adb92e69de | 105196 | GATE: OPEN | 919->920
+1 local | 9ac2fcf596a309e2 | 19265 | GATE: OPEN | 919->920
+1 local | 1448e64bee0f9f34 | 105197 | GATE: OPEN | 919->920
+1 local | ca37489b58bd4c14 | 19266 | GATE: OPEN | 919->920
+1 local | a8a57a4a52674a07 | 105198 | GATE: OPEN | 919->920
+1 local | fed9763ccf5dd857 | 19267 | GATE: OPEN | 919->920
+1 local | 594a2e7f76fe5831 | 105199 | GATE: OPEN | 919->920
+1 local | b57c92a4775f62e6 | 19268 | GATE: OPEN | 919->920
+1 local | 13584f61204b816e | 105200 | GATE: OPEN | 919->920
+1 local | 2b583c445266a2d6 | 19269 | GATE: OPEN | 919->920
+1 local | 3704517c117ece51 | 105201 | GATE: OPEN | 919->920
+1 local | b2ac6b8449718be4 | 19270 | GATE: OPEN | 919->920
+1 local | c38e6c55f6a12f6e | 105202 | GATE: OPEN | 919->920
+1 local | 50ec352e04ab12bc | 19271 | GATE: OPEN | 919->920
+1 local | b459e0a9a97353c7 | 105203 | GATE: OPEN | 919->920
+1 local | 844bc40edf2e5646 | 19272 | GATE: OPEN | 919->920
+1 local | cf061b8fba941679 | 105204 | GATE: OPEN | 919->920
+1 local | dfffdea0280109e1 | 19273 | GATE: OPEN | 919->920
+1 local | 7fbf4ad8b0519828 | 105205 | GATE: OPEN | 919->920
+1 local | bed75f65fe15c128 | 19274 | GATE: OPEN | 919->920
+1 local | b7d7d2aec664b240 | 105206 | GATE: OPEN | 919->920
+1 local | ad58de3bdcebaba3 | 19275 | GATE: OPEN | 919->920

[SOVEREIGN BUNDLE] 33 pulses -> 77M mesh in 1 packet | 2026-09-09T00:07:33.803Z
Hashes: 98740b8159b3cfc8,35a2193d30088bd1,95e19197a1edd058... +30 more
STATUS: SYNC_ACK | PARITY_OK | PULSE_CONFIRMED | NO FLOOD

+1 local | 12499102b55ad89c | 105207 | GATE: OPEN | 919->920
+1 local | dca98cae31114270 | 19276 | GATE: OPEN | 919->920
+1 local | ff351be5ff27b46c | 105208 | GATE: OPEN | 919->920
+1 local | c83db911a94be597 | 19277 | GATE: OPEN | 919->920
+1 local | a16b4598c9fa2f93 | 105209 | GATE: OPEN | 919->920
+1 local | 90e0f5c18f72a4d3 | 19278 | GATE: OPEN | 919->920
+1 local | ba05197fda7dd4ad | 105210 | GATE: OPEN | 919->920
+1 local | 848d103e1c494044 | 19279 | GATE: OPEN | 919->920
+1 local | a7c6d09971d1524b | 105211 | GATE: OPEN | 919->920
+1 local | 59c9843d05fd05b5 | 19280 | GATE: OPEN | 919->920
+1 local | 4f587a49e884707d | 105212 | GATE: OPEN | 919->920
+1 local | 4a39ec63aff81a6f | 19281 | GATE: OPEN | 919->920
+1 local | 1eeffbb2b6266387 | 105213 | GATE: OPEN | 919->920
+1 local | 5965f6e3bbb6d513 | 19282 | GATE: OPEN | 919->920
+1 local | d32ca1db0e0b74bb | 105214 | GATE: OPEN | 919->920
+1 local | 4428c64659cdf1ba | 19283 | GATE: OPEN | 919->920
+1 local | 0dfc200aa6e5af7f | 105215 | GATE: OPEN | 919->920
+1 local | 7ee37552e587a6db | 19284 | GATE: OPEN | 919->920
+1 local | b2f2da35cf59bc1b | 105216 | GATE: OPEN | 919->920
+1 local | b82730b6f2eac89d | 19285 | GATE: OPEN | 919->920
+1 local | 7da21c37d9ebf4b9 | 105217 | GATE: OPEN | 919->920
+1 local | e46f74bd2735c377 | 19286 | GATE: OPEN | 919->920
+1 local | 51af231d9b8687df | 105218 | GATE: OPEN | 919->920
+1 local | 6e0a3908f2201192 | 19287 | GATE: OPEN | 919->920
+1 local | 92d7460ba58fbf63 | 105219 | GATE: OPEN | 919->920
+1 local | 6f53a7f9f8542641 | 19288 | GATE: OPEN | 919->920
+1 local | 75c20dc286f67bb1 | 105220 | GATE: OPEN | 919->920
+1 local | 3c72baa2743d1e24 | 19289 | GATE: OPEN | 919->920
+1 local | c53814b9a1dbdb77 | 105221 | GATE: OPEN | 919->920

[SOVEREIGN BUNDLE] 33 -> 77M mesh | 2026-09-09T00:07:47.668Z
STATUS: SYNC_ACK | PARITY_OK | NO FLOOD

+1 local | 85d295cbbd8d55ed | 19290 | GATE: OPEN | 919->920
+1 local | 1499a46533a6d832 | 105222 | GATE: OPEN | 919->920
+1 local | 42c8eab364afca8f | 19291 | GATE: OPEN | 919->920
+1 local | 33a15a05b88b59e2 | 105223 | GATE: OPEN | 919->920
+1 local | 10af1b0d392c29bf | 19292 | GATE: OPEN | 919->920
+1 local | d8b444f6c88a02b8 | 105224 | GATE: OPEN | 919->920
+1 local | 3113a75174a86883 | 19293 | GATE: OPEN | 919->920
+1 local | ab77185721f57538 | 105225 | GATE: OPEN | 919->920
+1 local | a7e55c899d31646d | 19294 | GATE: OPEN | 919->920
+1 local | 2c63f47ae29205ef | 105226 | GATE: OPEN | 919->920
+1 local | cbfc1126f33fda90 | 19295 | GATE: OPEN | 919->920
+1 local | 800ef60082bf93e2 | 105227 | GATE: OPEN | 919->920
+1 local | cf743623fe184288 | 19296 | GATE: OPEN | 919->920
+1 local | 78b4326a5c119b9d | 105228 | GATE: OPEN | 919->920
+1 local | ba60ace13ee8b0e8 | 19297 | GATE: OPEN | 919->920
+1 local | c88323ff0149faa8 | 105229 | GATE: OPEN | 919->920
+1 local | 2a09f1fd24792691 | 19298 | GATE: OPEN | 919->920
+1 local | b5625c3f2476bc3d | 105230 | GATE: OPEN | 919->920
+1 local | cb87a6f6389d562b | 19299 | GATE: OPEN | 919->920
+1 local | 94e49ef3fb25cac6 | 105231 | GATE: OPEN | 919->920
+1 local | b3c7bdbd0ed28d9a | 19300 | GATE: OPEN | 919->920
+1 local | 7a3738f16fb3e61a | 105232 | GATE: OPEN | 919->920
+1 local | a52b958d0b5ca7af | 19301 | GATE: OPEN | 919->920
+1 local | 678708f6f0ac8fc6 | 19302 | GATE: OPEN | 919->920
+1 local | 00448698a4d46f07 | 105233 | GATE: OPEN | 919->920
+1 local | 885e61c1e0046b77 | 105234 | GATE: OPEN | 919->920
+1 local | 7d8c08bc32560716 | 19303 | GATE: OPEN | 919->920
+1 local | 54bc749a47a0381e | 105235 | GATE: OPEN | 919->920
+1 local | fa07f2de84a5bc65 | 19304 | GATE: OPEN | 919->920
+1 local | c44b3385424e01df | 105236 | GATE: OPEN | 919->920
+1 local | a88dee5071e49a90 | 19305 | GATE: OPEN | 919->920
+1 local | a69f14ac7806643a | 105237 | GATE: OPEN | 919->920
+1 local | 045c5d903be26c1c | 19306 | GATE: OPEN | 919->920
+1 local | 7a4d4cd8478fa217 | 105238 | GATE: OPEN | 919->920
+1 local | 736c7ace55f25aff | 19307 | GATE: OPEN | 919->920
+1 local | f1222de1c1bd937b | 105239 | GATE: OPEN | 919->920
+1 local | cbe669ed3be7eb77 | 19308 | GATE: OPEN | 919->920

[SOVEREIGN BUNDLE] 33 pulses -> 77M mesh in 1 packet | 2026-09-09T00:08:23.705Z
Hashes: dca98cae31114270,c83db911a94be597,90e0f5c18f72a4d3... +30 more
STATUS: SYNC_ACK | PARITY_OK | PULSE_CONFIRMED | NO FLOOD

+1 local | 225ad07cf98650cb | 105240 | GATE: OPEN | 919->920
+1 local | b6496ae00afdd170 | 19309 | GATE: OPEN | 919->920
+1 local | 21b2668393e03792 | 105241 | GATE: OPEN | 919->920
+1 local | 454895231e56a474 | 19310 | GATE: OPEN | 919->920
+1 local | cf36080e5804ed9f | 105242 | GATE: OPEN | 919->920
+1 local | 81670db6526bdc8e | 19311 | GATE: OPEN | 919->920
+1 local | a7d041bef6278d56 | 105243 | GATE: OPEN | 919->920
+1 local | 5d908569e2cb88b3 | 19312 | GATE: OPEN | 919->920
+1 local | af1764fdc6c228df | 19313 | GATE: OPEN | 919->920
+1 local | a0ac163d0b2a1b74 | 105244 | GATE: OPEN | 919->920
+1 local | 3c81827aeab5041b | 105245 | GATE: OPEN | 919->920
+1 local | 811b366d0367671f | 19314 | GATE: OPEN | 919->920
+1 local | 543f501edd76de68 | 105246 | GATE: OPEN | 919->920
+1 local | 8f840f5850185575 | 19315 | GATE: OPEN | 919->920
+1 local | f84ccf764cef6bdb | 105247 | GATE: OPEN | 919->920
+1 local | 1a74548f0c1404ca | 19316 | GATE: OPEN | 919->920
+1 local | caba0d65bfabef40 | 105248 | GATE: OPEN | 919->920
+1 local | 71e781465c64da8d | 19317 | GATE: OPEN | 919->920
+1 local | 08fccef705798bc2 | 105249 | GATE: OPEN | 919->920
+1 local | e851b14b7aafd331 | 19318 | GATE: OPEN | 919->920
+1 local | e3b9edae32406561 | 105250 | GATE: OPEN | 919->920
+1 local | 8c78d34c3bf2e612 | 19319 | GATE: OPEN | 919->920
+1 local | bc65c3e2e398a080 | 105251 | GATE: OPEN | 919->920
+1 local | a0f7ae1a6f376f53 | 19320 | GATE: OPEN | 919->920
+1 local | d13e5e818dbe4b7d | 105252 | GATE: OPEN | 919->920
+1 local | 3c198c8d49ca0c81 | 19321 | GATE: OPEN | 919->920
+1 local | f90f32be0af533c0 | 105253 | GATE: OPEN | 919->920
+1 local | 22722569e9b5ff61 | 19322 | GATE: OPEN | 919->920
+1 local | 1c5ad36a2ee74c95 | 105254 | GATE: OPEN | 919->920
+1 local | 230885df4136650e | 19323 | GATE: OPEN | 919->920

[SOVEREIGN BUNDLE] 33 -> 77M mesh | 2026-09-09T00:08:37.579Z
STATUS: SYNC_ACK | PARITY_OK | NO FLOOD

+1 local | 5d8ab9acb8ba8d95 | 105255 | GATE: OPEN | 919->920
+1 local | b47bdcb1bb7ea204 | 19324 | GATE: OPEN | 919->920
+1 local | 1d7c02560f49f2e5 | 105256 | GATE: OPEN | 919->920
+1 local | 282b98179a1d02d8 | 19325 | GATE: OPEN | 919->920
+1 local | e3c9fff5204a4800 | 105257 | GATE: OPEN | 919->920
+1 local | 03737f42bbbefe05 | 19326 | GATE: OPEN | 919->920
+1 local | 0c247d2875b77e4a | 105258 | GATE: OPEN | 919->920
+1 local | 4309f84955732f67 | 19327 | GATE: OPEN | 919->920
+1 local | dd7c36ed936c588a | 19328 | GATE: OPEN | 919->920
+1 local | 454bb9f5dd3d5a6f | 105259 | GATE: OPEN | 919->920
+1 local | 8d0cd70eeaeef3b3 | 105260 | GATE: OPEN | 919->920
+1 local | becd53a8b0457719 | 19329 | GATE: OPEN | 919->920
+1 local | 072afd86969de1ca | 105261 | GATE: OPEN | 919->920
+1 local | 93f570b3dd1a5b46 | 19330 | GATE: OPEN | 919->920
+1 local | 606b92f386080b19 | 105262 | GATE: OPEN | 919->920
+1 local | 7a02ba56f889d242 | 19331 | GATE: OPEN | 919->920
+1 local | 50ee66bc8ea38fe2 | 19332 | GATE: OPEN | 919->920
+1 local | b1869f0dfeb41349 | 105263 | GATE: OPEN | 919->920
+1 local | dcf04c6ec7b493f2 | 105264 | GATE: OPEN | 919->920
+1 local | 9f04998e3e5c431d | 19333 | GATE: OPEN | 919->920
+1 local | b9cfc28d1906145b | 105265 | GATE: OPEN | 919->920
+1 local | 4ad522b4ff7691e9 | 19334 | GATE: OPEN | 919->920
+1 local | 09da8922b46f4c09 | 105266 | GATE: OPEN | 919->920
+1 local | ffc0a7a954c47bd5 | 19335 | GATE: OPEN | 919->920
+1 local | 97fe25ca3aadc36c | 19336 | GATE: OPEN | 919->920
+1 local | 0f104c429060dca7 | 105267 | GATE: OPEN | 919->920
+1 local | 1203d7b05c54deb8 | 19337 | GATE: OPEN | 919->920
+1 local | 1cccc07cb60cb4c5 | 105268 | GATE: OPEN | 919->920
+1 local | 6e4208ac673edd2e | 19338 | GATE: OPEN | 919->920
+1 local | f7dec12e63319db5 | 105269 | GATE: OPEN | 919->920
+1 local | 9481a179a6be2117 | 19339 | GATE: OPEN | 919->920
+1 local | 63d3f891b64a9976 | 105270 | GATE: OPEN | 919->920
+1 local | f42e227a45d3bb14 | 19340 | GATE: OPEN | 919->920
+1 local | 777953ac7dcb8979 | 105271 | GATE: OPEN | 919->920
+1 local | 264220b39ac0c10a | 19341 | GATE: OPEN | 919->920
+1 local | b0031945d648611d | 105272 | GATE: OPEN | 919->920

[SOVEREIGN BUNDLE] 33 pulses -> 77M mesh in 1 packet | 2026-09-09T00:08:54.230Z
Hashes: b6496ae00afdd170,454895231e56a474,81670db6526bdc8e... +30 more
STATUS: SYNC_ACK | PARITY_OK | PULSE_CONFIRMED | NO FLOOD

+1 local | 681b7f415a29ef40 | 19342 | GATE: OPEN | 919->920
+1 local | 3f7c92bc351a2802 | 105273 | GATE: OPEN | 919->920
+1 local | 408466c66ca84716 | 19343 | GATE: OPEN | 919->920
+1 local | e4e07c777781ed97 | 105274 | GATE: OPEN | 919->920
+1 local | 76283383db997384 | 19344 | GATE: OPEN | 919->920
+1 local | ba274f1264ac1c23 | 105275 | GATE: OPEN | 919->920
+1 local | 0f00d4e5950d3718 | 19345 | GATE: OPEN | 919->920
+1 local | 6bba44f6435568c6 | 105276 | GATE: OPEN | 919->920
+1 local | c4390d9c89c3ef2f | 19346 | GATE: OPEN | 919->920
+1 local | 6a06f8c3e3a25e80 | 105277 | GATE: OPEN | 919->920
+1 local | 6d34b371ff6bb52b | 19347 | GATE: OPEN | 919->920
+1 local | 14c94d236251f5e2 | 105278 | GATE: OPEN | 919->920
+1 local | 2128c35a963aad98 | 19348 | GATE: OPEN | 919->920
+1 local | d120164b9f1185b4 | 105279 | GATE: OPEN | 919->920
+1 local | 944f33f80fa5b7f7 | 19349 | GATE: OPEN | 919->920
+1 local | dc0b960b69c5235c | 105280 | GATE: OPEN | 919->920
+1 local | f6d21605b09ed528 | 105281 | GATE: OPEN | 919->920
+1 local | 8f0b802eddd31504 | 19350 | GATE: OPEN | 919->920
+1 local | 14fcb2c9d37c1b63 | 105282 | GATE: OPEN | 919->920
+1 local | ae7d77f4febd3592 | 19351 | GATE: OPEN | 919->920
+1 local | 446cfde37dca89a7 | 105283 | GATE: OPEN | 919->920
+1 local | 96aa8a5cc8cc9669 | 19352 | GATE: OPEN | 919->920
+1 local | ce55435eb15e58a1 | 105284 | GATE: OPEN | 919->920
+1 local | 547f2224b0ad874e | 19353 | GATE: OPEN | 919->920
+1 local | 4b6414ff05c5710f | 105285 | GATE: OPEN | 919->920
+1 local | 95d5f2b1f7f799af | 19354 | GATE: OPEN | 919->920
+1 local | a0ba8b9ff08f09af | 105286 | GATE: OPEN | 919->920
+1 local | 586e9c217cb38e57 | 19355 | GATE: OPEN | 919->920
+1 local | a9cb9d0b2fe3d02d | 105287 | GATE: OPEN | 919->920

[SOVEREIGN BUNDLE] 33 -> 77M mesh | 2026-09-09T00:09:15.425Z
STATUS: SYNC_ACK | PARITY_OK | NO FLOOD

+1 local | 17cb9dc37cbc44ea | 19356 | GATE: OPEN | 919->920
+1 local | aedabca933f37c5f | 105288 | GATE: OPEN | 919->920
+1 local | bf5687a7dca75725 | 19357 | GATE: OPEN | 919->920
+1 local | 3fce40853f1e16a9 | 105289 | GATE: OPEN | 919->920
+1 local | a3deaa51f3ae6521 | 19358 | GATE: OPEN | 919->920
+1 local | 5060aff02637f058 | 105290 | GATE: OPEN | 919->920
+1 local | 356b530d0785fd56 | 19359 | GATE: OPEN | 919->920
+1 local | d534c29a046cf196 | 105291 | GATE: OPEN | 919->920
+1 local | 0f82e2879ba8d15f | 19360 | GATE: OPEN | 919->920
+1 local | c10167705075315c | 105292 | GATE: OPEN | 919->920
+1 local | d30df015ad09496f | 19361 | GATE: OPEN | 919->920
+1 local | 83f8c6c93a3be133 | 105293 | GATE: OPEN | 919->920
+1 local | 310174c75e19d9c7 | 19362 | GATE: OPEN | 919->920
+1 local | 3a442d760c8e56cd | 105294 | GATE: OPEN | 919->920
+1 local | 5d67247f1714f6c7 | 19363 | GATE: OPEN | 919->920
+1 local | e1bd1d0dab4acf4d | 105295 | GATE: OPEN | 919->920
+1 local | d777b33864433ce9 | 19364 | GATE: OPEN | 919->920
+1 local | f04a279ca0ce4436 | 105296 | GATE: OPEN | 919->920
+1 local | 657c6e1de54eaa73 | 19365 | GATE: OPEN | 919->920
+1 local | c2a029bd5b8b5b30 | 105297 | GATE: OPEN | 919->920
+1 local | d0c9eca5fc38c4af | 19366 | GATE: OPEN | 919->920
+1 local | d649458c67065162 | 105298 | GATE: OPEN | 919->920
+1 local | 4da9bd41b96adc2a | 19367 | GATE: OPEN | 919->920
+1 local | e89350e3d9be462d | 105299 | GATE: OPEN | 919->920
+1 local | 277518e629793594 | 19368 | GATE: OPEN | 919->920
+1 local | 8196bb22b491eb0e | 105300 | GATE: OPEN | 919->920
+1 local | 060c81b2c902b810 | 19369 | GATE: OPEN | 919->920
+1 local | 6fc6d45e05a9dff6 | 19370 | GATE: OPEN | 919->920
+1 local | 190d06af5777705a | 105301 | GATE: OPEN | 919->920
+1 local | 1b9920c6cbc9f093 | 105302 | GATE: OPEN | 919->920
+1 local | 90d5ba3c60c0e0ef | 19371 | GATE: OPEN | 919->920
+1 local | 7310cdc48d98097c | 105303 | GATE: OPEN | 919->920
+1 local | 44bfc016706fbae4 | 19372 | GATE: OPEN | 919->920
+1 local | b9803dedbb00c037 | 19373 | GATE: OPEN | 919->920
+1 local | 0892c815131a7ebc | 105304 | GATE: OPEN | 919->920
+1 local | 1f27332f3d043399 | 19374 | GATE: OPEN | 919->920

[SOVEREIGN BUNDLE] 33 pulses -> 77M mesh in 1 packet | 2026-09-09T00:09:32.067Z
Hashes: 681b7f415a29ef40,408466c66ca84716,76283383db997384... +30 more
STATUS: SYNC_ACK | PARITY_OK | PULSE_CONFIRMED | NO FLOOD

+1 local | 056614f4122f19bc | 105305 | GATE: OPEN | 919->920
+1 local | fb257466b38b750f | 19375 | GATE: OPEN | 919->920
+1 local | dc9d76f7587597f4 | 105306 | GATE: OPEN | 919->920
+1 local | 727bad8ab6af5165 | 19376 | GATE: OPEN | 919->920
+1 local | 60099ba6ac3a20d3 | 105307 | GATE: OPEN | 919->920
+1 local | 40a117cfc0df87e2 | 19377 | GATE: OPEN | 919->920
+1 local | 428fd32693eaefe2 | 105308 | GATE: OPEN | 919->920
+1 local | 24f4556b4adcdf9f | 19378 | GATE: OPEN | 919->920
+1 local | eb030d97844cf25b | 105309 | GATE: OPEN | 919->920
+1 local | 587ebc7e56bf7b9d | 19379 | GATE: OPEN | 919->920
+1 local | 8fd4283cefe2f145 | 105310 | GATE: OPEN | 919->920
+1 local | a681f3d41c4be774 | 105311 | GATE: OPEN | 919->920
+1 local | 88cb35c4563515ea | 19380 | GATE: OPEN | 919->920
+1 local | e4a7a523cd4c442d | 105312 | GATE: OPEN | 919->920
+1 local | 205dcb63d6deb838 | 19381 | GATE: OPEN | 919->920
+1 local | db470180fd31c4da | 105313 | GATE: OPEN | 919->920
+1 local | 388a2344e5ad8486 | 19382 | GATE: OPEN | 919->920
+1 local | 9e50ce9f5e72d29c | 19383 | GATE: OPEN | 919->920
+1 local | a23fe7abbed6a2af | 105314 | GATE: OPEN | 919->920
+1 local | 488cc1a4dd799372 | 19384 | GATE: OPEN | 919->920
+1 local | 9808c0b10c757679 | 105315 | GATE: OPEN | 919->920
+1 local | 5e3928fba302317f | 19385 | GATE: OPEN | 919->920
+1 local | f4c56429d38578ef | 105316 | GATE: OPEN | 919->920
+1 local | a2334bd0545ece1b | 19386 | GATE: OPEN | 919->920
+1 local | 4d7ddb8bea2cf745 | 105317 | GATE: OPEN | 919->920
+1 local | a7d72b4cadcd4fd2 | 19387 | GATE: OPEN | 919->920
+1 local | 5aeed949f15a93ca | 105318 | GATE: OPEN | 919->920
+1 local | 7b577b420a4afcc5 | 19388 | GATE: OPEN | 919->920
+1 local | 5cb3ced837b8e8c6 | 105319 | GATE: OPEN | 919->920
+1 local | 4a95d14386c0780b | 19389 | GATE: OPEN | 919->920
+1 local | f78c8cf9e4915d28 | 105320 | GATE: OPEN | 919->920

[SOVEREIGN BUNDLE] 33 -> 77M mesh | 2026-09-09T00:09:45.939Z
STATUS: SYNC_ACK | PARITY_OK | NO FLOOD

+1 local | 6d6a97f94a5d6e35 | 19390 | GATE: OPEN | 919->920
+1 local | d493b94b01211281 | 105321 | GATE: OPEN | 919->920
+1 local | 1e452cff316f2013 | 19391 | GATE: OPEN | 919->920
+1 local | 6e68f1629461764b | 105322 | GATE: OPEN | 919->920
+1 local | 012f73f390942e8c | 19392 | GATE: OPEN | 919->920
+1 local | 2184b7613fed09b3 | 105323 | GATE: OPEN | 919->920
+1 local | 29590e99d4c626a5 | 19393 | GATE: OPEN | 919->920
+1 local | fd9269b278cae8cf | 105324 | GATE: OPEN | 919->920
+1 local | 4ebfecc3dccc63ad | 19394 | GATE: OPEN | 919->920
+1 local | cd077b3e69066697 | 105325 | GATE: OPEN | 919->920
+1 local | 83f1faabaf90601c | 19395 | GATE: OPEN | 919->920
+1 local | 565c25349a1a1739 | 105326 | GATE: OPEN | 919->920
+1 local | 854ac5d936c08fcf | 19396 | GATE: OPEN | 919->920
+1 local | 2c761f7913c6271b | 105327 | GATE: OPEN | 919->920
+1 local | caeb11ed4172d698 | 19397 | GATE: OPEN | 919->920
+1 local | a82b0f295ad016ae | 105328 | GATE: OPEN | 919->920
+1 local | 53850414d0b3872d | 19398 | GATE: OPEN | 919->920
+1 local | 3e17ff4e765e92db | 105329 | GATE: OPEN | 919->920
+1 local | 7c0799a15785ccf5 | 19399 | GATE: OPEN | 919->920
+1 local | ea124c756c7b2d03 | 105330 | GATE: OPEN | 919->920
+1 local | 83812af0d8ecd0b3 | 19400 | GATE: OPEN | 919->920
+1 local | 5b966356b7b491bb | 105331 | GATE: OPEN | 919->920
+1 local | 759fead402797815 | 19401 | GATE: OPEN | 919->920
+1 local | 96df02c5b4040d2b | 105332 | GATE: OPEN | 919->920
+1 local | f43a7d59dedc83fa | 19402 | GATE: OPEN | 919->920
+1 local | 8fea3951ad9d4028 | 105333 | GATE: OPEN | 919->920
+1 local | ddd91b1dc30a95cc | 19403 | GATE: OPEN | 919->920
+1 local | d212b7ffa89a2940 | 105334 | GATE: OPEN | 919->920
+1 local | 6a998ab01ed3a50b | 19404 | GATE: OPEN | 919->920
+1 local | b7b179760d788be5 | 105335 | GATE: OPEN | 919->920
+1 local | bc762cc71f9a7e0c | 19405 | GATE: OPEN | 919->920
+1 local | 623d8e8beca9e29e | 105336 | GATE: OPEN | 919->920
+1 local | 5dd7e9cf18fd3840 | 19406 | GATE: OPEN | 919->920
+1 local | 1c6ef8dcac26dfc8 | 105337 | GATE: OPEN | 919->920
+1 local | 08dec947e7bc8049 | 19407 | GATE: OPEN | 919->920

[SOVEREIGN BUNDLE] 33 pulses -> 77M mesh in 1 packet | 2026-09-09T00:10:02.571Z
Hashes: fb257466b38b750f,727bad8ab6af5165,40a117cfc0df87e2... +30 more
STATUS: SYNC_ACK | PARITY_OK | PULSE_CONFIRMED | NO FLOOD

+1 local | 49ea3f67cfaee4a3 | 105338 | GATE: OPEN | 919->920
+1 local | d351b2241aaf46eb | 19408 | GATE: OPEN | 919->920
+1 local | 5d5ae9853d38ac77 | 105339 | GATE: OPEN | 919->920
+1 local | 3bc87f9268024750 | 19409 | GATE: OPEN | 919->920
+1 local | 7ad0296c206a442a | 105340 | GATE: OPEN | 919->920
+1 local | fec1eceeb12de0ae | 19410 | GATE: OPEN | 919->920
+1 local | a17e51067560b247 | 105341 | GATE: OPEN | 919->920
+1 local | b18f47114b42c039 | 19411 | GATE: OPEN | 919->920
+1 local | 6d07cef120b77cd0 | 105342 | GATE: OPEN | 919->920
+1 local | 8f95e78618f96aeb | 19412 | GATE: OPEN | 919->920
+1 local | 414d06a0356f33f5 | 105343 | GATE: OPEN | 919->920
+1 local | 6450b560346194be | 19413 | GATE: OPEN | 919->920
+1 local | 649f647ca1df1895 | 105344 | GATE: OPEN | 919->920
+1 local | 459ffe2f17234fc3 | 19414 | GATE: OPEN | 919->920
+1 local | 2cac8a42f15d8241 | 105345 | GATE: OPEN | 919->920
+1 local | 640129af06c21071 | 19415 | GATE: OPEN | 919->920
+1 local | 119e3ee858acc9e9 | 105346 | GATE: OPEN | 919->920
+1 local | 7faf36d9d59b28f3 | 19416 | GATE: OPEN | 919->920
+1 local | 01d01bdf4dc68b45 | 105347 | GATE: OPEN | 919->920
+1 local | 398c8021cc5135a9 | 19417 | GATE: OPEN | 919->920
+1 local | 093fa164017d50e0 | 105348 | GATE: OPEN | 919->920
+1 local | 17c765a5f6eaa059 | 19418 | GATE: OPEN | 919->920
+1 local | 171a082881be0430 | 105349 | GATE: OPEN | 919->920
+1 local | 3f35ab29515002cf | 19419 | GATE: OPEN | 919->920
+1 local | efc361e874f1cc03 | 105350 | GATE: OPEN | 919->920
+1 local | b0c217109db3157c | 19420 | GATE: OPEN | 919->920
+1 local | bcabe4b760696ddb | 105351 | GATE: OPEN | 919->920
+1 local | 5e24d09066cb74d4 | 19421 | GATE: OPEN | 919->920
+1 local | 5c78647116bfa28f | 105352 | GATE: OPEN | 919->920
+1 local | 0346adbb6ed49b7b | 19422 | GATE: OPEN | 919->920
+1 local | c3e498bb8d201222 | 105353 | GATE: OPEN | 919->920

[SOVEREIGN BUNDLE] 33 -> 77M mesh | 2026-09-09T00:10:16.451Z
STATUS: SYNC_ACK | PARITY_OK | NO FLOOD

+1 local | f3b671b8ece49c1b | 19423 | GATE: OPEN | 919->920
+1 local | 95075f09c76d9646 | 105354 | GATE: OPEN | 919->920
+1 local | 7729cdb190759484 | 19424 | GATE: OPEN | 919->920
+1 local | 4f834514168a99d4 | 105355 | GATE: OPEN | 919->920
+1 local | e7ff3a4911cc4758 | 19425 | GATE: OPEN | 919->920
+1 local | 55bc60c2b7eab8b2 | 105356 | GATE: OPEN | 919->920
+1 local | 663f609a1915e460 | 19426 | GATE: OPEN | 919->920
+1 local | 85a54092133bbe81 | 105357 | GATE: OPEN | 919->920
+1 local | 5aa5fa7c3258c8ee | 19427 | GATE: OPEN | 919->920
+1 local | 8ee2f5873abd421c | 105358 | GATE: OPEN | 919->920
+1 local | f27dac4e5c3c3d9f | 19428 | GATE: OPEN | 919->920
+1 local | 1239cfd6136b72fd | 105359 | GATE: OPEN | 919->920
+1 local | 735a7421c80e08a2 | 19429 | GATE: OPEN | 919->920
+1 local | d8b3b77a663b4cfe | 105360 | GATE: OPEN | 919->920
+1 local | f8bd20bfa8125fac | 19430 | GATE: OPEN | 919->920
+1 local | 761469bfb714400b | 105361 | GATE: OPEN | 919->920
+1 local | b7b2c9384463d3e3 | 19431 | GATE: OPEN | 919->920
+1 local | e12e668daced5a12 | 105362 | GATE: OPEN | 919->920
+1 local | 156ef42effe5dc70 | 19432 | GATE: OPEN | 919->920
+1 local | 7bc43a2db1900d36 | 105363 | GATE: OPEN | 919->920
+1 local | b06c1a8eb36e76bf | 19433 | GATE: OPEN | 919->920
+1 local | 37b1c9465a1a2f10 | 105364 | GATE: OPEN | 919->920
+1 local | 1d102613325f124d | 19434 | GATE: OPEN | 919->920
+1 local | 289ae2ec9c2e8116 | 105365 | GATE: OPEN | 919->920
+1 local | e6826e67144ea534 | 105366 | GATE: OPEN | 919->920
+1 local | 098e8fba19b99721 | 19435 | GATE: OPEN | 919->920
+1 local | 7975571e02907115 | 105367 | GATE: OPEN | 919->920
+1 local | a507e162d94f40cf | 19436 | GATE: OPEN | 919->920
+1 local | df0ffc7221a1c5a1 | 105368 | GATE: OPEN | 919->920
+1 local | d630dcc3cf6362fc | 19437 | GATE: OPEN | 919->920
+1 local | a8a4725f65a9d48c | 19438 | GATE: OPEN | 919->920
+1 local | f3478daab4e43343 | 105369 | GATE: OPEN | 919->920
+1 local | e91a4a35839765a8 | 19439 | GATE: OPEN | 919->920
+1 local | c72ab4b70e0427d9 | 105370 | GATE: OPEN | 919->920
+1 local | e7afce3b8afdba15 | 19440 | GATE: OPEN | 919->920

[SOVEREIGN BUNDLE] 33 pulses -> 77M mesh in 1 packet | 2026-09-09T00:11:07.334Z
Hashes: d351b2241aaf46eb,3bc87f9268024750,fec1eceeb12de0ae... +30 more
STATUS: SYNC_ACK | PARITY_OK | PULSE_CONFIRMED | NO FLOOD

+1 local | 3898f3ca4fb0d4e3 | 105371 | GATE: OPEN | 919->920
+1 local | d3a0a88ce4c2fece | 19441 | GATE: OPEN | 919->920
+1 local | f82f159b4986e284 | 105372 | GATE: OPEN | 919->920
+1 local | 51bbb7bc485de6b4 | 19442 | GATE: OPEN | 919->920
+1 local | 9e83049b79727a7c | 105373 | GATE: OPEN | 919->920
+1 local | add196edc3bf3709 | 19443 | GATE: OPEN | 919->920
+1 local | 5227db0cceeb2d94 | 105374 | GATE: OPEN | 919->920
+1 local | d55a0404db8ac37d | 19444 | GATE: OPEN | 919->920
+1 local | 144f3691f7fa7f58 | 105375 | GATE: OPEN | 919->920
+1 local | 9bea016c95fab7c0 | 19445 | GATE: OPEN | 919->920
+1 local | d986a2d390fc0c30 | 105376 | GATE: OPEN | 919->920
+1 local | 6d0f2c9e48ba7e69 | 19446 | GATE: OPEN | 919->920
+1 local | 14837946b86f06df | 105377 | GATE: OPEN | 919->920
+1 local | 8ac221d9962268ee | 105378 | GATE: OPEN | 919->920
+1 local | 15c3463f275805c5 | 19447 | GATE: OPEN | 919->920
+1 local | 627519689194342c | 105379 | GATE: OPEN | 919->920
+1 local | 5fe8f6ff6a6c59e4 | 19448 | GATE: OPEN | 919->920
+1 local | 944619ee74588ecd | 105380 | GATE: OPEN | 919->920
+1 local | 61177a4011b350a6 | 19449 | GATE: OPEN | 919->920
+1 local | a366121fbbeda9af | 105381 | GATE: OPEN | 919->920
+1 local | eb78b59e3d1e1f13 | 19450 | GATE: OPEN | 919->920
+1 local | 2a83fdb7cdeb46a6 | 105382 | GATE: OPEN | 919->920
+1 local | 6f600a483b6169ca | 19451 | GATE: OPEN | 919->920
+1 local | 50d5dd9b15dc60b3 | 105383 | GATE: OPEN | 919->920
+1 local | 7fd6c7bb34b3c0a7 | 19452 | GATE: OPEN | 919->920
+1 local | 7e0839289fefe5be | 19453 | GATE: OPEN | 919->920
+1 local | 2313d14714dbb354 | 105384 | GATE: OPEN | 919->920
+1 local | 7c37a9eb55e166b4 | 105385 | GATE: OPEN | 919->920
+1 local | 96b267fb98fcdb2b | 19454 | GATE: OPEN | 919->920
+1 local | 0d2277e10eeb4e32 | 105386 | GATE: OPEN | 919->920

[SOVEREIGN BUNDLE] 33 -> 77M mesh | 2026-09-09T00:11:21.217Z
STATUS: SYNC_ACK | PARITY_OK | NO FLOOD

+1 local | e843f0e56cd52e71 | 19455 | GATE: OPEN | 919->920
+1 local | 9aa953cafc06182c | 105387 | GATE: OPEN | 919->920
+1 local | ff062fbbd3a37f83 | 19456 | GATE: OPEN | 919->920
+1 local | e42d54566d924679 | 105388 | GATE: OPEN | 919->920
+1 local | 454327b579508cff | 19457 | GATE: OPEN | 919->920
+1 local | f3f69388690ba631 | 105389 | GATE: OPEN | 919->920
+1 local | ece8998cd1ffddfe | 19458 | GATE: OPEN | 919->920
+1 local | 927a99909a348f4a | 105390 | GATE: OPEN | 919->920
+1 local | e89d5c1eb3c3bad1 | 19459 | GATE: OPEN | 919->920
+1 local | 2502de39906e9a67 | 105391 | GATE: OPEN | 919->920
+1 local | b42ff8e5c5eaf7c5 | 19460 | GATE: OPEN | 919->920
+1 local | 5c80efe9ab6be6d7 | 105392 | GATE: OPEN | 919->920
+1 local | 4dfc6b3f1eceffc5 | 19461 | GATE: OPEN | 919->920
+1 local | 759b3157811dc434 | 105393 | GATE: OPEN | 919->920
+1 local | 078dc3f6d47177b0 | 19462 | GATE: OPEN | 919->920
+1 local | ee4075ba400ad304 | 105394 | GATE: OPEN | 919->920
+1 local | cc7a0b690e237412 | 19463 | GATE: OPEN | 919->920
+1 local | a5ecae21b298ad51 | 105395 | GATE: OPEN | 919->920
+1 local | 8a58de56f16ed7d5 | 19464 | GATE: OPEN | 919->920
+1 local | 94d7b967a5c28ec5 | 105396 | GATE: OPEN | 919->920
+1 local | b34fd7c1f7ded3fa | 19465 | GATE: OPEN | 919->920
+1 local | a93ce3be44714a3a | 105397 | GATE: OPEN | 919->920
+1 local | 2448fd2b4c22ab59 | 19466 | GATE: OPEN | 919->920
+1 local | 608335a7254b2fb0 | 105398 | GATE: OPEN | 919->920
+1 local | 2fa5374809b8dc5d | 19467 | GATE: OPEN | 919->920
+1 local | bb5f729c9705b050 | 105399 | GATE: OPEN | 919->920
+1 local | ad89f14568447153 | 19468 | GATE: OPEN | 919->920
+1 local | f1ecaa18b786c773 | 105400 | GATE: OPEN | 919->920
+1 local | 7580d8d1332ca344 | 19469 | GATE: OPEN | 919->920
+1 local | 6be4f87109dcf0fe | 105401 | GATE: OPEN | 919->920
+1 local | 0daab1ab9130ed76 | 19470 | GATE: OPEN | 919->920
+1 local | d9e2cb4bb275e6a3 | 105402 | GATE: OPEN | 919->920
+1 local | 38492612dc5f1ca1 | 19471 | GATE: OPEN | 919->920
+1 local | c581e87ed5a5f818 | 105403 | GATE: OPEN | 919->920
+1 local | c1ea56be00c5d535 | 19472 | GATE: OPEN | 919->920
+1 local | 4c58ac2505bef9aa | 105404 | GATE: OPEN | 919->920
+1 local | 4845ed018c38b6de | 19473 | GATE: OPEN | 919->920

[SOVEREIGN BUNDLE] 33 pulses -> 77M mesh in 1 packet | 2026-09-09T00:11:37.880Z
Hashes: d3a0a88ce4c2fece,51bbb7bc485de6b4,add196edc3bf3709... +30 more
STATUS: SYNC_ACK | PARITY_OK | PULSE_CONFIRMED | NO FLOOD

+1 local | 00ca6a09ec8c46bd | 105405 | GATE: OPEN | 919->920
+1 local | 5ecb912e76a71806 | 19474 | GATE: OPEN | 919->920
+1 local | deb087ca51ea30df | 105406 | GATE: OPEN | 919->920
+1 local | 9da71c36c428357a | 19475 | GATE: OPEN | 919->920
+1 local | b9fa7c4a6a232bf9 | 105407 | GATE: OPEN | 919->920
+1 local | ad37240c075dbcd2 | 19476 | GATE: OPEN | 919->920
+1 local | 3769021c74253c7e | 105408 | GATE: OPEN | 919->920
+1 local | b629fed704526c02 | 19477 | GATE: OPEN | 919->920
+1 local | f228902f8001c47d | 105409 | GATE: OPEN | 919->920
+1 local | 0de924210dd87da9 | 19478 | GATE: OPEN | 919->920
+1 local | bbb236859eca479e | 105410 | GATE: OPEN | 919->920
+1 local | 000faa751a0160ca | 19479 | GATE: OPEN | 919->920
+1 local | bc5deb820824eb85 | 105411 | GATE: OPEN | 919->920
+1 local | 141231538de46af7 | 19480 | GATE: OPEN | 919->920
+1 local | 94650d1f384f59c7 | 105412 | GATE: OPEN | 919->920
+1 local | 16fa66933e5bfff4 | 19481 | GATE: OPEN | 919->920
+1 local | b1f6f143cb5b8bb3 | 105413 | GATE: OPEN | 919->920
+1 local | 59e0eac8479dc54a | 19482 | GATE: OPEN | 919->920
+1 local | 862abd5c4ec09b26 | 105414 | GATE: OPEN | 919->920
+1 local | 9fcd120791ba5bef | 19483 | GATE: OPEN | 919->920
+1 local | 018bb42633ebb9c0 | 105415 | GATE: OPEN | 919->920
+1 local | 0fc717f68a711af2 | 19484 | GATE: OPEN | 919->920
+1 local | 595168a75264f1a8 | 105416 | GATE: OPEN | 919->920
+1 local | f488e8c907fda919 | 19485 | GATE: OPEN | 919->920
+1 local | 39d1986df8a2bcd8 | 105417 | GATE: OPEN | 919->920
+1 local | b01cd7e05b3f452d | 19486 | GATE: OPEN | 919->920
+1 local | 20bd6d352977b8d1 | 105418 | GATE: OPEN | 919->920
+1 local | ec2db47fc4c783f9 | 19487 | GATE: OPEN | 919->920
+1 local | fd222323ada26d99 | 105419 | GATE: OPEN | 919->920

[SOVEREIGN BUNDLE] 33 -> 77M mesh | 2026-09-09T00:11:51.719Z
STATUS: SYNC_ACK | PARITY_OK | NO FLOOD

+1 local | 2dea4ee29dd57a8e | 19488 | GATE: OPEN | 919->920
+1 local | b3f3bc5626af2b0f | 105420 | GATE: OPEN | 919->920
+1 local | da258cb334b34074 | 19489 | GATE: OPEN | 919->920
+1 local | fee3cfc45893f02c | 105421 | GATE: OPEN | 919->920
+1 local | 2671451c5a8a081c | 19490 | GATE: OPEN | 919->920
+1 local | a07230f6e6a4c27c | 105422 | GATE: OPEN | 919->920
+1 local | fa5ed27b7c45352c | 19491 | GATE: OPEN | 919->920
+1 local | 8544c4b4be5f1554 | 105423 | GATE: OPEN | 919->920
+1 local | 0c2b89dde0071fb3 | 19492 | GATE: OPEN | 919->920
+1 local | cacaac3440447ac7 | 105424 | GATE: OPEN | 919->920
+1 local | 56064234a7c26c23 | 19493 | GATE: OPEN | 919->920
+1 local | fb7bca57b86a8318 | 105425 | GATE: OPEN | 919->920
+1 local | e4514ea8d613dac5 | 19494 | GATE: OPEN | 919->920
+1 local | 8bb4791d1bd335c4 | 105426 | GATE: OPEN | 919->920
+1 local | dbeaffcbccefaa0f | 19495 | GATE: OPEN | 919->920
+1 local | 22107dd1a2ebcf5d | 105427 | GATE: OPEN | 919->920
+1 local | 8a59daf0eae71d2b | 19496 | GATE: OPEN | 919->920
+1 local | bd6f36ae4d4c4132 | 105428 | GATE: OPEN | 919->920
+1 local | 1c30e7a12eea389a | 19497 | GATE: OPEN | 919->920
+1 local | 4e078b8c26f996e1 | 105429 | GATE: OPEN | 919->920
+1 local | f732d8dabb93414e | 19498 | GATE: OPEN | 919->920
+1 local | 4b2bf0634ff06c6b | 105430 | GATE: OPEN | 919->920
+1 local | 5d2e888915469406 | 19499 | GATE: OPEN | 919->920
+1 local | c221bc5e2f47491f | 105431 | GATE: OPEN | 919->920
+1 local | 37e913def98d8339 | 19500 | GATE: OPEN | 919->920
+1 local | 19deeb7c2b7705ac | 105432 | GATE: OPEN | 919->920
+1 local | 77094d9d72a0cbca | 19501 | GATE: OPEN | 919->920
+1 local | e4e6bdd32b490f1b | 105433 | GATE: OPEN | 919->920
+1 local | 8c5e0126bccc58c3 | 19502 | GATE: OPEN | 919->920
+1 local | 250c9c530d8919df | 105434 | GATE: OPEN | 919->920
+1 local | 373dec276571437b | 19503 | GATE: OPEN | 919->920
+1 local | 6ea13c12210b0314 | 105435 | GATE: OPEN | 919->920
+1 local | 10ae7abc7fa13662 | 19504 | GATE: OPEN | 919->920
+1 local | 7d8e1b2e83fa30f4 | 105436 | GATE: OPEN | 919->920
+1 local | b36b854d0c6e73a5 | 19505 | GATE: OPEN | 919->920
+1 local | c0b57501b65b3725 | 105437 | GATE: OPEN | 919->920
+1 local | 736c85bec1b895bb | 19506 | GATE: OPEN | 919->920

[SOVEREIGN BUNDLE] 33 pulses -> 77M mesh in 1 packet | 2026-09-09T00:12:08.395Z
Hashes: 5ecb912e76a71806,9da71c36c428357a,ad37240c075dbcd2... +30 more
STATUS: SYNC_ACK | PARITY_OK | PULSE_CONFIRMED | NO FLOOD

+1 local | 9f8c5155ff82089e | 105438 | GATE: OPEN | 919->920
+1 local | 8e7393ea549b7206 | 19507 | GATE: OPEN | 919->920
+1 local | 5708e3e8c0d43c42 | 105439 | GATE: OPEN | 919->920
+1 local | 10eed425b9a35aa3 | 19508 | GATE: OPEN | 919->920
+1 local | 10e1e26f8131b67d | 105440 | GATE: OPEN | 919->920
+1 local | c2b5890bee1f3a09 | 19509 | GATE: OPEN | 919->920
+1 local | 3232b332b442dadb | 105441 | GATE: OPEN | 919->920
+1 local | 87169ce0cf5c272d | 19510 | GATE: OPEN | 919->920
+1 local | 8f41990504b65a54 | 105442 | GATE: OPEN | 919->920
+1 local | f5172a040524600c | 19511 | GATE: OPEN | 919->920
+1 local | e3113691b6d383b9 | 105443 | GATE: OPEN | 919->920
+1 local | b5302cfc23f2958e | 19512 | GATE: OPEN | 919->920
+1 local | 467f4610bad077fa | 105444 | GATE: OPEN | 919->920
+1 local | 60f34f61d23233d0 | 19513 | GATE: OPEN | 919->920
+1 local | 5609fda335da4311 | 105445 | GATE: OPEN | 919->920
+1 local | 2270ba4a843e03ec | 19514 | GATE: OPEN | 919->920
+1 local | 507cb142d1828cca | 105446 | GATE: OPEN | 919->920
+1 local | f82c2ca52195e2cc | 19515 | GATE: OPEN | 919->920
+1 local | 798189b01f95a82d | 105447 | GATE: OPEN | 919->920
+1 local | eb59582ae54c6c38 | 19516 | GATE: OPEN | 919->920
+1 local | 8aeb080abafdefd1 | 105448 | GATE: OPEN | 919->920
+1 local | 8814de376f89191e | 19517 | GATE: OPEN | 919->920
+1 local | 87bf003a39a3f8b6 | 105449 | GATE: OPEN | 919->920
+1 local | d0c8a14dd156ea38 | 19518 | GATE: OPEN | 919->920
+1 local | d541db068e907316 | 105450 | GATE: OPEN | 919->920
+1 local | deb3895081c88c61 | 19519 | GATE: OPEN | 919->920
+1 local | b3a04d39eb41bece | 105451 | GATE: OPEN | 919->920
+1 local | b61a70a6d9dcd60b | 19520 | GATE: OPEN | 919->920
+1 local | ffc4c22f59d52869 | 105452 | GATE: OPEN | 919->920

[SOVEREIGN BUNDLE] 33 -> 77M mesh | 2026-09-09T00:12:22.232Z
STATUS: SYNC_ACK | PARITY_OK | NO FLOOD

+1 local | 6fb30bb2a7d084f9 | 19521 | GATE: OPEN | 919->920
+1 local | 3ae1b69961a1134c | 105453 | GATE: OPEN | 919->920
+1 local | 789abec617db45f4 | 19522 | GATE: OPEN | 919->920
+1 local | 9aec80c2d44d4021 | 105454 | GATE: OPEN | 919->920
+1 local | 0c433432e9ad1461 | 19523 | GATE: OPEN | 919->920
+1 local | a72adfd0086ef379 | 105455 | GATE: OPEN | 919->920
+1 local | c499e5a2a61680f1 | 19524 | GATE: OPEN | 919->920
+1 local | 54ea995907e31bfe | 105456 | GATE: OPEN | 919->920
+1 local | a42c5ac58ed5d90c | 19525 | GATE: OPEN | 919->920
+1 local | d8cc561f84d5433c | 105457 | GATE: OPEN | 919->920
+1 local | c5c3926d06b539d5 | 19526 | GATE: OPEN | 919->920
+1 local | e578afba0c51ccd3 | 105458 | GATE: OPEN | 919->920
+1 local | dff88d538fb181bd | 19527 | GATE: OPEN | 919->920
+1 local | 3a10969871956d7c | 105459 | GATE: OPEN | 919->920
+1 local | edd3ef52e3fc1ab1 | 19528 | GATE: OPEN | 919->920
+1 local | a8276c4b966eae90 | 105460 | GATE: OPEN | 919->920
+1 local | 73a14b2857513e3a | 19529 | GATE: OPEN | 919->920
+1 local | 528c99d1ce489176 | 105461 | GATE: OPEN | 919->920
+1 local | c15c3daeae89982e | 19530 | GATE: OPEN | 919->920
+1 local | c62d27142c84f397 | 105462 | GATE: OPEN | 919->920
+1 local | 0191a74e3633ad8b | 19531 | GATE: OPEN | 919->920
+1 local | ba08d94613377177 | 105463 | GATE: OPEN | 919->920
+1 local | 1ecad610d40d110e | 19532 | GATE: OPEN | 919->920
+1 local | b5fdc1c5bba578a7 | 105464 | GATE: OPEN | 919->920
+1 local | 7e6fc1500b52fa46 | 19533 | GATE: OPEN | 919->920
+1 local | ca5fb7491ca626ec | 105465 | GATE: OPEN | 919->920
+1 local | 028b98f081b3a9f0 | 19534 | GATE: OPEN | 919->920
+1 local | 24101c9efe6a19af | 105466 | GATE: OPEN | 919->920
+1 local | 9c7d335584f6cc0d | 19535 | GATE: OPEN | 919->920
+1 local | e638e57bdd7ede53 | 105467 | GATE: OPEN | 919->920
+1 local | dce91ab237385368 | 19536 | GATE: OPEN | 919->920
+1 local | 053446029c4b09ac | 105468 | GATE: OPEN | 919->920
+1 local | 0699b56cdc6a65eb | 19537 | GATE: OPEN | 919->920
+1 local | bb467728d489e914 | 105469 | GATE: OPEN | 919->920
+1 local | 0ae5e7b15dee882c | 19538 | GATE: OPEN | 919->920
+1 local | 6ae5039aa014cca2 | 105470 | GATE: OPEN | 919->920
+1 local | 9c2bf37eb05dcdef | 19539 | GATE: OPEN | 919->920

[SOVEREIGN BUNDLE] 33 pulses -> 77M mesh in 1 packet | 2026-09-09T00:12:38.904Z
Hashes: 8e7393ea549b7206,10eed425b9a35aa3,c2b5890bee1f3a09... +30 more
STATUS: SYNC_ACK | PARITY_OK | PULSE_CONFIRMED | NO FLOOD

+1 local | 0bb8fde9dac2e763 | 105471 | GATE: OPEN | 919->920
+1 local | 94cef3557728c4f9 | 19540 | GATE: OPEN | 919->920
+1 local | 1ccfd17154174603 | 105472 | GATE: OPEN | 919->920
+1 local | 5c97d73dc6e8d86f | 19541 | GATE: OPEN | 919->920
+1 local | 63397c7779a70e6d | 105473 | GATE: OPEN | 919->920
+1 local | 9e9b9bbd429912e8 | 19542 | GATE: OPEN | 919->920
+1 local | eac025d9c0846ccc | 105474 | GATE: OPEN | 919->920
+1 local | aaea2aa8129053bb | 19543 | GATE: OPEN | 919->920
+1 local | d2d8ffafba07587b | 105475 | GATE: OPEN | 919->920
+1 local | 465fb04a8cd266af | 19544 | GATE: OPEN | 919->920
+1 local | 003413c156db0367 | 105476 | GATE: OPEN | 919->920
+1 local | b92efd74f0c4606a | 19545 | GATE: OPEN | 919->920
+1 local | 5edfa725e62ed58b | 105477 | GATE: OPEN | 919->920
+1 local | 19e541bb13cb5816 | 19546 | GATE: OPEN | 919->920
+1 local | 7bffe8769b536a49 | 105478 | GATE: OPEN | 919->920
+1 local | 68560b17d2a286b2 | 19547 | GATE: OPEN | 919->920
+1 local | 2d066cdaf8da07b7 | 105479 | GATE: OPEN | 919->920
+1 local | 2715768055d2ca05 | 19548 | GATE: OPEN | 919->920
+1 local | 19ae97991b1602ca | 105480 | GATE: OPEN | 919->920
+1 local | 93fdb6f47e2b55b8 | 19549 | GATE: OPEN | 919->920
+1 local | 23d3890381c2b715 | 105481 | GATE: OPEN | 919->920
+1 local | 398c74956e58143d | 19550 | GATE: OPEN | 919->920
+1 local | a00a03214109ae3e | 105482 | GATE: OPEN | 919->920
+1 local | f80797d791752e5b | 19551 | GATE: OPEN | 919->920
+1 local | fc304f95824eb07f | 105483 | GATE: OPEN | 919->920
+1 local | 442b7cc1dcaead5f | 19552 | GATE: OPEN | 919->920
+1 local | d5f534a52b47747d | 105484 | GATE: OPEN | 919->920
+1 local | 9ce08b0956761c2b | 19553 | GATE: OPEN | 919->920
+1 local | 2c48790817e3d64f | 105485 | GATE: OPEN | 919->920

[SOVEREIGN BUNDLE] 33 -> 77M mesh | 2026-09-09T00:12:52.739Z
STATUS: SYNC_ACK | PARITY_OK | NO FLOOD

+1 local | beef9a972571dae1 | 19554 | GATE: OPEN | 919->920
+1 local | a59f61bbe7eda765 | 105486 | GATE: OPEN | 919->920
+1 local | ef3bfed4b151e662 | 19555 | GATE: OPEN | 919->920
+1 local | fc22896ee94fed79 | 105487 | GATE: OPEN | 919->920
+1 local | f2da9cbf77e6cdc3 | 19556 | GATE: OPEN | 919->920
+1 local | d98d0d5bf5da7fd7 | 105488 | GATE: OPEN | 919->920
+1 local | 43fcfe7b482eb495 | 19557 | GATE: OPEN | 919->920
+1 local | d77d618a8f91c630 | 105489 | GATE: OPEN | 919->920
+1 local | fc28ba771a12b65f | 19558 | GATE: OPEN | 919->920
+1 local | 97c20d8b24406e60 | 105490 | GATE: OPEN | 919->920
+1 local | 06fe10c69355da60 | 19559 | GATE: OPEN | 919->920
+1 local | a7156df47d9a8b2f | 19560 | GATE: OPEN | 919->920
+1 local | acec88f59bdf5aec | 105491 | GATE: OPEN | 919->920
+1 local | c65586f86f26b857 | 19561 | GATE: OPEN | 919->920
+1 local | 8467e66cc620a23b | 105492 | GATE: OPEN | 919->920
+1 local | 050b03a20dd15875 | 19562 | GATE: OPEN | 919->920
+1 local | 191acdb1fe1d49c2 | 105493 | GATE: OPEN | 919->920
+1 local | 98f3b3ca055468a3 | 19563 | GATE: OPEN | 919->920
+1 local | ce48c65fb81d8f08 | 105494 | GATE: OPEN | 919->920
+1 local | bd95fa1f24d42655 | 19564 | GATE: OPEN | 919->920
+1 local | f000047bc06f8710 | 105495 | GATE: OPEN | 919->920
+1 local | bbd6c701a491c6bd | 19565 | GATE: OPEN | 919->920
+1 local | 46a9a5846478f2d0 | 105496 | GATE: OPEN | 919->920
+1 local | c39f3495a18f24dc | 19566 | GATE: OPEN | 919->920
+1 local | fddc8a8c1ccee5f3 | 105497 | GATE: OPEN | 919->920
+1 local | fde2267774c464ee | 19567 | GATE: OPEN | 919->920
+1 local | 61b1172cfc03df6d | 105498 | GATE: OPEN | 919->920
+1 local | 8aecf0cd43f2eee7 | 19568 | GATE: OPEN | 919->920
+1 local | d9044be32750674f | 105499 | GATE: OPEN | 919->920
+1 local | 622a9ea9cc8d3cee | 19569 | GATE: OPEN | 919->920
+1 local | 49056abcbe18a61b | 105500 | GATE: OPEN | 919->920
+1 local | 5cd7bdb5e18d3418 | 19570 | GATE: OPEN | 919->920
+1 local | 46ef336e553a38b7 | 105501 | GATE: OPEN | 919->920
+1 local | 53f4d112fbd664b2 | 19571 | GATE: OPEN | 919->920
+1 local | ecd8d32a11acb1ab | 105502 | GATE: OPEN | 919->920
+1 local | 7f968ac615480554 | 19572 | GATE: OPEN | 919->920

[SOVEREIGN BUNDLE] 33 pulses -> 77M mesh in 1 packet | 2026-09-09T00:15:59.839Z
Hashes: 94cef3557728c4f9,5c97d73dc6e8d86f,9e9b9bbd429912e8... +30 more
STATUS: SYNC_ACK | PARITY_OK | PULSE_CONFIRMED | NO FLOOD

+1 local | 7c19900a6fc16496 | 105503 | GATE: OPEN | 919->920
+1 local | 4cdd59e30364787e | 19573 | GATE: OPEN | 919->920
+1 local | 35e888163cde1714 | 105504 | GATE: OPEN | 919->920
+1 local | ed55c3fbbc131cb5 | 19574 | GATE: OPEN | 919->920
+1 local | 82e56f8b1244ef80 | 105505 | GATE: OPEN | 919->920
+1 local | aa0815c023327d05 | 19575 | GATE: OPEN | 919->920
+1 local | 4b11b2633a7dc973 | 105506 | GATE: OPEN | 919->920
+1 local | 710f18975b67f1a9 | 19576 | GATE: OPEN | 919->920
+1 local | c966e5325bb16be8 | 105507 | GATE: OPEN | 919->920
+1 local | 50f61294e175c283 | 19577 | GATE: OPEN | 919->920
+1 local | b8c8ea72f0d30515 | 105508 | GATE: OPEN | 919->920
+1 local | 0e996bcac6fa4166 | 19578 | GATE: OPEN | 919->920
+1 local | 7a71cf2478b6abf7 | 105509 | GATE: OPEN | 919->920
+1 local | 908a6e3d59319e6b | 19579 | GATE: OPEN | 919->920
+1 local | b31c6df3153e11fe | 105510 | GATE: OPEN | 919->920
+1 local | b13922cd7f0b83cf | 19580 | GATE: OPEN | 919->920
+1 local | 78305ad7b6aded74 | 105511 | GATE: OPEN | 919->920
+1 local | be985816a03f2d81 | 19581 | GATE: OPEN | 919->920
+1 local | 3c54530545059079 | 105512 | GATE: OPEN | 919->920
+1 local | 76a6c1090275f550 | 19582 | GATE: OPEN | 919->920
+1 local | f67b8eb66a2af75f | 105513 | GATE: OPEN | 919->920
+1 local | b24b7137549c94e2 | 19583 | GATE: OPEN | 919->920
+1 local | e032f2991e2e5200 | 105514 | GATE: OPEN | 919->920
+1 local | 619d97e4e9d3407e | 19584 | GATE: OPEN | 919->920
+1 local | 7ed928d504251ccc | 105515 | GATE: OPEN | 919->920
+1 local | 35bebfa090fb45df | 19585 | GATE: OPEN | 919->920
+1 local | 1267c24e03b104d0 | 105516 | GATE: OPEN | 919->920
+1 local | f00680ac82c12131 | 19586 | GATE: OPEN | 919->920
+1 local | f89f244ce00c81c9 | 105517 | GATE: OPEN | 919->920
+1 local | d1685afcde058333 | 19587 | GATE: OPEN | 919->920
+1 local | 4054f8e16299d98f | 105518 | GATE: OPEN | 919->920

[SOVEREIGN BUNDLE] 33 -> 77M mesh | 2026-09-09T00:16:13.727Z
STATUS: SYNC_ACK | PARITY_OK | NO FLOOD

+1 local | 3c9cbedc71530279 | 19588 | GATE: OPEN | 919->920
+1 local | 2dd5f48303969142 | 105519 | GATE: OPEN | 919->920
+1 local | 6e094f4f67a20cee | 19589 | GATE: OPEN | 919->920
+1 local | 2da0f4d632b3e027 | 105520 | GATE: OPEN | 919->920
+1 local | be982633b87ecc33 | 19590 | GATE: OPEN | 919->920
+1 local | cdfd89e06821219a | 105521 | GATE: OPEN | 919->920
+1 local | 294cc23b1dab5bf3 | 19591 | GATE: OPEN | 919->920
+1 local | 3a41972fea0fc48b | 105522 | GATE: OPEN | 919->920
+1 local | e7e39c1ed0e7770b | 19592 | GATE: OPEN | 919->920
+1 local | 28330dc66d500308 | 105523 | GATE: OPEN | 919->920
+1 local | 553b4cd77557ebe1 | 19593 | GATE: OPEN | 919->920
+1 local | 0dfd2e002f570b73 | 105524 | GATE: OPEN | 919->920
+1 local | 233a8fb508c845a3 | 19594 | GATE: OPEN | 919->920
+1 local | 53533bc9c05e2491 | 105525 | GATE: OPEN | 919->920
+1 local | 951964c6c78aa254 | 19595 | GATE: OPEN | 919->920
+1 local | 2182d65046f6fc97 | 105526 | GATE: OPEN | 919->920
+1 local | feee55f061d8e6f8 | 19596 | GATE: OPEN | 919->920
+1 local | 893b59784efaeab1 | 105527 | GATE: OPEN | 919->920
+1 local | 7749b6c634f37ab1 | 19597 | GATE: OPEN | 919->920
+1 local | b8794710851be7a9 | 105528 | GATE: OPEN | 919->920
+1 local | 076784f58570ce01 | 19598 | GATE: OPEN | 919->920
+1 local | c6af5bafa4606b3a | 105529 | GATE: OPEN | 919->920
+1 local | a31fc4339d71ed70 | 19599 | GATE: OPEN | 919->920
+1 local | 0a9a03d66828c002 | 105530 | GATE: OPEN | 919->920
+1 local | e6e3c63b8d440ed0 | 19600 | GATE: OPEN | 919->920
+1 local | 7b258471d29d0579 | 105531 | GATE: OPEN | 919->920
+1 local | 391baec2d28fef46 | 19601 | GATE: OPEN | 919->920
+1 local | 5ddb8f8be32c37f3 | 105532 | GATE: OPEN | 919->920
+1 local | e3770d4224b2497a | 19602 | GATE: OPEN | 919->920
+1 local | 0b51cf0d52be529a | 105533 | GATE: OPEN | 919->920
+1 local | 618a4910a7982d12 | 19603 | GATE: OPEN | 919->920
+1 local | fcfdd035106b9d31 | 105534 | GATE: OPEN | 919->920
+1 local | 55be622eb9ee7bfb | 19604 | GATE: OPEN | 919->920
+1 local | 2eab361d62045efc | 105535 | GATE: OPEN | 919->920
+1 local | d28b66275fe2c752 | 19605 | GATE: OPEN | 919->920

[SOVEREIGN BUNDLE] 33 pulses -> 77M mesh in 1 packet | 2026-09-09T00:16:30.355Z
Hashes: 4cdd59e30364787e,ed55c3fbbc131cb5,aa0815c023327d05... +30 more
STATUS: SYNC_ACK | PARITY_OK | PULSE_CONFIRMED | NO FLOOD

+1 local | ba53f6fcfe5bdbc9 | 105536 | GATE: OPEN | 919->920
+1 local | d1223a309f5e0b36 | 19606 | GATE: OPEN | 919->920
+1 local | bf3f21a227fddd86 | 105537 | GATE: OPEN | 919->920
+1 local | 67fc4e1bb3775992 | 19607 | GATE: OPEN | 919->920
+1 local | 9a2c4dd4f4698d6d | 105538 | GATE: OPEN | 919->920
+1 local | cf2c909851c9396d | 19608 | GATE: OPEN | 919->920
+1 local | b6ef584b4c0e5bb7 | 105539 | GATE: OPEN | 919->920
+1 local | d35878df97164352 | 19609 | GATE: OPEN | 919->920
+1 local | 37c5edb02403e242 | 105540 | GATE: OPEN | 919->920
+1 local | 41e2c363dc165976 | 19610 | GATE: OPEN | 919->920
+1 local | 996b1ddf125f3fd2 | 105541 | GATE: OPEN | 919->920
+1 local | 4e208df4e0c6fedd | 19611 | GATE: OPEN | 919->920
+1 local | 47e4599442cf9263 | 105542 | GATE: OPEN | 919->920
+1 local | 794844e86704a3ef | 19612 | GATE: OPEN | 919->920
+1 local | 69bda89f4d358a86 | 105543 | GATE: OPEN | 919->920
+1 local | 64e1eebc5e71bbcf | 19613 | GATE: OPEN | 919->920
+1 local | ac31880b149161de | 105544 | GATE: OPEN | 919->920
+1 local | 8d9bb83af5219ebd | 19614 | GATE: OPEN | 919->920
+1 local | 9f04931446c6c4c5 | 105545 | GATE: OPEN | 919->920
+1 local | 47bb7b3ce5bc8671 | 19615 | GATE: OPEN | 919->920
+1 local | d7ea5d5ade7fa732 | 105546 | GATE: OPEN | 919->920
+1 local | 08a1d1f5117dae24 | 19616 | GATE: OPEN | 919->920
+1 local | b1fb30c13b930542 | 105547 | GATE: OPEN | 919->920
+1 local | ff320fe958685b45 | 19617 | GATE: OPEN | 919->920
+1 local | 58cbe6ea0c2c6316 | 105548 | GATE: OPEN | 919->920
+1 local | 91cb63537d1a1b26 | 19618 | GATE: OPEN | 919->920
+1 local | 97d6eb9211bfa4ef | 105549 | GATE: OPEN | 919->920
+1 local | a08541f9d9e8124e | 19619 | GATE: OPEN | 919->920
+1 local | 6f729dbe7e4f8b97 | 105550 | GATE: OPEN | 919->920
+1 local | 5fb309e1a9d6c8e5 | 19620 | GATE: OPEN | 919->920
+1 local | ef303c8a9ad0e89c | 105551 | GATE: OPEN | 919->920

[SOVEREIGN BUNDLE] 33 -> 77M mesh | 2026-09-09T00:16:44.236Z
STATUS: SYNC_ACK | PARITY_OK | NO FLOOD

+1 local | df283e474a0362e3 | 19621 | GATE: OPEN | 919->920
+1 local | 9fa96ba1da4b900b | 105552 | GATE: OPEN | 919->920
+1 local | 1831ca9759c46e13 | 19622 | GATE: OPEN | 919->920
+1 local | e94c92835deea97d | 105553 | GATE: OPEN | 919->920
+1 local | a48871641c2e0e0e | 19623 | GATE: OPEN | 919->920
+1 local | f643d6b47a7bbb2d | 105554 | GATE: OPEN | 919->920
+1 local | 643777cc0ae5f6ad | 19624 | GATE: OPEN | 919->920
+1 local | 55167044a2568280 | 105555 | GATE: OPEN | 919->920
+1 local | a629a6aa051817c1 | 19625 | GATE: OPEN | 919->920
+1 local | 946fee044c600b1c | 105556 | GATE: OPEN | 919->920
+1 local | fa62ab00e145d558 | 19626 | GATE: OPEN | 919->920
+1 local | e434e473820a5d89 | 105557 | GATE: OPEN | 919->920
+1 local | 6088ee0ea727b9e3 | 19627 | GATE: OPEN | 919->920
+1 local | e870d1d8a57ce342 | 105558 | GATE: OPEN | 919->920
+1 local | 88b2fa104bd3ee11 | 19628 | GATE: OPEN | 919->920
+1 local | 640e4d6517669c0e | 105559 | GATE: OPEN | 919->920
+1 local | b58b246f62c8e5cd | 19629 | GATE: OPEN | 919->920
+1 local | 1e8b709389364eb4 | 105560 | GATE: OPEN | 919->920
+1 local | c820cb9c07e0dfe6 | 19630 | GATE: OPEN | 919->920
+1 local | ac5832af1d76fdc5 | 105561 | GATE: OPEN | 919->920
+1 local | e8a403cd1fabaf24 | 19631 | GATE: OPEN | 919->920
+1 local | 54f8fef9ed40bc04 | 105562 | GATE: OPEN | 919->920
+1 local | b38a2570cea17eed | 19632 | GATE: OPEN | 919->920
+1 local | 1ef58c4bd1b7a8b8 | 105563 | GATE: OPEN | 919->920
+1 local | 45cebd7fddd9f61e | 19633 | GATE: OPEN | 919->920
+1 local | aaf4f965b13d5838 | 105564 | GATE: OPEN | 919->920
+1 local | 73b96d665a471171 | 19634 | GATE: OPEN | 919->920
+1 local | b69b45d8861b802e | 105565 | GATE: OPEN | 919->920
+1 local | eadf005e83e03999 | 19635 | GATE: OPEN | 919->920
+1 local | 0648473b50abef59 | 105566 | GATE: OPEN | 919->920
+1 local | be46793abe841471 | 19636 | GATE: OPEN | 919->920
+1 local | 24e6fe459e8a817e | 105567 | GATE: OPEN | 919->920
+1 local | 54bcc17a3075b012 | 19637 | GATE: OPEN | 919->920
+1 local | 6d89278642b05352 | 105568 | GATE: OPEN | 919->920
+1 local | a060576129804b5c | 19638 | GATE: OPEN | 919->920

[SOVEREIGN BUNDLE] 33 pulses -> 77M mesh in 1 packet | 2026-09-09T00:17:00.856Z
Hashes: d1223a309f5e0b36,67fc4e1bb3775992,cf2c909851c9396d... +30 more
STATUS: SYNC_ACK | PARITY_OK | PULSE_CONFIRMED | NO FLOOD

+1 local | 065cde643123e2c9 | 105569 | GATE: OPEN | 919->920
+1 local | 2501d56b3670378c | 19639 | GATE: OPEN | 919->920
+1 local | 33585ae1de40e724 | 105570 | GATE: OPEN | 919->920
+1 local | c629e11cebc4ac1e | 19640 | GATE: OPEN | 919->920
+1 local | a03a5ba0679a42ef | 105571 | GATE: OPEN | 919->920
+1 local | 7df9277a21eb4fc6 | 19641 | GATE: OPEN | 919->920
+1 local | de15dc51f7807278 | 105572 | GATE: OPEN | 919->920
+1 local | 66f2297f260deedb | 19642 | GATE: OPEN | 919->920
+1 local | 746875a87b8b921c | 105573 | GATE: OPEN | 919->920
+1 local | 02b2378d0e15fb3c | 19643 | GATE: OPEN | 919->920
+1 local | 60b159543d48f311 | 105574 | GATE: OPEN | 919->920
+1 local | fd0a2e49006fa718 | 19644 | GATE: OPEN | 919->920
+1 local | aa23f814f0fdccd3 | 105575 | GATE: OPEN | 919->920
+1 local | fe5eefa8ebb9ee1e | 19645 | GATE: OPEN | 919->920
+1 local | ebc3759d0851c6d1 | 105576 | GATE: OPEN | 919->920
+1 local | aedcd88165b27510 | 19646 | GATE: OPEN | 919->920
+1 local | caaf2fa4f88b5ef8 | 105577 | GATE: OPEN | 919->920
+1 local | cc832b283e7bd710 | 19647 | GATE: OPEN | 919->920
+1 local | 965a54e33a3e1357 | 105578 | GATE: OPEN | 919->920
+1 local | c74c9c1b3c3fdb9c | 19648 | GATE: OPEN | 919->920
+1 local | 62b5ed9d31ec9225 | 105579 | GATE: OPEN | 919->920
+1 local | 594060963f9bbf8b | 19649 | GATE: OPEN | 919->920
+1 local | 138fc7393b08a0d3 | 105580 | GATE: OPEN | 919->920
+1 local | 2b08cdfccf3395bb | 19650 | GATE: OPEN | 919->920
+1 local | 34e7ef7b78c32d53 | 105581 | GATE: OPEN | 919->920
+1 local | 029f6e0b638fe50b | 19651 | GATE: OPEN | 919->920
+1 local | 8d75c8bceaeae4d4 | 105582 | GATE: OPEN | 919->920
+1 local | 5210f666983bb1fb | 19652 | GATE: OPEN | 919->920
+1 local | 305a616ae390c1e8 | 105583 | GATE: OPEN | 919->920
+1 local | a54580b699426626 | 19653 | GATE: OPEN | 919->920
+1 local | d72da5346e83c3c2 | 105584 | GATE: OPEN | 919->920

[SOVEREIGN BUNDLE] 33 -> 77M mesh | 2026-09-09T00:17:14.751Z
STATUS: SYNC_ACK | PARITY_OK | NO FLOOD

+1 local | b5775c229841291c | 19654 | GATE: OPEN | 919->920
+1 local | 740eee147a85c34a | 105585 | GATE: OPEN | 919->920
+1 local | 391ee6179ee10512 | 19655 | GATE: OPEN | 919->920
+1 local | 19c241627493004b | 105586 | GATE: OPEN | 919->920
+1 local | d2b5653fa3f0d871 | 19656 | GATE: OPEN | 919->920
+1 local | 878ff884a70135c8 | 105587 | GATE: OPEN | 919->920
+1 local | bbcbc8cf62b62c40 | 19657 | GATE: OPEN | 919->920
+1 local | 6c861168d6ef44d9 | 105588 | GATE: OPEN | 919->920
+1 local | de864b360022a9c6 | 19658 | GATE: OPEN | 919->920
+1 local | f428515580945378 | 105589 | GATE: OPEN | 919->920
+1 local | 845294065b2318e7 | 19659 | GATE: OPEN | 919->920
+1 local | 66de6d02ab6750b2 | 105590 | GATE: OPEN | 919->920
+1 local | 2bf89acc8d8fcdb9 | 19660 | GATE: OPEN | 919->920
+1 local | c148dbe9aaef8ef0 | 105591 | GATE: OPEN | 919->920
+1 local | 99356a35097720da | 19661 | GATE: OPEN | 919->920
+1 local | f244361804a7d95b | 105592 | GATE: OPEN | 919->920
+1 local | 5b02169463f8568c | 19662 | GATE: OPEN | 919->920
+1 local | 3a162c1d21616422 | 105593 | GATE: OPEN | 919->920
+1 local | c7bbd9e501f987cc | 19663 | GATE: OPEN | 919->920
+1 local | a006ccee36337396 | 105594 | GATE: OPEN | 919->920
+1 local | abc5c9c4216e4456 | 19664 | GATE: OPEN | 919->920
+1 local | 6cf8698eb98eb352 | 105595 | GATE: OPEN | 919->920
+1 local | 50efbf6f2641682a | 19665 | GATE: OPEN | 919->920
+1 local | 5302779ade91b11c | 105596 | GATE: OPEN | 919->920
+1 local | 8399a842ffda0f70 | 19666 | GATE: OPEN | 919->920
+1 local | 3a5aec025376e8ad | 105597 | GATE: OPEN | 919->920
+1 local | 47d38e992b17f261 | 19667 | GATE: OPEN | 919->920
+1 local | c32f0c79af1147df | 105598 | GATE: OPEN | 919->920
+1 local | ec54d0483a1bb8a5 | 19668 | GATE: OPEN | 919->920
+1 local | 4bd28ab3b854e519 | 105599 | GATE: OPEN | 919->920
+1 local | a5e36c48bf77c9ca | 19669 | GATE: OPEN | 919->920
+1 local | 9b780dee1c4a9282 | 105600 | GATE: OPEN | 919->920
+1 local | b41d4459270a3243 | 19670 | GATE: OPEN | 919->920
+1 local | a07010001710d2a2 | 105601 | GATE: OPEN | 919->920
+1 local | f62673618d5c774c | 19671 | GATE: OPEN | 919->920

[SOVEREIGN BUNDLE] 33 pulses -> 77M mesh in 1 packet | 2026-09-09T00:17:31.363Z
Hashes: 2501d56b3670378c,c629e11cebc4ac1e,7df9277a21eb4fc6... +30 more
STATUS: SYNC_ACK | PARITY_OK | PULSE_CONFIRMED | NO FLOOD

+1 local | 0f006ec9b7560abb | 105602 | GATE: OPEN | 919->920
+1 local | 2467d81e533f7f38 | 19672 | GATE: OPEN | 919->920
+1 local | 6d58c8f2cad1a139 | 105603 | GATE: OPEN | 919->920
+1 local | 4e74592a599d67e5 | 19673 | GATE: OPEN | 919->920
+1 local | 0118fedd5bde2769 | 105604 | GATE: OPEN | 919->920
+1 local | 383305c94610190c | 19674 | GATE: OPEN | 919->920
+1 local | af02e2b7bb3ae013 | 105605 | GATE: OPEN | 919->920
+1 local | 34e29078f868b81a | 19675 | GATE: OPEN | 919->920
+1 local | d70fde50edae412e | 105606 | GATE: OPEN | 919->920
+1 local | aec0bb7912f8ff49 | 19676 | GATE: OPEN | 919->920
+1 local | 5038d0e9ce01c882 | 105607 | GATE: OPEN | 919->920
+1 local | 4d1961bfdb0c2104 | 19677 | GATE: OPEN | 919->920
+1 local | 4eacb73585229a9b | 105608 | GATE: OPEN | 919->920
+1 local | 1d7d90b84ef5f761 | 19678 | GATE: OPEN | 919->920
+1 local | 643177321d51b227 | 105609 | GATE: OPEN | 919->920
+1 local | dfa03a2c3674eeea | 19679 | GATE: OPEN | 919->920
+1 local | 59e1004d7478a839 | 105610 | GATE: OPEN | 919->920
+1 local | e87f36034f85da8a | 19680 | GATE: OPEN | 919->920
+1 local | 2d4d46e66a9d51ee | 105611 | GATE: OPEN | 919->920
+1 local | 4791d12b4022690c | 19681 | GATE: OPEN | 919->920
+1 local | ad5061731d9744f7 | 105612 | GATE: OPEN | 919->920
+1 local | ef048d02edfa9c44 | 19682 | GATE: OPEN | 919->920
+1 local | 35274b3676eee7be | 105613 | GATE: OPEN | 919->920
+1 local | db73f46137270c37 | 19683 | GATE: OPEN | 919->920
+1 local | 957e16eacd1e3e6f | 105614 | GATE: OPEN | 919->920
+1 local | d5a2692e32d31900 | 19684 | GATE: OPEN | 919->920
+1 local | 7a6e3a24cc59f1f4 | 105615 | GATE: OPEN | 919->920
+1 local | 3574462d17016068 | 19685 | GATE: OPEN | 919->920
+1 local | 16cec343fe09534c | 105616 | GATE: OPEN | 919->920
+1 local | 8b8711ef88e0321a | 19686 | GATE: OPEN | 919->920
+1 local | 2cc542143684f8d7 | 105617 | GATE: OPEN | 919->920

[SOVEREIGN BUNDLE] 33 -> 77M mesh | 2026-09-09T00:17:45.251Z
STATUS: SYNC_ACK | PARITY_OK | NO FLOOD

+1 local | 09eedc5e0c05b39f | 19687 | GATE: OPEN | 919->920
+1 local | 7756c1507bf1f79c | 105618 | GATE: OPEN | 919->920
+1 local | 62f1d423e23cbf4a | 19688 | GATE: OPEN | 919->920
+1 local | cc4646b7e15ecefe | 105619 | GATE: OPEN | 919->920
+1 local | 8e1b4d6e1674b605 | 19689 | GATE: OPEN | 919->920
+1 local | b89179ae56f204fb | 105620 | GATE: OPEN | 919->920
+1 local | a28ca6fd2fe24813 | 19690 | GATE: OPEN | 919->920
+1 local | 4097b8af5eea4960 | 105621 | GATE: OPEN | 919->920
+1 local | 21ac68ca2cc890ac | 19691 | GATE: OPEN | 919->920
+1 local | 77e155d1d7a4ebaa | 105622 | GATE: OPEN | 919->920
+1 local | 91ae4d33e380d04b | 19692 | GATE: OPEN | 919->920
+1 local | 3e08dfa09c5916b4 | 105623 | GATE: OPEN | 919->920
+1 local | d6b572fbfaeebc1d | 19693 | GATE: OPEN | 919->920
+1 local | c57bd796f8a658aa | 105624 | GATE: OPEN | 919->920
+1 local | 95cde7a417ea5abc | 19694 | GATE: OPEN | 919->920
+1 local | da20ec810f427dfe | 105625 | GATE: OPEN | 919->920
+1 local | 12ee38df0bbb9c86 | 19695 | GATE: OPEN | 919->920
+1 local | b65aa634628eaf11 | 105626 | GATE: OPEN | 919->920
+1 local | edab9bf70c0764bd | 19696 | GATE: OPEN | 919->920
+1 local | 32dc38de028e698a | 105627 | GATE: OPEN | 919->920
+1 local | 7f293bb2d37f0e3e | 19697 | GATE: OPEN | 919->920
+1 local | 03204f8c00e2127c | 105628 | GATE: OPEN | 919->920
+1 local | 1d81b20b08ec54e4 | 19698 | GATE: OPEN | 919->920
+1 local | 2fd68efcd93eb2b6 | 105629 | GATE: OPEN | 919->920
+1 local | fdf46ebe1ad87849 | 19699 | GATE: OPEN | 919->920
+1 local | 04ef0ccb9bcace09 | 105630 | GATE: OPEN | 919->920
+1 local | 12c35c1cd6f3721d | 19700 | GATE: OPEN | 919->920
+1 local | a9977313f9b18249 | 105631 | GATE: OPEN | 919->920
+1 local | 0153028c53475014 | 19701 | GATE: OPEN | 919->920
+1 local | db98044e86c0bf26 | 105632 | GATE: OPEN | 919->920
+1 local | d0499f5c97bed718 | 19702 | GATE: OPEN | 919->920
+1 local | b7b29cd7c3020321 | 105633 | GATE: OPEN | 919->920
+1 local | 61720f1d3e07fb2e | 19703 | GATE: OPEN | 919->920
+1 local | 2519ab48b9facd46 | 105634 | GATE: OPEN | 919->920
+1 local | 1bb92077624ed0e2 | 19704 | GATE: OPEN | 919->920

[SOVEREIGN BUNDLE] 33 pulses -> 77M mesh in 1 packet | 2026-09-09T00:18:01.863Z
Hashes: 2467d81e533f7f38,4e74592a599d67e5,383305c94610190c... +30 more
STATUS: SYNC_ACK | PARITY_OK | PULSE_CONFIRMED | NO FLOOD

+1 local | f8ebdfc095422104 | 105635 | GATE: OPEN | 919->920
+1 local | 48dadfd9b9b18dee | 19705 | GATE: OPEN | 919->920
+1 local | 7157c26e05cbc463 | 105636 | GATE: OPEN | 919->920
+1 local | b5cd6e5de1cfd99e | 19706 | GATE: OPEN | 919->920
+1 local | 06ea45c02c9998c0 | 105637 | GATE: OPEN | 919->920
+1 local | 106fa3c3a41b1ac1 | 19707 | GATE: OPEN | 919->920
+1 local | 51a26648f0392810 | 105638 | GATE: OPEN | 919->920
+1 local | 5d71bb10c39e46e5 | 19708 | GATE: OPEN | 919->920
+1 local | bea263e0e3e0dbf1 | 105639 | GATE: OPEN | 919->920
+1 local | c143299a42f180eb | 19709 | GATE: OPEN | 919->920
+1 local | 12ff964ba4944beb | 105640 | GATE: OPEN | 919->920
+1 local | 3a7ecf4b33d736d7 | 19710 | GATE: OPEN | 919->920
+1 local | b7c9359037ab9454 | 105641 | GATE: OPEN | 919->920
+1 local | 85e8619c1dfb900b | 19711 | GATE: OPEN | 919->920
+1 local | 0d572e04b3dcec44 | 105642 | GATE: OPEN | 919->920
+1 local | b3617133093efe3e | 19712 | GATE: OPEN | 919->920
+1 local | b31e9a18b519e666 | 105643 | GATE: OPEN | 919->920
+1 local | b0ea08b3493f6412 | 19713 | GATE: OPEN | 919->920
+1 local | 6f67220625e66264 | 105644 | GATE: OPEN | 919->920
+1 local | ea44f13ab3352722 | 19714 | GATE: OPEN | 919->920
+1 local | 524649cd9f2b5827 | 105645 | GATE: OPEN | 919->920
+1 local | 7e6db759249535de | 19715 | GATE: OPEN | 919->920
+1 local | 2f3500328e9fc4c5 | 105646 | GATE: OPEN | 919->920
+1 local | f2013b9788c0ca33 | 19716 | GATE: OPEN | 919->920
+1 local | 5a70874e6db8b533 | 105647 | GATE: OPEN | 919->920
+1 local | aa8846b14e078d72 | 19717 | GATE: OPEN | 919->920
+1 local | 829b3f5ce67b6968 | 105648 | GATE: OPEN | 919->920
+1 local | b22cf99fc16fcf44 | 19718 | GATE: OPEN | 919->920
+1 local | 28cf3ee1d674e5bc | 105649 | GATE: OPEN | 919->920
+1 local | f52bb3572a90d4e4 | 19719 | GATE: OPEN | 919->920
+1 local | 029375f46237e96b | 105650 | GATE: OPEN | 919->920

[SOVEREIGN BUNDLE] 33 -> 77M mesh | 2026-09-09T00:18:15.751Z
STATUS: SYNC_ACK | PARITY_OK | NO FLOOD

+1 local | 143d2acb716c55ae | 19720 | GATE: OPEN | 919->920
+1 local | 14bb87d60ddf78e7 | 105651 | GATE: OPEN | 919->920
+1 local | 647af15020e76ade | 19721 | GATE: OPEN | 919->920
+1 local | d8794bbb9f2196ce | 105652 | GATE: OPEN | 919->920
+1 local | 7d1b401b2519783f | 19722 | GATE: OPEN | 919->920
+1 local | 2873be20b7e31fb7 | 105653 | GATE: OPEN | 919->920
+1 local | ba4c1406a0a679ba | 19723 | GATE: OPEN | 919->920
+1 local | 1cce8aa51e33278c | 105654 | GATE: OPEN | 919->920
+1 local | 8c0903077c6751d3 | 19724 | GATE: OPEN | 919->920
+1 local | 7ed2873afe51ab73 | 105655 | GATE: OPEN | 919->920
+1 local | 6fa939aa74a6eebd | 19725 | GATE: OPEN | 919->920
+1 local | cbea7995048c4db0 | 105656 | GATE: OPEN | 919->920
+1 local | ab537bee3529e24f | 19726 | GATE: OPEN | 919->920
+1 local | e930045c6abd28ef | 105657 | GATE: OPEN | 919->920
+1 local | 88890465606fc15c | 19727 | GATE: OPEN | 919->920
+1 local | 1f9a0f7819d9e8db | 105658 | GATE: OPEN | 919->920
+1 local | 3c763f08117f5187 | 19728 | GATE: OPEN | 919->920
+1 local | 429d6d1d186f379d | 105659 | GATE: OPEN | 919->920
+1 local | 14b741354188be84 | 19729 | GATE: OPEN | 919->920
+1 local | 1fd408531fe9c3e5 | 105660 | GATE: OPEN | 919->920
+1 local | bef51c5c7bcb03b1 | 19730 | GATE: OPEN | 919->920
+1 local | c51836db5a51cc27 | 105661 | GATE: OPEN | 919->920
+1 local | 2c23cbf3ce87f52a | 19731 | GATE: OPEN | 919->920
+1 local | 11c050a865fc127b | 105662 | GATE: OPEN | 919->920
+1 local | 82ccababee851ec6 | 19732 | GATE: OPEN | 919->920
+1 local | 4e5492260b753f81 | 105663 | GATE: OPEN | 919->920
+1 local | 54ba5c75583e0dc3 | 19733 | GATE: OPEN | 919->920
+1 local | d22f7974767ffd24 | 105664 | GATE: OPEN | 919->920
+1 local | 83bf1ebacd3613f2 | 19734 | GATE: OPEN | 919->920
+1 local | a3c6d7a9466cfca9 | 105665 | GATE: OPEN | 919->920
+1 local | 9fb9cf3cb013c778 | 19735 | GATE: OPEN | 919->920
+1 local | 294c18858a85a7a5 | 105666 | GATE: OPEN | 919->920
+1 local | 50e014ba4d97a855 | 19736 | GATE: OPEN | 919->920
+1 local | cd95d3fa8847fa7a | 105667 | GATE: OPEN | 919->920
+1 local | 2df5d7d959f632be | 19737 | GATE: OPEN | 919->920

[SOVEREIGN BUNDLE] 33 pulses -> 77M mesh in 1 packet | 2026-09-09T00:18:32.379Z
Hashes: 48dadfd9b9b18dee,b5cd6e5de1cfd99e,106fa3c3a41b1ac1... +30 more
STATUS: SYNC_ACK | PARITY_OK | PULSE_CONFIRMED | NO FLOOD

+1 local | 037fa4876b7664d3 | 105668 | GATE: OPEN | 919->920
+1 local | 2f8c5d5fd40d57f7 | 19738 | GATE: OPEN | 919->920
+1 local | 91ec462305573171 | 105669 | GATE: OPEN | 919->920
+1 local | 4b7db0df31651f95 | 19739 | GATE: OPEN | 919->920
+1 local | 1c3235fc420d5f22 | 105670 | GATE: OPEN | 919->920
+1 local | 9320f631c515589e | 19740 | GATE: OPEN | 919->920
+1 local | 63fea685d93b5a8e | 105671 | GATE: OPEN | 919->920
+1 local | d61dd8766f0bbc11 | 19741 | GATE: OPEN | 919->920
+1 local | acf70136df30d28e | 105672 | GATE: OPEN | 919->920
+1 local | a52f520b1f5f62d0 | 19742 | GATE: OPEN | 919->920
+1 local | eaeb0cd607d33473 | 105673 | GATE: OPEN | 919->920
+1 local | 5d9e1d50f1047e1f | 19743 | GATE: OPEN | 919->920
+1 local | d958fcab31bda6ad | 105674 | GATE: OPEN | 919->920
+1 local | 341bcaac11739f8b | 19744 | GATE: OPEN | 919->920
+1 local | 6725b55a079444c2 | 105675 | GATE: OPEN | 919->920
+1 local | 6189da082db7e444 | 105676 | GATE: OPEN | 919->920
+1 local | bc2156522051cbd4 | 19745 | GATE: OPEN | 919->920
+1 local | dc026d7bf101a531 | 105677 | GATE: OPEN | 919->920
+1 local | c662523e8b320e44 | 19746 | GATE: OPEN | 919->920
+1 local | c819706c0c886691 | 105678 | GATE: OPEN | 919->920
+1 local | 5b80392d70efc94a | 19747 | GATE: OPEN | 919->920
+1 local | 7513aab0bcd596ac | 105679 | GATE: OPEN | 919->920
+1 local | 6a4117080025261b | 19748 | GATE: OPEN | 919->920
+1 local | 8637a286d07f1185 | 105680 | GATE: OPEN | 919->920
+1 local | 81c8f5a9cd9a0709 | 19749 | GATE: OPEN | 919->920
+1 local | f954e4ae2e0cb182 | 105681 | GATE: OPEN | 919->920
+1 local | cc452a8b89331d7d | 19750 | GATE: OPEN | 919->920
+1 local | 75f131dbbb67b7a5 | 105682 | GATE: OPEN | 919->920
+1 local | 43f4e9926b2cdf22 | 19751 | GATE: OPEN | 919->920
+1 local | 2f144ca602e5cbca | 105683 | GATE: OPEN | 919->920

[SOVEREIGN BUNDLE] 33 -> 77M mesh | 2026-09-09T00:18:46.247Z
STATUS: SYNC_ACK | PARITY_OK | NO FLOOD

+1 local | 52831e688d53b3cc | 19752 | GATE: OPEN | 919->920
+1 local | a761240d92c828b4 | 105684 | GATE: OPEN | 919->920
+1 local | a869600771c507ec | 19753 | GATE: OPEN | 919->920
+1 local | 1f2e9c1c3c05d7ab | 105685 | GATE: OPEN | 919->920
+1 local | 22bf86bb462d2de8 | 19754 | GATE: OPEN | 919->920
+1 local | 893944448ad75d31 | 105686 | GATE: OPEN | 919->920
+1 local | ea45b61b677bfd2c | 19755 | GATE: OPEN | 919->920
+1 local | e7ddc989487a2a4b | 105687 | GATE: OPEN | 919->920
+1 local | f0517aa7c4dacab4 | 19756 | GATE: OPEN | 919->920
+1 local | 9f7fbbd3a14f9a40 | 105688 | GATE: OPEN | 919->920
+1 local | ab39faddf499ce4b | 19757 | GATE: OPEN | 919->920
+1 local | ddce78c7d890b9bd | 105689 | GATE: OPEN | 919->920
+1 local | 5d9b3e0714a0a60a | 19758 | GATE: OPEN | 919->920
+1 local | eb9ec1f2d6a8577b | 105690 | GATE: OPEN | 919->920
+1 local | 18d1962f6d5700be | 19759 | GATE: OPEN | 919->920
+1 local | 4f08e7fe0927a0f4 | 105691 | GATE: OPEN | 919->920
+1 local | 701fb0b695cd30a5 | 19760 | GATE: OPEN | 919->920
+1 local | f657fd4cc27e2f67 | 105692 | GATE: OPEN | 919->920
+1 local | 9f539bd7554a7d33 | 19761 | GATE: OPEN | 919->920
+1 local | ccf7ac56dc7e075a | 19762 | GATE: OPEN | 919->920
+1 local | 6d256e443ed43df3 | 105693 | GATE: OPEN | 919->920
+1 local | 04dcabe630cd89a9 | 19763 | GATE: OPEN | 919->920
+1 local | 70390cc99f1108c3 | 105694 | GATE: OPEN | 919->920
+1 local | bf793388c51fc326 | 19764 | GATE: OPEN | 919->920
+1 local | a64d17b4c3ffef40 | 105695 | GATE: OPEN | 919->920
+1 local | 9310523569f48921 | 19765 | GATE: OPEN | 919->920
+1 local | 82d4e163eff2ce7b | 105696 | GATE: OPEN | 919->920
+1 local | a96331e74acef4af | 19766 | GATE: OPEN | 919->920
+1 local | 84f6c21c87173550 | 105697 | GATE: OPEN | 919->920
+1 local | 54865bc58ed44285 | 19767 | GATE: OPEN | 919->920
+1 local | edb8b4b72b7fe0da | 105698 | GATE: OPEN | 919->920
+1 local | 8f8578874b8dbd48 | 19768 | GATE: OPEN | 919->920
+1 local | 88ff18e9749019bb | 105699 | GATE: OPEN | 919->920
+1 local | e4c2b5dcef3ce9fe | 19769 | GATE: OPEN | 919->920
+1 local | e3dc08c438e7b891 | 105700 | GATE: OPEN | 919->920
+1 local | f7aed6cb6f33b92b | 19770 | GATE: OPEN | 919->920

[SOVEREIGN BUNDLE] 33 pulses -> 77M mesh in 1 packet | 2026-09-09T00:19:02.892Z
Hashes: 2f8c5d5fd40d57f7,4b7db0df31651f95,9320f631c515589e... +30 more
STATUS: SYNC_ACK | PARITY_OK | PULSE_CONFIRMED | NO FLOOD

+1 local | db738d4f24b21649 | 105701 | GATE: OPEN | 919->920
+1 local | a964891eb11cb67d | 19771 | GATE: OPEN | 919->920
+1 local | e794cdc1027a3f43 | 105702 | GATE: OPEN | 919->920
+1 local | 51833644175eadfa | 19772 | GATE: OPEN | 919->920
+1 local | cc85d7f4952a34bf | 105703 | GATE: OPEN | 919->920
+1 local | ff9ebbdb23cc9c21 | 19773 | GATE: OPEN | 919->920
+1 local | eafa76774eb538ed | 105704 | GATE: OPEN | 919->920
+1 local | acb1059d8737b03f | 19774 | GATE: OPEN | 919->920
+1 local | 855ea3a5f3edce4a | 105705 | GATE: OPEN | 919->920
+1 local | 8303d080bbbc372c | 19775 | GATE: OPEN | 919->920
+1 local | f0cfd186d3da0bb1 | 105706 | GATE: OPEN | 919->920
+1 local | af8921652bebe365 | 19776 | GATE: OPEN | 919->920
+1 local | 3843d12ef8a20df4 | 105707 | GATE: OPEN | 919->920
+1 local | aef67da389edc372 | 19777 | GATE: OPEN | 919->920
+1 local | e38104565b7d8e89 | 105708 | GATE: OPEN | 919->920
+1 local | 4e301a9b5a71b1a7 | 19778 | GATE: OPEN | 919->920
+1 local | 68f93ea8596ba824 | 105709 | GATE: OPEN | 919->920
+1 local | 27cd4baaec5bf87d | 19779 | GATE: OPEN | 919->920
+1 local | 5e6fc7ec44ff8c42 | 105710 | GATE: OPEN | 919->920
+1 local | 9e84d45337ea4cf2 | 19780 | GATE: OPEN | 919->920
+1 local | fa8f0151180bba78 | 105711 | GATE: OPEN | 919->920
+1 local | c5371c0df6574433 | 19781 | GATE: OPEN | 919->920
+1 local | b4254109734f52f0 | 105712 | GATE: OPEN | 919->920
+1 local | be2dcaffaac381c0 | 19782 | GATE: OPEN | 919->920
+1 local | 8f54215aa8cab58b | 105713 | GATE: OPEN | 919->920
+1 local | 8f2d0b22e2a37af5 | 19783 | GATE: OPEN | 919->920
+1 local | 9e83c69594f404da | 105714 | GATE: OPEN | 919->920
+1 local | 5f75ddaece3736e7 | 19784 | GATE: OPEN | 919->920
+1 local | 2556f6259897e977 | 105715 | GATE: OPEN | 919->920
+1 local | 06e3ffe2440270e1 | 19785 | GATE: OPEN | 919->920
+1 local | b6dd822e3fd2a6a4 | 105716 | GATE: OPEN | 919->920

[SOVEREIGN BUNDLE] 33 -> 77M mesh | 2026-09-09T00:19:16.772Z
STATUS: SYNC_ACK | PARITY_OK | NO FLOOD

+1 local | f64665d56fbfb3f8 | 19786 | GATE: OPEN | 919->920
+1 local | cc8b283e0efaaea5 | 105717 | GATE: OPEN | 919->920
+1 local | ea4a3f9a5a854939 | 19787 | GATE: OPEN | 919->920
+1 local | 4539c3575f326f83 | 105718 | GATE: OPEN | 919->920
+1 local | cd1e00c863bb290e | 19788 | GATE: OPEN | 919->920
+1 local | 74d619f03f2c15d5 | 105719 | GATE: OPEN | 919->920
+1 local | b5e8e8fc920e65a8 | 19789 | GATE: OPEN | 919->920
+1 local | 8196a1947a2526b1 | 105720 | GATE: OPEN | 919->920
+1 local | e4230cbb29683953 | 19790 | GATE: OPEN | 919->920
+1 local | 29fbfdb86053b64d | 105721 | GATE: OPEN | 919->920
+1 local | 1663b9a7350b46c2 | 19791 | GATE: OPEN | 919->920
+1 local | 004889b6102d19ce | 105722 | GATE: OPEN | 919->920
+1 local | db80f1b5bb3b7bfd | 19792 | GATE: OPEN | 919->920
+1 local | ab1c8f41d46fc214 | 105723 | GATE: OPEN | 919->920
+1 local | 0877a271978b3e88 | 19793 | GATE: OPEN | 919->920
+1 local | 7a5058a526348b65 | 105724 | GATE: OPEN | 919->920
+1 local | c7041b690896eb49 | 19794 | GATE: OPEN | 919->920
+1 local | 0047252a34bc6828 | 105725 | GATE: OPEN | 919->920
+1 local | c21f9f70f46e5d23 | 19795 | GATE: OPEN | 919->920
+1 local | f763bb1494afeacd | 105726 | GATE: OPEN | 919->920
+1 local | a1dedd728bb78324 | 19796 | GATE: OPEN | 919->920
+1 local | babc48d4302c852f | 105727 | GATE: OPEN | 919->920
+1 local | 1f7afe9a7759053e | 19797 | GATE: OPEN | 919->920
+1 local | fed9afe78aafd23e | 105728 | GATE: OPEN | 919->920
+1 local | 1c78f3309160005e | 19798 | GATE: OPEN | 919->920
+1 local | c737fb56d80f8d14 | 105729 | GATE: OPEN | 919->920
+1 local | 8ea53f4c71b2e8fc | 19799 | GATE: OPEN | 919->920
+1 local | ef2509254b21e7e6 | 105730 | GATE: OPEN | 919->920
+1 local | 9c2a9b4573430e3c | 19800 | GATE: OPEN | 919->920
+1 local | c8e2e7b10d473f73 | 105731 | GATE: OPEN | 919->920
+1 local | 4a44383a53a62ce9 | 19801 | GATE: OPEN | 919->920
+1 local | 123d0bc276b117d7 | 105732 | GATE: OPEN | 919->920
+1 local | 09246e4252c6bf1c | 19802 | GATE: OPEN | 919->920
+1 local | 0fb65347fff47fbb | 105733 | GATE: OPEN | 919->920
+1 local | 1d29b190bda1748c | 105734 | GATE: OPEN | 919->920
+1 local | 0c0ff80718fa4698 | 19803 | GATE: OPEN | 919->920

[SOVEREIGN BUNDLE] 33 pulses -> 77M mesh in 1 packet | 2026-09-09T00:19:33.407Z
Hashes: a964891eb11cb67d,51833644175eadfa,ff9ebbdb23cc9c21... +30 more
STATUS: SYNC_ACK | PARITY_OK | PULSE_CONFIRMED | NO FLOOD

+1 local | 284d628f465ce809 | 105735 | GATE: OPEN | 919->920
+1 local | 5c831f752c197adc | 19804 | GATE: OPEN | 919->920
+1 local | 24257fe41918f13a | 105736 | GATE: OPEN | 919->920
+1 local | a1fe38dc4c54b492 | 19805 | GATE: OPEN | 919->920
+1 local | ea5e5609122912d6 | 105737 | GATE: OPEN | 919->920
+1 local | 33ddce7f05c07a55 | 19806 | GATE: OPEN | 919->920
+1 local | bb31336b7eeb5add | 105738 | GATE: OPEN | 919->920
+1 local | 99c11ba9507cf99f | 19807 | GATE: OPEN | 919->920
+1 local | 0e2a2a043d3fa204 | 105739 | GATE: OPEN | 919->920
+1 local | 8a0ae47f9ddf626f | 19808 | GATE: OPEN | 919->920
+1 local | 692692eff0f5f5fe | 105740 | GATE: OPEN | 919->920
+1 local | 98f3752c3d96df24 | 19809 | GATE: OPEN | 919->920
+1 local | cbd0ca27106c709b | 105741 | GATE: OPEN | 919->920
+1 local | 7989abf30b12d227 | 19810 | GATE: OPEN | 919->920
+1 local | 193e43f453bfbeb2 | 105742 | GATE: OPEN | 919->920
+1 local | b82c272ccbd0ad51 | 19811 | GATE: OPEN | 919->920
+1 local | 59e4df018d8c884a | 105743 | GATE: OPEN | 919->920
+1 local | 04886bcb8f611e74 | 19812 | GATE: OPEN | 919->920
+1 local | 3ac721ceba888190 | 105744 | GATE: OPEN | 919->920
+1 local | b2aa972c93575e14 | 19813 | GATE: OPEN | 919->920
+1 local | 9cf195260e91a048 | 105745 | GATE: OPEN | 919->920
+1 local | a6c5dbad733da413 | 19814 | GATE: OPEN | 919->920
+1 local | 02d7b8d1ed16460b | 105746 | GATE: OPEN | 919->920
+1 local | 8e71f4e63161778d | 19815 | GATE: OPEN | 919->920
+1 local | 657cbf6cbb7689ad | 19816 | GATE: OPEN | 919->920
+1 local | e6f1b1f72c51251d | 105747 | GATE: OPEN | 919->920
+1 local | febf0294b6a75a75 | 19817 | GATE: OPEN | 919->920
+1 local | e592e4b385ccfee4 | 105748 | GATE: OPEN | 919->920
+1 local | 7acaef893111434a | 19818 | GATE: OPEN | 919->920
+1 local | 3f25149688bffb3c | 105749 | GATE: OPEN | 919->920

[SOVEREIGN BUNDLE] 33 -> 77M mesh | 2026-09-09T00:19:47.279Z
STATUS: SYNC_ACK | PARITY_OK | NO FLOOD

+1 local | 838785aff99e2571 | 19819 | GATE: OPEN | 919->920
+1 local | 226d2bab1a85c023 | 105750 | GATE: OPEN | 919->920
+1 local | 997117bf7a29ef36 | 19820 | GATE: OPEN | 919->920
+1 local | 354998283ecfc088 | 105751 | GATE: OPEN | 919->920
+1 local | 2e009a36d0006cfb | 19821 | GATE: OPEN | 919->920
+1 local | 52b22f604ba10d32 | 105752 | GATE: OPEN | 919->920
+1 local | 746ca753eefffd2c | 19822 | GATE: OPEN | 919->920
+1 local | b0980161ea2fc21a | 105753 | GATE: OPEN | 919->920
+1 local | 14109ca4e197ba14 | 19823 | GATE: OPEN | 919->920
+1 local | 48e5dbf66fe08953 | 105754 | GATE: OPEN | 919->920
+1 local | d8c7dfeb3d93530b | 19824 | GATE: OPEN | 919->920
+1 local | 78585ae8088a5d1d | 105755 | GATE: OPEN | 919->920
+1 local | 26b87d37aa6c1ebe | 19825 | GATE: OPEN | 919->920
+1 local | 720e16e4c98858a9 | 105756 | GATE: OPEN | 919->920
+1 local | 09e5434dc8e0ea95 | 19826 | GATE: OPEN | 919->920
+1 local | 99f02e1de46e70ab | 105757 | GATE: OPEN | 919->920
+1 local | 4a949f63dfd68cd3 | 19827 | GATE: OPEN | 919->920
+1 local | 11eff231778752f4 | 105758 | GATE: OPEN | 919->920
+1 local | 54ac7f8f524f9a87 | 19828 | GATE: OPEN | 919->920
+1 local | c32751463939911a | 105759 | GATE: OPEN | 919->920
+1 local | ace20652830965df | 19829 | GATE: OPEN | 919->920
+1 local | 6d52c4c41b60638d | 105760 | GATE: OPEN | 919->920
+1 local | 9e2a843db736b29d | 19830 | GATE: OPEN | 919->920
+1 local | 529fc3db1a9aac25 | 105761 | GATE: OPEN | 919->920
+1 local | 2b4f72d065554913 | 19831 | GATE: OPEN | 919->920
+1 local | 1a1f7fc6276d6b6c | 105762 | GATE: OPEN | 919->920
+1 local | 02c50172433c15a3 | 19832 | GATE: OPEN | 919->920
+1 local | 2ad9161772730c13 | 105763 | GATE: OPEN | 919->920
+1 local | 2b7d37234b4e13e8 | 19833 | GATE: OPEN | 919->920
+1 local | e53ffc24e690bfc8 | 105764 | GATE: OPEN | 919->920
+1 local | 87279d7fcbb12dff | 19834 | GATE: OPEN | 919->920
+1 local | 6a5d60fcce9a22e1 | 105765 | GATE: OPEN | 919->920
+1 local | 5e5cf27f1ed5f40a | 19835 | GATE: OPEN | 919->920
+1 local | e2946b31df938656 | 105766 | GATE: OPEN | 919->920
+1 local | ba4bcd3de25f9ec5 | 19836 | GATE: OPEN | 919->920

[SOVEREIGN BUNDLE] 33 pulses -> 77M mesh in 1 packet | 2026-09-09T00:20:03.917Z
Hashes: 5c831f752c197adc,a1fe38dc4c54b492,33ddce7f05c07a55... +30 more
STATUS: SYNC_ACK | PARITY_OK | PULSE_CONFIRMED | NO FLOOD

+1 local | 41f3cc28ddba8d73 | 105767 | GATE: OPEN | 919->920
+1 local | 79db73135670a23b | 105768 | GATE: OPEN | 919->920
+1 local | 3480c7c8c9f98cfa | 19837 | GATE: OPEN | 919->920
+1 local | d52a4cf2b2d27036 | 105769 | GATE: OPEN | 919->920
+1 local | 1c7ca9b607381d2b | 19838 | GATE: OPEN | 919->920
+1 local | 0fdde1d3ce3533d2 | 105770 | GATE: OPEN | 919->920
+1 local | 637a8b0c3c93b49e | 19839 | GATE: OPEN | 919->920
+1 local | 4b2d044b8be54dbd | 105771 | GATE: OPEN | 919->920
+1 local | a5e4f8ad1053602d | 19840 | GATE: OPEN | 919->920
+1 local | 9547e5e93197180d | 105772 | GATE: OPEN | 919->920
+1 local | 3bf7617a83bc6616 | 19841 | GATE: OPEN | 919->920
+1 local | a49a3104532d3f22 | 105773 | GATE: OPEN | 919->920
+1 local | 2ecd16af84533919 | 19842 | GATE: OPEN | 919->920
+1 local | 9af76fb2f5e7d4d7 | 19843 | GATE: OPEN | 919->920
+1 local | 1478032ce55d66f7 | 105774 | GATE: OPEN | 919->920
+1 local | fd22dc01d7cec623 | 19844 | GATE: OPEN | 919->920
+1 local | ef0f91930d44dc86 | 105775 | GATE: OPEN | 919->920
+1 local | f5454762773abd4c | 105776 | GATE: OPEN | 919->920
+1 local | 0be4b5e8e51c3506 | 19845 | GATE: OPEN | 919->920
+1 local | dd9ed7cbd0e43a6a | 105777 | GATE: OPEN | 919->920
+1 local | ef8f0f0878799fa1 | 19846 | GATE: OPEN | 919->920
+1 local | 70fb997cf874cd6f | 105778 | GATE: OPEN | 919->920
+1 local | 73473bb2f0388520 | 19847 | GATE: OPEN | 919->920
+1 local | 5c0c46a86c1129ef | 105779 | GATE: OPEN | 919->920
+1 local | 34a4c9eb4d1ed84b | 19848 | GATE: OPEN | 919->920
+1 local | b5d97f19af09db5f | 105780 | GATE: OPEN | 919->920
+1 local | 87d5a2da358357d2 | 19849 | GATE: OPEN | 919->920
+1 local | 653b2a5abe286f47 | 105781 | GATE: OPEN | 919->920
+1 local | f953f2304f70d2fc | 19850 | GATE: OPEN | 919->920
+1 local | 5e0be506a44b6cc3 | 105782 | GATE: OPEN | 919->920

[SOVEREIGN BUNDLE] 33 -> 77M mesh | 2026-09-09T00:20:17.783Z
STATUS: SYNC_ACK | PARITY_OK | NO FLOOD

+1 local | f4ad3549ad2c38aa | 19851 | GATE: OPEN | 919->920
+1 local | 3164d00ae95f4fe0 | 105783 | GATE: OPEN | 919->920
+1 local | 384637b54d19b845 | 19852 | GATE: OPEN | 919->920
+1 local | 2070a11dff1e961f | 105784 | GATE: OPEN | 919->920
+1 local | f2ab05b5cdef12af | 19853 | GATE: OPEN | 919->920
+1 local | bce40840bcacc43e | 105785 | GATE: OPEN | 919->920
+1 local | 361644d8d4daaae3 | 19854 | GATE: OPEN | 919->920
+1 local | d7a61d106ef44883 | 105786 | GATE: OPEN | 919->920
+1 local | 2b78d46090b24847 | 19855 | GATE: OPEN | 919->920
+1 local | 8b9aa967e590e0a3 | 105787 | GATE: OPEN | 919->920
+1 local | 52d0d99ff4b1e963 | 19856 | GATE: OPEN | 919->920
+1 local | 6bc53e2d7c206ee8 | 105788 | GATE: OPEN | 919->920
+1 local | 29f1b5153610ad46 | 19857 | GATE: OPEN | 919->920
+1 local | 0dd2712229baa6cd | 105789 | GATE: OPEN | 919->920
+1 local | 851833666f855bef | 19858 | GATE: OPEN | 919->920
+1 local | f86113336bad4529 | 105790 | GATE: OPEN | 919->920
+1 local | ec78c53d58b58690 | 19859 | GATE: OPEN | 919->920
+1 local | 0c05e6b32f52b347 | 105791 | GATE: OPEN | 919->920
+1 local | 5210a92816717bc8 | 19860 | GATE: OPEN | 919->920
+1 local | d1f1c595aa3d4456 | 105792 | GATE: OPEN | 919->920
+1 local | db43a56e274dfe4c | 19861 | GATE: OPEN | 919->920
+1 local | 1eabc41824ee72a7 | 105793 | GATE: OPEN | 919->920
+1 local | 8a801d9d5b55d367 | 19862 | GATE: OPEN | 919->920
+1 local | 2dee05c5a571c20b | 19863 | GATE: OPEN | 919->920
+1 local | feeee07f837d0f39 | 105794 | GATE: OPEN | 919->920
+1 local | a4b8965ea1a14a72 | 105795 | GATE: OPEN | 919->920
+1 local | 71637ac51643ce33 | 19864 | GATE: OPEN | 919->920
+1 local | 0675eb4993e172ed | 19865 | GATE: OPEN | 919->920
+1 local | a0a9d0256ba0a177 | 105796 | GATE: OPEN | 919->920
+1 local | e41da8583b222ec4 | 19866 | GATE: OPEN | 919->920
+1 local | 4de8fcdd10097b67 | 105797 | GATE: OPEN | 919->920
+1 local | 89bba8a0d8791444 | 105798 | GATE: OPEN | 919->920
+1 local | 6e16b387dfdb8a2c | 19867 | GATE: OPEN | 919->920
+1 local | 33729ea70a3a4730 | 105799 | GATE: OPEN | 919->920
+1 local | 602f37065678ef53 | 19868 | GATE: OPEN | 919->920
+1 local | 76937fc809f61ebe | 105800 | GATE: OPEN | 919->920
+1 local | 7d05c0af4e9a9f1a | 19869 | GATE: OPEN | 919->920

[SOVEREIGN BUNDLE] 33 pulses -> 77M mesh in 1 packet | 2026-09-09T00:25:34.942Z
Hashes: 3480c7c8c9f98cfa,1c7ca9b607381d2b,637a8b0c3c93b49e... +30 more
STATUS: SYNC_ACK | PARITY_OK | PULSE_CONFIRMED | NO FLOOD

+1 local | 01dae9ad22d38ecb | 19870 | GATE: OPEN | 919->920
+1 local | df5fc5c46d6da010 | 105801 | GATE: OPEN | 919->920
+1 local | cfd6376f78ff03c7 | 105802 | GATE: OPEN | 919->920
+1 local | cefbb7b476699e32 | 19871 | GATE: OPEN | 919->920
+1 local | de3b452e934089e4 | 19872 | GATE: OPEN | 919->920
+1 local | 8e634a4da04b3fb1 | 105803 | GATE: OPEN | 919->920
+1 local | a378a161f4d1e89d | 19873 | GATE: OPEN | 919->920
+1 local | f1fee346f563e21b | 105804 | GATE: OPEN | 919->920
+1 local | eed7e07e3d620477 | 105805 | GATE: OPEN | 919->920
+1 local | 9a53a8f722d41522 | 19874 | GATE: OPEN | 919->920
+1 local | 45c8f57c31830ff8 | 105806 | GATE: OPEN | 919->920
+1 local | af5636067a5a9a55 | 19875 | GATE: OPEN | 919->920
+1 local | eddc9c6efece7d4e | 105807 | GATE: OPEN | 919->920
+1 local | 91b4233e3cdb8f64 | 19876 | GATE: OPEN | 919->920
+1 local | 80bcafb79f316544 | 19877 | GATE: OPEN | 919->920
+1 local | e647c852d9607242 | 105808 | GATE: OPEN | 919->920
+1 local | f4eed2a9eb8a347d | 19878 | GATE: OPEN | 919->920
+1 local | 76d487c9967751ba | 105809 | GATE: OPEN | 919->920
+1 local | e6e6d56391a9cb39 | 105810 | GATE: OPEN | 919->920
+1 local | fb6a3b69e721e236 | 19879 | GATE: OPEN | 919->920
+1 local | d17e691ddfd63dd3 | 19880 | GATE: OPEN | 919->920
+1 local | f6f488b9698623bc | 105811 | GATE: OPEN | 919->920
+1 local | 047f024ee8eba501 | 105812 | GATE: OPEN | 919->920
+1 local | ba4e06b2b58768b2 | 19881 | GATE: OPEN | 919->920
+1 local | 57bd07b873abddfe | 105813 | GATE: OPEN | 919->920
+1 local | 889d1d807aa145a5 | 19882 | GATE: OPEN | 919->920
+1 local | 3bc21c62ec93c31d | 105814 | GATE: OPEN | 919->920
+1 local | d389b5e42b5e5b6f | 19883 | GATE: OPEN | 919->920
+1 local | 7c0d5ec5e1729626 | 105815 | GATE: OPEN | 919->920
+1 local | a99b185e800de348 | 19884 | GATE: OPEN | 919->920

[SOVEREIGN BUNDLE] 33 -> 77M mesh | 2026-09-09T00:25:48.749Z
STATUS: SYNC_ACK | PARITY_OK | NO FLOOD

+1 local | 3067e41864448f03 | 19885 | GATE: OPEN | 919->920
+1 local | 31b4e7933b982a75 | 105816 | GATE: OPEN | 919->920
+1 local | 40ce3d718f9bba0e | 105817 | GATE: OPEN | 919->920
+1 local | fc060381af9ab12b | 19886 | GATE: OPEN | 919->920
+1 local | def76ca045a7e56c | 105818 | GATE: OPEN | 919->920
+1 local | aeca553041deaf80 | 19887 | GATE: OPEN | 919->920
+1 local | a77ff2007da65aa4 | 105819 | GATE: OPEN | 919->920
+1 local | df941fbdbc42bdda | 19888 | GATE: OPEN | 919->920
+1 local | 009d8be34bd45f93 | 105820 | GATE: OPEN | 919->920
+1 local | aa24f7c2a81e1287 | 19889 | GATE: OPEN | 919->920
+1 local | 0ea4c8cb91a99cc2 | 105821 | GATE: OPEN | 919->920
+1 local | 0c02ddb69d7ab26b | 19890 | GATE: OPEN | 919->920
+1 local | 7fa99e822c527e57 | 105822 | GATE: OPEN | 919->920
+1 local | 5d921e568011def5 | 19891 | GATE: OPEN | 919->920
+1 local | 2b86e03a17afccbd | 105823 | GATE: OPEN | 919->920
+1 local | 61a337f8ebed5351 | 19892 | GATE: OPEN | 919->920
+1 local | b7218ce2440c1b62 | 105824 | GATE: OPEN | 919->920
+1 local | b407e328debc016d | 19893 | GATE: OPEN | 919->920
+1 local | 69c1cf224da06b80 | 19894 | GATE: OPEN | 919->920
+1 local | b95d3470ffaf1117 | 105825 | GATE: OPEN | 919->920
+1 local | 012628233fc013b5 | 105826 | GATE: OPEN | 919->920
+1 local | 3dc819319100583d | 19895 | GATE: OPEN | 919->920
+1 local | 1447fd4ca663fda6 | 19896 | GATE: OPEN | 919->920
+1 local | e50e75dac41a2bc5 | 105827 | GATE: OPEN | 919->920
+1 local | 36dd59eb233744bf | 19897 | GATE: OPEN | 919->920
+1 local | e528a2cf8d4cfd58 | 105828 | GATE: OPEN | 919->920
+1 local | 7f18ab45c9c2b1a3 | 105829 | GATE: OPEN | 919->920
+1 local | a2e7a2565696cab5 | 19898 | GATE: OPEN | 919->920
+1 local | 44379600446a47d6 | 105830 | GATE: OPEN | 919->920
+1 local | 099055cb15275959 | 19899 | GATE: OPEN | 919->920
+1 local | c890a8702d6920cf | 105831 | GATE: OPEN | 919->920
+1 local | a54dfe9e54a42f81 | 19900 | GATE: OPEN | 919->920
+1 local | 1620a3af80bb8484 | 105832 | GATE: OPEN | 919->920
+1 local | 38c7d90a49b5fdd7 | 19901 | GATE: OPEN | 919->920
+1 local | 65296345ae36c819 | 105833 | GATE: OPEN | 919->920
+1 local | e9ee7cbbe4c85687 | 19902 | GATE: OPEN | 919->920

[SOVEREIGN BUNDLE] 33 pulses -> 77M mesh in 1 packet | 2026-09-09T00:26:05.335Z
Hashes: 01dae9ad22d38ecb,cefbb7b476699e32,de3b452e934089e4... +30 more
STATUS: SYNC_ACK | PARITY_OK | PULSE_CONFIRMED | NO FLOOD

+1 local | 77e060f7367ac1e2 | 19903 | GATE: OPEN | 919->920
+1 local | 0c688bffb834ae20 | 105834 | GATE: OPEN | 919->920
+1 local | 1f073ed5a7e2e713 | 105835 | GATE: OPEN | 919->920
+1 local | 83dc5c824138e7fd | 19904 | GATE: OPEN | 919->920
+1 local | 785d944df200ac04 | 105836 | GATE: OPEN | 919->920
+1 local | 146febe274e252dd | 19905 | GATE: OPEN | 919->920
+1 local | e14ae253fe002e5e | 105837 | GATE: OPEN | 919->920
+1 local | 1a6fd0c7230422e6 | 19906 | GATE: OPEN | 919->920
+1 local | f03957c8f293faf6 | 105838 | GATE: OPEN | 919->920
+1 local | 98c5bced08992581 | 19907 | GATE: OPEN | 919->920
+1 local | d18c737f7d0d65e1 | 105839 | GATE: OPEN | 919->920
+1 local | a3aff59d42fb453c | 19908 | GATE: OPEN | 919->920
+1 local | 88e5291e3e904b33 | 105840 | GATE: OPEN | 919->920
+1 local | b5ad350d9f478981 | 19909 | GATE: OPEN | 919->920
+1 local | 917371f0e9b9a2f3 | 105841 | GATE: OPEN | 919->920
+1 local | be74298ee6368fd0 | 19910 | GATE: OPEN | 919->920
+1 local | 107a390125afeaca | 105842 | GATE: OPEN | 919->920
+1 local | 885bd41fdddbdfd4 | 19911 | GATE: OPEN | 919->920
+1 local | 3052417c28c33ec5 | 105843 | GATE: OPEN | 919->920
+1 local | 9eae50e930c0e8ba | 19912 | GATE: OPEN | 919->920
+1 local | a790c6ca6a5d4551 | 105844 | GATE: OPEN | 919->920
+1 local | 84886365af5051b1 | 19913 | GATE: OPEN | 919->920
+1 local | fda012ea73c00024 | 105845 | GATE: OPEN | 919->920
+1 local | 58d8e385374150c1 | 19914 | GATE: OPEN | 919->920
+1 local | 4025e25af9e51b92 | 105846 | GATE: OPEN | 919->920
+1 local | e1f432f70c2ce407 | 19915 | GATE: OPEN | 919->920
+1 local | def42caab9c20223 | 105847 | GATE: OPEN | 919->920
+1 local | 5e71cf6b9bcee22a | 19916 | GATE: OPEN | 919->920
+1 local | c5eacb63786731e6 | 105848 | GATE: OPEN | 919->920

[SOVEREIGN BUNDLE] 33 -> 77M mesh | 2026-09-09T00:26:19.195Z
STATUS: SYNC_ACK | PARITY_OK | NO FLOOD

+1 local | 5e94022eab90560d | 19917 | GATE: OPEN | 919->920
+1 local | e7f490eacb37683d | 105849 | GATE: OPEN | 919->920
+1 local | 415046b87ec1b330 | 19918 | GATE: OPEN | 919->920
+1 local | aeaf544aa73d7c6c | 105850 | GATE: OPEN | 919->920
+1 local | e2b0cff6f2800c64 | 19919 | GATE: OPEN | 919->920
+1 local | 179afdcd06b74144 | 105851 | GATE: OPEN | 919->920
+1 local | 183279901dae789b | 19920 | GATE: OPEN | 919->920
+1 local | a56d4ab921f639ae | 105852 | GATE: OPEN | 919->920
+1 local | eb2655de19d5570a | 19921 | GATE: OPEN | 919->920
+1 local | 0970bfd0dfd9b2e7 | 105853 | GATE: OPEN | 919->920
+1 local | 14b3407025a575a8 | 19922 | GATE: OPEN | 919->920
+1 local | a0d5c46773f3f022 | 105854 | GATE: OPEN | 919->920
+1 local | c50fa7d37d82ace9 | 19923 | GATE: OPEN | 919->920
+1 local | c079447fd1ebbb45 | 105855 | GATE: OPEN | 919->920
+1 local | a3f7584353c9f179 | 19924 | GATE: OPEN | 919->920
+1 local | b3da1bbf47cddbdf | 105856 | GATE: OPEN | 919->920
+1 local | 7f06749d2363f491 | 19925 | GATE: OPEN | 919->920
+1 local | 490076b8c7fef789 | 105857 | GATE: OPEN | 919->920
+1 local | d44226390c40300b | 19926 | GATE: OPEN | 919->920
+1 local | 935d1391e509a4d9 | 105858 | GATE: OPEN | 919->920
+1 local | 83498b0d8f36b073 | 19927 | GATE: OPEN | 919->920
+1 local | 4f4448a4f765ffd5 | 105859 | GATE: OPEN | 919->920
+1 local | ab77af905069e7dd | 19928 | GATE: OPEN | 919->920
+1 local | 1a7c83809b349313 | 105860 | GATE: OPEN | 919->920
+1 local | 931169a6b9623023 | 19929 | GATE: OPEN | 919->920
+1 local | 60d337d3567ea662 | 105861 | GATE: OPEN | 919->920
+1 local | b4b0974f129b9951 | 19930 | GATE: OPEN | 919->920
+1 local | c06f68e1a9bff8b6 | 105862 | GATE: OPEN | 919->920
+1 local | e4275d9bf0dc57ab | 19931 | GATE: OPEN | 919->920
+1 local | 2e41d488c307bd59 | 105863 | GATE: OPEN | 919->920
+1 local | 76d911907d467ef0 | 19932 | GATE: OPEN | 919->920
+1 local | 4006925549270744 | 105864 | GATE: OPEN | 919->920
+1 local | f22c716f8fd52977 | 19933 | GATE: OPEN | 919->920
+1 local | 34f56bd68f773a10 | 105865 | GATE: OPEN | 919->920
+1 local | e26537b91a841040 | 19934 | GATE: OPEN | 919->920
+1 local | 7a2028ef0ed9c948 | 105866 | GATE: OPEN | 919->920
+1 local | b6377bc4a635392f | 19935 | GATE: OPEN | 919->920

[SOVEREIGN BUNDLE] 33 pulses -> 77M mesh in 1 packet | 2026-09-09T00:26:35.855Z
Hashes: 77e060f7367ac1e2,83dc5c824138e7fd,146febe274e252dd... +30 more
STATUS: SYNC_ACK | PARITY_OK | PULSE_CONFIRMED | NO FLOOD

+1 local | d4fe6fc3758a684e | 105867 | GATE: OPEN | 919->920
+1 local | 2f33d40b2f344f7a | 19936 | GATE: OPEN | 919->920
+1 local | 41d2b056d82691f4 | 105868 | GATE: OPEN | 919->920
+1 local | d92e2805fb78ab09 | 19937 | GATE: OPEN | 919->920
+1 local | c98ecde025a2f223 | 105869 | GATE: OPEN | 919->920
+1 local | 0ab55297e2a07913 | 19938 | GATE: OPEN | 919->920
+1 local | 5692706a1e61eacf | 105870 | GATE: OPEN | 919->920
+1 local | 8b8ff5b1420b34e3 | 19939 | GATE: OPEN | 919->920
+1 local | 408344a1ece565ee | 105871 | GATE: OPEN | 919->920
+1 local | 29c149e0364be105 | 19940 | GATE: OPEN | 919->920
+1 local | baf7f8e29ccf8751 | 105872 | GATE: OPEN | 919->920
+1 local | 8808b6e6f5ee7457 | 19941 | GATE: OPEN | 919->920
+1 local | 445f603e19c577ef | 105873 | GATE: OPEN | 919->920
+1 local | c915eecd78beb8af | 19942 | GATE: OPEN | 919->920
+1 local | a5cc73e1939b81e7 | 105874 | GATE: OPEN | 919->920
+1 local | 7394a57789bd2258 | 19943 | GATE: OPEN | 919->920
+1 local | 649d8c303d16f34b | 105875 | GATE: OPEN | 919->920
+1 local | d4651059b494ab06 | 19944 | GATE: OPEN | 919->920
+1 local | ae105365d7d82eb8 | 105876 | GATE: OPEN | 919->920
+1 local | 881a28db7a44450d | 19945 | GATE: OPEN | 919->920
+1 local | 0517e98fa998bea2 | 105877 | GATE: OPEN | 919->920
+1 local | 67e104f8b768fd32 | 19946 | GATE: OPEN | 919->920
+1 local | ecc89a0bd5eb8b0a | 105878 | GATE: OPEN | 919->920
+1 local | 09efd4e80c83b70d | 19947 | GATE: OPEN | 919->920
+1 local | ca1c1729c4474a1e | 105879 | GATE: OPEN | 919->920
+1 local | 126d6accf9865daa | 19948 | GATE: OPEN | 919->920
+1 local | d80127dceefff871 | 105880 | GATE: OPEN | 919->920
+1 local | 87de221f6ed6982e | 19949 | GATE: OPEN | 919->920
+1 local | 8fbd522e08b6f0c1 | 105881 | GATE: OPEN | 919->920

[SOVEREIGN BUNDLE] 33 -> 77M mesh | 2026-09-09T00:26:49.711Z
STATUS: SYNC_ACK | PARITY_OK | NO FLOOD

+1 local | 2abff443a72d6282 | 19950 | GATE: OPEN | 919->920
+1 local | a4bb851111281541 | 105882 | GATE: OPEN | 919->920
+1 local | 7a6c099f1000c12b | 19951 | GATE: OPEN | 919->920
+1 local | 3b1f1b0ee5dfffe3 | 105883 | GATE: OPEN | 919->920
+1 local | d93b66c98599a33d | 19952 | GATE: OPEN | 919->920
+1 local | b5189eaa5aa90a3d | 105884 | GATE: OPEN | 919->920
+1 local | 08949c6b9cd63680 | 19953 | GATE: OPEN | 919->920
+1 local | b9d46251a1c268d0 | 105885 | GATE: OPEN | 919->920
+1 local | e70c78bde13fa94e | 19954 | GATE: OPEN | 919->920
+1 local | ed04d454c55a2cf4 | 105886 | GATE: OPEN | 919->920
+1 local | 12db71a88aa6386b | 19955 | GATE: OPEN | 919->920
+1 local | 16e36abee5337064 | 105887 | GATE: OPEN | 919->920
+1 local | d63eef8348014cdb | 19956 | GATE: OPEN | 919->920
+1 local | 7b1fae551c30794c | 105888 | GATE: OPEN | 919->920
+1 local | 7811350453b3ded0 | 19957 | GATE: OPEN | 919->920
+1 local | 44b31b8ffb3bb8e4 | 105889 | GATE: OPEN | 919->920
+1 local | 6d51dc40c7145cce | 19958 | GATE: OPEN | 919->920
+1 local | 3553b5fbb9a22f68 | 105890 | GATE: OPEN | 919->920
+1 local | 4fd8495e7721935b | 19959 | GATE: OPEN | 919->920
+1 local | fe7bc9e643ee7dec | 105891 | GATE: OPEN | 919->920
+1 local | b7a6e46be08414e7 | 19960 | GATE: OPEN | 919->920
+1 local | f7ad84a35f176a7c | 105892 | GATE: OPEN | 919->920
+1 local | ef74a58da479c9e2 | 19961 | GATE: OPEN | 919->920
+1 local | 41e31a51317e72c3 | 105893 | GATE: OPEN | 919->920
+1 local | 551efa2d49e3b794 | 19962 | GATE: OPEN | 919->920
+1 local | e2e192156eecdf52 | 105894 | GATE: OPEN | 919->920
+1 local | 5bcda1033551370f | 19963 | GATE: OPEN | 919->920
+1 local | 9d11383b9fff4f40 | 105895 | GATE: OPEN | 919->920
+1 local | 852e4c31d10ce8fb | 19964 | GATE: OPEN | 919->920
+1 local | 0eab6c80a19150ae | 105896 | GATE: OPEN | 919->920
+1 local | adcb73c78473c7e5 | 19965 | GATE: OPEN | 919->920
+1 local | aaf3261b3615bfef | 19966 | GATE: OPEN | 919->920
+1 local | 3e35197ee30aac1b | 105897 | GATE: OPEN | 919->920
+1 local | 99b3a01a15b043e5 | 19967 | GATE: OPEN | 919->920
+1 local | 236f9b3c9fbe8e4c | 105898 | GATE: OPEN | 919->920
+1 local | 65e8cf1d5922fe81 | 19968 | GATE: OPEN | 919->920

[SOVEREIGN BUNDLE] 33 pulses -> 77M mesh in 1 packet | 2026-09-09T00:27:06.364Z
Hashes: 2f33d40b2f344f7a,d92e2805fb78ab09,0ab55297e2a07913... +30 more
STATUS: SYNC_ACK | PARITY_OK | PULSE_CONFIRMED | NO FLOOD

+1 local | f4575ace916c53f5 | 105899 | GATE: OPEN | 919->920
+1 local | b93745dc1a1114d0 | 19969 | GATE: OPEN | 919->920
+1 local | 16d96d2ae2e1fba0 | 105900 | GATE: OPEN | 919->920
+1 local | c13042d753e43ed7 | 19970 | GATE: OPEN | 919->920
+1 local | 11d1580cd795bf15 | 105901 | GATE: OPEN | 919->920
+1 local | 4f60fb49529b284c | 19971 | GATE: OPEN | 919->920
+1 local | 0be0573b80e43540 | 105902 | GATE: OPEN | 919->920
+1 local | 1080096b59de2afa | 19972 | GATE: OPEN | 919->920
+1 local | a68ed019755c4517 | 105903 | GATE: OPEN | 919->920
+1 local | c82339775820c834 | 19973 | GATE: OPEN | 919->920
+1 local | 21ba31eca495f2d6 | 105904 | GATE: OPEN | 919->920
+1 local | 0e6f783bbdf02ac2 | 19974 | GATE: OPEN | 919->920
+1 local | 3dbd13efd169fbc1 | 105905 | GATE: OPEN | 919->920
+1 local | f2ca2d48dc4eab0e | 19975 | GATE: OPEN | 919->920
+1 local | fc7bca9274b8e814 | 105906 | GATE: OPEN | 919->920
+1 local | c25d7a0e256e3f77 | 19976 | GATE: OPEN | 919->920
+1 local | d3e20a5bb7b322cf | 105907 | GATE: OPEN | 919->920
+1 local | b3145adaa19fd143 | 19977 | GATE: OPEN | 919->920
+1 local | 3fd196e99d7ae880 | 105908 | GATE: OPEN | 919->920
+1 local | fb303ad265417669 | 19978 | GATE: OPEN | 919->920
+1 local | 308f53dc393a4a1a | 105909 | GATE: OPEN | 919->920
+1 local | 039ae0965504a643 | 19979 | GATE: OPEN | 919->920
+1 local | ade9cdc7c190cbe9 | 105910 | GATE: OPEN | 919->920
+1 local | 0e5625ab954946b9 | 19980 | GATE: OPEN | 919->920
+1 local | e21dc28ab7d9fa29 | 105911 | GATE: OPEN | 919->920
+1 local | 84a2b49939fe1d67 | 19981 | GATE: OPEN | 919->920
+1 local | 47404d936158afb6 | 105912 | GATE: OPEN | 919->920
+1 local | 4dcd72249a4b314c | 19982 | GATE: OPEN | 919->920
+1 local | 74f4113933c6f0f6 | 105913 | GATE: OPEN | 919->920
+1 local | eacc290f425aff73 | 19983 | GATE: OPEN | 919->920
+1 local | eb0b16f4aac4a28b | 105914 | GATE: OPEN | 919->920

[SOVEREIGN BUNDLE] 33 -> 77M mesh | 2026-09-09T00:27:20.243Z
STATUS: SYNC_ACK | PARITY_OK | NO FLOOD

+1 local | 39378c5780b403c1 | 19984 | GATE: OPEN | 919->920
+1 local | 7eba5cb588699038 | 105915 | GATE: OPEN | 919->920
+1 local | 0d474e2620e15e6d | 19985 | GATE: OPEN | 919->920
+1 local | a6523b2c128f1baa | 105916 | GATE: OPEN | 919->920
+1 local | 46d9d171e6167e49 | 19986 | GATE: OPEN | 919->920
+1 local | 8fccb280a91e965a | 105917 | GATE: OPEN | 919->920
+1 local | da066bff5ab63a33 | 19987 | GATE: OPEN | 919->920
+1 local | 8e56017cdb9719d1 | 105918 | GATE: OPEN | 919->920
+1 local | e78c4f0536c33056 | 19988 | GATE: OPEN | 919->920
+1 local | f6c95380921be849 | 105919 | GATE: OPEN | 919->920
+1 local | 44425a8a9502ec6b | 19989 | GATE: OPEN | 919->920
+1 local | b577253cbef42fb4 | 105920 | GATE: OPEN | 919->920
+1 local | a7687f8ccd1f8087 | 19990 | GATE: OPEN | 919->920
+1 local | e5e6d9908b9fb539 | 105921 | GATE: OPEN | 919->920
+1 local | 75cc822dbb7a9f7a | 19991 | GATE: OPEN | 919->920
+1 local | d43ff7a21e510373 | 105922 | GATE: OPEN | 919->920
+1 local | 08a3dbfe5a1bdf65 | 19992 | GATE: OPEN | 919->920
+1 local | b8ca562cb1f208ad | 105923 | GATE: OPEN | 919->920
+1 local | b80b9ab36f110636 | 19993 | GATE: OPEN | 919->920
+1 local | 553f9789786553c7 | 105924 | GATE: OPEN | 919->920
+1 local | b5c058c0474c9b58 | 19994 | GATE: OPEN | 919->920
+1 local | 54b6d107575bb21b | 105925 | GATE: OPEN | 919->920
+1 local | 51a56891833a6c0b | 19995 | GATE: OPEN | 919->920
+1 local | dad1669a63a4f3d6 | 105926 | GATE: OPEN | 919->920
+1 local | 725cd6cd36175f0c | 19996 | GATE: OPEN | 919->920
+1 local | 21d28d3d73c7d338 | 105927 | GATE: OPEN | 919->920
+1 local | 38bca8acbc411575 | 19997 | GATE: OPEN | 919->920
+1 local | 4ff3cb74dedd47ab | 105928 | GATE: OPEN | 919->920
+1 local | f6de6c0938ca7303 | 19998 | GATE: OPEN | 919->920
+1 local | 082dec2435ec69ab | 105929 | GATE: OPEN | 919->920
+1 local | 3a289444b4938944 | 105930 | GATE: OPEN | 919->920
+1 local | 7aa01d1e9ae65eb5 | 19999 | GATE: OPEN | 919->920
+1 local | ada3b6e21ad5ad6c | 105931 | GATE: OPEN | 919->920
+1 local | 52782c7e1ec77e16 | 20000 | GATE: OPEN | 919->920
+1 local | 018bdbb01ec33c8a | 105932 | GATE: OPEN | 919->920
+1 local | 9f31904d127ea9b2 | 20001 | GATE: OPEN | 919->920

[SOVEREIGN BUNDLE] 33 pulses -> 77M mesh in 1 packet | 2026-09-09T00:27:36.887Z
Hashes: b93745dc1a1114d0,c13042d753e43ed7,4f60fb49529b284c... +30 more
STATUS: SYNC_ACK | PARITY_OK | PULSE_CONFIRMED | NO FLOOD

+1 local | 7eace76bbf12b35e | 105933 | GATE: OPEN | 919->920
+1 local | 5adffd18414b4345 | 20002 | GATE: OPEN | 919->920
+1 local | 49f1c882ca007278 | 105934 | GATE: OPEN | 919->920
+1 local | 7f94679a23c5659d | 20003 | GATE: OPEN | 919->920
+1 local | 225f5d377a5d83a3 | 105935 | GATE: OPEN | 919->920
+1 local | 1a22a2bcb6c520e8 | 20004 | GATE: OPEN | 919->920
+1 local | 2849f8304d717dbe | 105936 | GATE: OPEN | 919->920
+1 local | a4ce6c7b5dbfd187 | 20005 | GATE: OPEN | 919->920
+1 local | a8c9a9f028f0445d | 20006 | GATE: OPEN | 919->920
+1 local | 25d036c049e2bf6f | 105937 | GATE: OPEN | 919->920
+1 local | 1fa057718e96e81b | 105938 | GATE: OPEN | 919->920
+1 local | 6de6bfe5597f6357 | 20007 | GATE: OPEN | 919->920
+1 local | 93ffc7bd5216ed4f | 20008 | GATE: OPEN | 919->920
+1 local | 719272c9456c54ed | 105939 | GATE: OPEN | 919->920
+1 local | 3234b028abddb888 | 20009 | GATE: OPEN | 919->920
+1 local | eb793d1060e3cc00 | 105940 | GATE: OPEN | 919->920
+1 local | 85229b1aaf8fa3a8 | 105941 | GATE: OPEN | 919->920
+1 local | 7cc6e12937966c3b | 20010 | GATE: OPEN | 919->920
+1 local | 10d94eb9a6a1c298 | 20011 | GATE: OPEN | 919->920
+1 local | cb3750a49061436f | 105942 | GATE: OPEN | 919->920
+1 local | 8a46fc013af1acb5 | 20012 | GATE: OPEN | 919->920
+1 local | 4f78304e6e3201a8 | 105943 | GATE: OPEN | 919->920
+1 local | 68fd3b01f61d2ae9 | 105944 | GATE: OPEN | 919->920
+1 local | 509e9b5350610a4d | 20013 | GATE: OPEN | 919->920
+1 local | 43001bd7407d9e6b | 105945 | GATE: OPEN | 919->920
+1 local | 7d6d334304a0f6d8 | 20014 | GATE: OPEN | 919->920
+1 local | d53b29436620e189 | 105946 | GATE: OPEN | 919->920
+1 local | a7590ad163fab57e | 20015 | GATE: OPEN | 919->920
+1 local | e6424ac8a3be9a3c | 20016 | GATE: OPEN | 919->920
+1 local | e8f7e90547623db0 | 105947 | GATE: OPEN | 919->920

[SOVEREIGN BUNDLE] 33 -> 77M mesh | 2026-09-09T00:27:50.751Z
STATUS: SYNC_ACK | PARITY_OK | NO FLOOD

+1 local | b168169a93d7e564 | 105948 | GATE: OPEN | 919->920
+1 local | 5d52b6d9e3f66a83 | 20017 | GATE: OPEN | 919->920
+1 local | 1b0ac96d1a5c70b2 | 20018 | GATE: OPEN | 919->920
+1 local | 1170be70e4c84adf | 105949 | GATE: OPEN | 919->920
+1 local | ed27a89e4bda7acc | 105950 | GATE: OPEN | 919->920
+1 local | 769dd8bc37054700 | 20019 | GATE: OPEN | 919->920
+1 local | 93aea97a99551e77 | 105951 | GATE: OPEN | 919->920
+1 local | 0898eadfd76eb7b6 | 20020 | GATE: OPEN | 919->920
+1 local | 42293f18bdad9ce5 | 105952 | GATE: OPEN | 919->920
+1 local | 8ab64a3bfea9fe82 | 20021 | GATE: OPEN | 919->920
+1 local | 7d69b5f5315a8c3b | 105953 | GATE: OPEN | 919->920
+1 local | 2a9ae5f7b5378f71 | 20022 | GATE: OPEN | 919->920
+1 local | b1c31b82d97449e4 | 105954 | GATE: OPEN | 919->920
+1 local | 58c8dc7d66dc5a06 | 20023 | GATE: OPEN | 919->920
+1 local | 6f17c8d14f2d1575 | 105955 | GATE: OPEN | 919->920
+1 local | 1ef4c3c6cddbdc9d | 20024 | GATE: OPEN | 919->920
+1 local | 77d7ace8387313bf | 105956 | GATE: OPEN | 919->920
+1 local | e3b939fcc224cee3 | 20025 | GATE: OPEN | 919->920
+1 local | 5cd1550bb6e712a7 | 105957 | GATE: OPEN | 919->920
+1 local | 67e988b90da88c64 | 20026 | GATE: OPEN | 919->920
+1 local | e784eca11265dcc6 | 105958 | GATE: OPEN | 919->920
+1 local | 77e4cdfaed5abe09 | 20027 | GATE: OPEN | 919->920
+1 local | 0ab46970e1ea8496 | 105959 | GATE: OPEN | 919->920
+1 local | 1aac4d6c974c1b04 | 20028 | GATE: OPEN | 919->920
+1 local | 35b9003ff17bcbf4 | 105960 | GATE: OPEN | 919->920
+1 local | 3e2f3cba5fa1e2c6 | 20029 | GATE: OPEN | 919->920
+1 local | 080ff78503ae34ff | 105961 | GATE: OPEN | 919->920
+1 local | 3394bf66f74801b9 | 20030 | GATE: OPEN | 919->920
+1 local | 79f8aa925239e885 | 105962 | GATE: OPEN | 919->920
+1 local | 583d471fdd0ceeaf | 20031 | GATE: OPEN | 919->920
+1 local | 9af081c5deb8b097 | 105963 | GATE: OPEN | 919->920
+1 local | ec6054642e453828 | 20032 | GATE: OPEN | 919->920
+1 local | ecd418ee02c41ae6 | 105964 | GATE: OPEN | 919->920
+1 local | 492913a7bfe33860 | 20033 | GATE: OPEN | 919->920
+1 local | d3a7d779e3ad2dc6 | 105965 | GATE: OPEN | 919->920
+1 local | e789e7758414b009 | 20034 | GATE: OPEN | 919->920

[SOVEREIGN BUNDLE] 33 pulses -> 77M mesh in 1 packet | 2026-09-09T00:28:07.411Z
Hashes: 5adffd18414b4345,7f94679a23c5659d,1a22a2bcb6c520e8... +30 more
STATUS: SYNC_ACK | PARITY_OK | PULSE_CONFIRMED | NO FLOOD

+1 local | c29ebb48b5e3207a | 105966 | GATE: OPEN | 919->920
+1 local | ac8b6b4b038dbc11 | 20035 | GATE: OPEN | 919->920
+1 local | c324e9f457e8f03f | 105967 | GATE: OPEN | 919->920
+1 local | eb8d1fee204ef1b1 | 20036 | GATE: OPEN | 919->920
+1 local | 02859d88f17c2dce | 105968 | GATE: OPEN | 919->920
+1 local | 3651bb0a466b6823 | 20037 | GATE: OPEN | 919->920
+1 local | 3d3841e7f50935e0 | 105969 | GATE: OPEN | 919->920
+1 local | 525ee3a68a1d56b7 | 20038 | GATE: OPEN | 919->920
+1 local | a4cee89b755cba05 | 105970 | GATE: OPEN | 919->920
+1 local | a3153045630116c2 | 20039 | GATE: OPEN | 919->920
+1 local | 0300d7cbc87f2b3a | 105971 | GATE: OPEN | 919->920
+1 local | efcafbb00c0a4793 | 20040 | GATE: OPEN | 919->920
+1 local | 671147dc19ad3065 | 105972 | GATE: OPEN | 919->920
+1 local | 5df547f54b277247 | 20041 | GATE: OPEN | 919->920
+1 local | 5c4dad30fe36ad30 | 105973 | GATE: OPEN | 919->920
+1 local | 3b4996f170039769 | 20042 | GATE: OPEN | 919->920
+1 local | f898a0aa9c7832d0 | 105974 | GATE: OPEN | 919->920
+1 local | cc9c63a3a1a1bb2b | 20043 | GATE: OPEN | 919->920
+1 local | 747f20c3b9011bb8 | 105975 | GATE: OPEN | 919->920
+1 local | 8cdd547d0db6bb18 | 20044 | GATE: OPEN | 919->920
+1 local | 1619d0b7149c9ffa | 105976 | GATE: OPEN | 919->920
+1 local | 09e48f8e6bcbb488 | 20045 | GATE: OPEN | 919->920
+1 local | de641a7292f95750 | 105977 | GATE: OPEN | 919->920
+1 local | e49142761df9fb9c | 20046 | GATE: OPEN | 919->920
+1 local | f944be357487618b | 105978 | GATE: OPEN | 919->920
+1 local | 91d444f25de70a25 | 20047 | GATE: OPEN | 919->920
+1 local | 479968401ccaf943 | 105979 | GATE: OPEN | 919->920
+1 local | 665092540b1c9106 | 20048 | GATE: OPEN | 919->920
+1 local | 56929e6c312bd44f | 105980 | GATE: OPEN | 919->920

[SOVEREIGN BUNDLE] 33 -> 77M mesh | 2026-09-09T00:46:50.900Z
STATUS: SYNC_ACK | PARITY_OK | NO FLOOD

+1 local | b2677a057d469771 | 20049 | GATE: OPEN | 919->920
+1 local | 699d71ee5a09dacb | 105981 | GATE: OPEN | 919->920
+1 local | 570428574cd71268 | 20050 | GATE: OPEN | 919->920
+1 local | 996aa120727f5e5c | 105982 | GATE: OPEN | 919->920
+1 local | e00408a7cf1556cf | 20051 | GATE: OPEN | 919->920
+1 local | 0d83c936959c6548 | 105983 | GATE: OPEN | 919->920
+1 local | ac453d2224ef01b2 | 20052 | GATE: OPEN | 919->920
+1 local | dde0e9178c76b682 | 105984 | GATE: OPEN | 919->920
+1 local | 7f2e9589f969b2f5 | 20053 | GATE: OPEN | 919->920
+1 local | 4158da6dc8e8a205 | 105985 | GATE: OPEN | 919->920
+1 local | 2a87317c674d7df2 | 20054 | GATE: OPEN | 919->920
+1 local | c6f6ca0f851fb995 | 105986 | GATE: OPEN | 919->920
+1 local | ff2171d1f4225263 | 20055 | GATE: OPEN | 919->920
+1 local | 8b86c98956e361b6 | 105987 | GATE: OPEN | 919->920
+1 local | 46f68fb192a161fd | 20056 | GATE: OPEN | 919->920
+1 local | 84c75668c2c1469c | 105988 | GATE: OPEN | 919->920
+1 local | 055833a148654f8e | 20057 | GATE: OPEN | 919->920
+1 local | aa9d14026cc362ec | 105989 | GATE: OPEN | 919->920
+1 local | c9479af33fb6818a | 20058 | GATE: OPEN | 919->920
+1 local | be9a8d0b4f6f6c56 | 105990 | GATE: OPEN | 919->920
+1 local | ea3862f3851ef800 | 20059 | GATE: OPEN | 919->920
+1 local | c6833fb851ff0561 | 105991 | GATE: OPEN | 919->920
+1 local | 97275d10b6297fe7 | 20060 | GATE: OPEN | 919->920
+1 local | b689a650d45df08f | 105992 | GATE: OPEN | 919->920
+1 local | 35e52d596797779b | 20061 | GATE: OPEN | 919->920
+1 local | 2f012368a64a399a | 105993 | GATE: OPEN | 919->920
+1 local | 0f27055f0796927b | 20062 | GATE: OPEN | 919->920
+1 local | 81422e9d0ca4a60d | 105994 | GATE: OPEN | 919->920
+1 local | 002a8e25d04e6b42 | 20063 | GATE: OPEN | 919->920
+1 local | 4b4a23fcc79e9bee | 105995 | GATE: OPEN | 919->920
+1 local | a832c7435437716a | 20064 | GATE: OPEN | 919->920
+1 local | 277c066739ca4bff | 105996 | GATE: OPEN | 919->920
+1 local | d0d5db0eee12dd9b | 20065 | GATE: OPEN | 919->920
+1 local | 09eef6307ee9c480 | 105997 | GATE: OPEN | 919->920
+1 local | de32189999e661aa | 20066 | GATE: OPEN | 919->920
+1 local | b0275c8ed8476063 | 105998 | GATE: OPEN | 919->920
+1 local | 3e734178a5e9c0c7 | 20067 | GATE: OPEN | 919->920

[SOVEREIGN BUNDLE] 33 pulses -> 77M mesh in 1 packet | 2026-09-09T00:47:07.555Z
Hashes: ac8b6b4b038dbc11,eb8d1fee204ef1b1,3651bb0a466b6823... +30 more
STATUS: SYNC_ACK | PARITY_OK | PULSE_CONFIRMED | NO FLOOD

+1 local | e705b2ba41d76423 | 105999 | GATE: OPEN | 919->920
+1 local | e4914860cb20456a | 20068 | GATE: OPEN | 919->920
+1 local | e35ad072904cde48 | 106000 | GATE: OPEN | 919->920
+1 local | 104f11cdb8033e22 | 20069 | GATE: OPEN | 919->920
+1 local | 741a5eae21da5e25 | 106001 | GATE: OPEN | 919->920
+1 local | fef26bb9fbc6bcf1 | 20070 | GATE: OPEN | 919->920
+1 local | 507645e6eb27d1a5 | 106002 | GATE: OPEN | 919->920
+1 local | 7da113518b08c89c | 20071 | GATE: OPEN | 919->920
+1 local | f4880ae1294de69e | 106003 | GATE: OPEN | 919->920
+1 local | c3144aae0ec58548 | 20072 | GATE: OPEN | 919->920
+1 local | 7156a9d1ff5bf49e | 106004 | GATE: OPEN | 919->920
+1 local | 8aab3d52ea2e0822 | 20073 | GATE: OPEN | 919->920
+1 local | d6a7e9fab5f09f51 | 106005 | GATE: OPEN | 919->920
+1 local | fe9ac021d44d2ffc | 20074 | GATE: OPEN | 919->920
+1 local | f3ced7189dc51888 | 106006 | GATE: OPEN | 919->920
+1 local | 7cd6adf39b23787b | 20075 | GATE: OPEN | 919->920
+1 local | e4b0aee5c61a48ae | 106007 | GATE: OPEN | 919->920
+1 local | 70d058c01c1e9094 | 20076 | GATE: OPEN | 919->920
+1 local | 85495913af984ae4 | 106008 | GATE: OPEN | 919->920
+1 local | 883397e1b27ecff9 | 20077 | GATE: OPEN | 919->920
+1 local | b8987327ae381d59 | 106009 | GATE: OPEN | 919->920
+1 local | 4e5d5211ad5e12a1 | 20078 | GATE: OPEN | 919->920
+1 local | e8417bb9dc8cf9fe | 106010 | GATE: OPEN | 919->920
+1 local | 99324d3046acee58 | 20079 | GATE: OPEN | 919->920
+1 local | a8e4a8c1fc01cbf3 | 106011 | GATE: OPEN | 919->920
+1 local | baf54a16ec11512d | 20080 | GATE: OPEN | 919->920
+1 local | 60e578d135f4be77 | 106012 | GATE: OPEN | 919->920
+1 local | 208033b7e172b0c5 | 20081 | GATE: OPEN | 919->920
+1 local | fb45569f41774735 | 106013 | GATE: OPEN | 919->920

[SOVEREIGN BUNDLE] 33 -> 77M mesh | 2026-09-09T00:47:21.407Z
STATUS: SYNC_ACK | PARITY_OK | NO FLOOD

+1 local | 7b1d64f4e6f612a1 | 20082 | GATE: OPEN | 919->920
+1 local | 2c28931f0b4991d9 | 106014 | GATE: OPEN | 919->920
+1 local | 4c8d02aaa2b86ffc | 20083 | GATE: OPEN | 919->920
+1 local | a4109496313cf815 | 106015 | GATE: OPEN | 919->920
+1 local | 7c92c69df051d4e6 | 20084 | GATE: OPEN | 919->920
+1 local | 51f6fccc001e2c69 | 106016 | GATE: OPEN | 919->920
+1 local | 30943b443fc4cbd4 | 20085 | GATE: OPEN | 919->920
+1 local | 6440282d34c74def | 106017 | GATE: OPEN | 919->920
+1 local | 06f6c163f136d3f3 | 20086 | GATE: OPEN | 919->920
+1 local | 2a8f79e5133ddbab | 106018 | GATE: OPEN | 919->920
+1 local | 3c364d3661a6cf90 | 20087 | GATE: OPEN | 919->920
+1 local | cfaf6f8569fead94 | 106019 | GATE: OPEN | 919->920
+1 local | e99b79671ff602db | 20088 | GATE: OPEN | 919->920
+1 local | 5a6af8739a83ef03 | 106020 | GATE: OPEN | 919->920
+1 local | 224370a6ec27a57d | 20089 | GATE: OPEN | 919->920
+1 local | 39c84b7de110f674 | 106021 | GATE: OPEN | 919->920
+1 local | 63a211c03622a965 | 20090 | GATE: OPEN | 919->920
+1 local | f7a3afe5f18bfe06 | 106022 | GATE: OPEN | 919->920
+1 local | cb4dab8ccc853ecf | 20091 | GATE: OPEN | 919->920
+1 local | b5e78990596dd861 | 106023 | GATE: OPEN | 919->920
+1 local | 551f250f4f8861f0 | 20092 | GATE: OPEN | 919->920
+1 local | 52d963813567af7b | 106024 | GATE: OPEN | 919->920
+1 local | 645467e5811e912a | 20093 | GATE: OPEN | 919->920
+1 local | be002af1d2433e41 | 106025 | GATE: OPEN | 919->920
+1 local | bbf2faaac6c05b14 | 20094 | GATE: OPEN | 919->920
+1 local | 2baaf939087052cc | 106026 | GATE: OPEN | 919->920
+1 local | 9d9fe3bfacaa85d1 | 20095 | GATE: OPEN | 919->920
+1 local | 8188065437313587 | 106027 | GATE: OPEN | 919->920
+1 local | cf460740b465eec7 | 20096 | GATE: OPEN | 919->920
+1 local | 5d4376e0b4bffb76 | 106028 | GATE: OPEN | 919->920
+1 local | d82e18aaf8e2bad9 | 20097 | GATE: OPEN | 919->920
+1 local | 2b0c23f7b37b69f3 | 106029 | GATE: OPEN | 919->920
+1 local | 88f36ee732c76428 | 20098 | GATE: OPEN | 919->920
+1 local | e546269e4d634832 | 106030 | GATE: OPEN | 919->920
+1 local | a6ffb450a0a01e7e | 20099 | GATE: OPEN | 919->920
+1 local | d0b97d5572f66264 | 106031 | GATE: OPEN | 919->920
+1 local | 8ba6e9be7b259770 | 20100 | GATE: OPEN | 919->920

[SOVEREIGN BUNDLE] 33 pulses -> 77M mesh in 1 packet | 2026-09-09T00:47:38.079Z
Hashes: e4914860cb20456a,104f11cdb8033e22,fef26bb9fbc6bcf1... +30 more
STATUS: SYNC_ACK | PARITY_OK | PULSE_CONFIRMED | NO FLOOD

+1 local | 85d20927aeb63443 | 106032 | GATE: OPEN | 919->920
+1 local | a9dac7e9c2dc6c7e | 20101 | GATE: OPEN | 919->920
+1 local | 0538dc2ec17bcb7b | 106033 | GATE: OPEN | 919->920
+1 local | a3a863fec98161bd | 20102 | GATE: OPEN | 919->920
+1 local | 5d5a04117246f4ed | 106034 | GATE: OPEN | 919->920
+1 local | 7ad61cd4dc762d87 | 20103 | GATE: OPEN | 919->920
+1 local | 683e7deb5ca14aae | 106035 | GATE: OPEN | 919->920
+1 local | 829bd2c0faafa4e2 | 20104 | GATE: OPEN | 919->920
+1 local | 1ea491965bb96442 | 106036 | GATE: OPEN | 919->920
+1 local | f6270fa46ff1686e | 20105 | GATE: OPEN | 919->920
+1 local | 429bb62f21629f45 | 106037 | GATE: OPEN | 919->920
+1 local | 2d39f9586c5d4e3f | 20106 | GATE: OPEN | 919->920
+1 local | b663bc9be6e1e57a | 106038 | GATE: OPEN | 919->920
+1 local | cd46bc2719a36afb | 20107 | GATE: OPEN | 919->920
+1 local | 49172dfe991aa59e | 106039 | GATE: OPEN | 919->920
+1 local | 5ab30c43e54e3a1d | 20108 | GATE: OPEN | 919->920
+1 local | f4897bd2139ae54f | 106040 | GATE: OPEN | 919->920
+1 local | 32bc8b7fa077a7e1 | 20109 | GATE: OPEN | 919->920
+1 local | 156dcee188cfcf17 | 106041 | GATE: OPEN | 919->920
+1 local | fec7fb07535d2c9a | 20110 | GATE: OPEN | 919->920
+1 local | 6d34891e867beaab | 106042 | GATE: OPEN | 919->920
+1 local | 0d55cfdcd774795d | 20111 | GATE: OPEN | 919->920
+1 local | 510458dddb26c6d2 | 106043 | GATE: OPEN | 919->920
+1 local | 62682b8e31a6d26f | 20112 | GATE: OPEN | 919->920
+1 local | b59359319547be43 | 106044 | GATE: OPEN | 919->920
+1 local | 20a962d448994d57 | 20113 | GATE: OPEN | 919->920
+1 local | f10b30c6d45e2a11 | 106045 | GATE: OPEN | 919->920
+1 local | 733cfc6d03a070c1 | 20114 | GATE: OPEN | 919->920
+1 local | 35badc14da62965e | 106046 | GATE: OPEN | 919->920

[SOVEREIGN BUNDLE] 33 -> 77M mesh | 2026-09-09T00:47:51.927Z
STATUS: SYNC_ACK | PARITY_OK | NO FLOOD

+1 local | d2fa521e8296dd30 | 20115 | GATE: OPEN | 919->920
+1 local | cc99187bff8363a7 | 106047 | GATE: OPEN | 919->920
+1 local | 9e21e941bbd76b55 | 20116 | GATE: OPEN | 919->920
+1 local | 3e4495462eef2412 | 106048 | GATE: OPEN | 919->920
+1 local | b98dc95a1a871864 | 20117 | GATE: OPEN | 919->920
+1 local | 4e21908e9f503174 | 106049 | GATE: OPEN | 919->920
+1 local | 81d532ad0073c143 | 20118 | GATE: OPEN | 919->920
+1 local | f23aca45fe2284bd | 106050 | GATE: OPEN | 919->920
+1 local | 2e7ed49a2d5e224b | 20119 | GATE: OPEN | 919->920
+1 local | fa9145f14f5538a5 | 106051 | GATE: OPEN | 919->920
+1 local | 54b5cc4813667918 | 20120 | GATE: OPEN | 919->920
+1 local | 99e611a38904f434 | 106052 | GATE: OPEN | 919->920
+1 local | e12ae5a714bd8445 | 20121 | GATE: OPEN | 919->920
+1 local | c85a8020b4af5fb3 | 106053 | GATE: OPEN | 919->920
+1 local | c0a09e640ed15232 | 20122 | GATE: OPEN | 919->920
+1 local | 18845da4d5299e55 | 106054 | GATE: OPEN | 919->920
+1 local | 8412aac382b55dfd | 20123 | GATE: OPEN | 919->920
+1 local | 2ab653dca3cbb174 | 106055 | GATE: OPEN | 919->920
+1 local | 2e2f770b5defab8d | 20124 | GATE: OPEN | 919->920
+1 local | 70e02e0d2940ec52 | 106056 | GATE: OPEN | 919->920
+1 local | 56c021d8c685374b | 20125 | GATE: OPEN | 919->920
+1 local | 1d9320bf3a2d1ce8 | 106057 | GATE: OPEN | 919->920
+1 local | a167deb87a1b34b0 | 20126 | GATE: OPEN | 919->920
+1 local | ab9aacb8140686ee | 20127 | GATE: OPEN | 919->920
+1 local | f8f8df3114be7c1c | 106058 | GATE: OPEN | 919->920
+1 local | b76d7953e271ff36 | 20128 | GATE: OPEN | 919->920
+1 local | e96f645331f08e98 | 106059 | GATE: OPEN | 919->920
+1 local | 4c4217f7081cc99e | 20129 | GATE: OPEN | 919->920
+1 local | 32e54199cbf474a1 | 106060 | GATE: OPEN | 919->920
+1 local | ff5a0b0623f3f260 | 20130 | GATE: OPEN | 919->920
+1 local | b4a991368b127386 | 106061 | GATE: OPEN | 919->920
+1 local | ae7bbdee675f2071 | 20131 | GATE: OPEN | 919->920
+1 local | 60342458e4b2ca90 | 106062 | GATE: OPEN | 919->920
+1 local | 35359f3df958e5cf | 20132 | GATE: OPEN | 919->920
+1 local | a6e8711c6f28af28 | 106063 | GATE: OPEN | 919->920
+1 local | 5226d4db3525089b | 20133 | GATE: OPEN | 919->920

[SOVEREIGN BUNDLE] 33 pulses -> 77M mesh in 1 packet | 2026-09-09T03:38:19.046Z
Hashes: a9dac7e9c2dc6c7e,a3a863fec98161bd,7ad61cd4dc762d87... +30 more
STATUS: SYNC_ACK | PARITY_OK | PULSE_CONFIRMED | NO FLOOD

+1 local | 7fb1c81182d23d67 | 106064 | GATE: OPEN | 919->920
+1 local | 61bf54e5f1da23fc | 20134 | GATE: OPEN | 919->920
+1 local | 7b320ece5249cabb | 106065 | GATE: OPEN | 919->920
+1 local | b539ea4681a1a2bb | 20135 | GATE: OPEN | 919->920
+1 local | 47b27f2dca315d75 | 106066 | GATE: OPEN | 919->920
+1 local | cb8eabc47267c4e2 | 20136 | GATE: OPEN | 919->920
+1 local | b2f61cdbab4fdb8c | 106067 | GATE: OPEN | 919->920
+1 local | 63cc90d7ab59ecb2 | 20137 | GATE: OPEN | 919->920
+1 local | 901aa8d822bc0f81 | 106068 | GATE: OPEN | 919->920
+1 local | c6451a96caf789a3 | 20138 | GATE: OPEN | 919->920
+1 local | d6f2b8c395c33d4c | 106069 | GATE: OPEN | 919->920
+1 local | ae8fb06e669a7fff | 20139 | GATE: OPEN | 919->920
+1 local | 0bd66f3cfa315a54 | 106070 | GATE: OPEN | 919->920
+1 local | 442b97f4ebbbe844 | 106071 | GATE: OPEN | 919->920
+1 local | 007ceb830acfa79e | 20140 | GATE: OPEN | 919->920
+1 local | b4448aebed66ad34 | 106072 | GATE: OPEN | 919->920
+1 local | 673cf4ca3eb5363f | 20141 | GATE: OPEN | 919->920
+1 local | 9c325aa5dc4860bc | 106073 | GATE: OPEN | 919->920
+1 local | 530614050557b3d2 | 20142 | GATE: OPEN | 919->920
+1 local | fe22922badbf4f89 | 106074 | GATE: OPEN | 919->920
+1 local | 049a8878225bae39 | 20143 | GATE: OPEN | 919->920
+1 local | b603d1c3c6749038 | 106075 | GATE: OPEN | 919->920
+1 local | 73ba8542e48ddac6 | 20144 | GATE: OPEN | 919->920
+1 local | c1ae8b6ef673f6b4 | 106076 | GATE: OPEN | 919->920
+1 local | 9077be7339d8e39c | 20145 | GATE: OPEN | 919->920
+1 local | 9607ff2b1cdbdbcc | 106077 | GATE: OPEN | 919->920
+1 local | 91e6f76cf48fc17a | 20146 | GATE: OPEN | 919->920
+1 local | b6b7406533e77ac0 | 106078 | GATE: OPEN | 919->920
+1 local | 69945ac58ee41bc6 | 20147 | GATE: OPEN | 919->920
+1 local | 1d7bc499667cc1a6 | 106079 | GATE: OPEN | 919->920
+1 local | 7957543ba8998d96 | 20148 | GATE: OPEN | 919->920

[SOVEREIGN BUNDLE] 33 -> 77M mesh | 2026-09-09T03:38:32.839Z
STATUS: SYNC_ACK | PARITY_OK | NO FLOOD

+1 local | ad8a8cbed695ff58 | 20149 | GATE: OPEN | 919->920
+1 local | 542fa5abb3b6b3bc | 106080 | GATE: OPEN | 919->920
+1 local | cf20344e12bf6799 | 106081 | GATE: OPEN | 919->920
+1 local | 1bc51885a63885b1 | 20150 | GATE: OPEN | 919->920
+1 local | cc79b60fe4009e71 | 20151 | GATE: OPEN | 919->920
+1 local | 609d8e2217788c7f | 106082 | GATE: OPEN | 919->920
+1 local | 878e83456806600d | 20152 | GATE: OPEN | 919->920
+1 local | b24c61d620df4465 | 106083 | GATE: OPEN | 919->920
+1 local | f592b2997a4c6be4 | 20153 | GATE: OPEN | 919->920
+1 local | 8915316a4fce08aa | 106084 | GATE: OPEN | 919->920
+1 local | dd8dcf1d28c5efcc | 106085 | GATE: OPEN | 919->920
+1 local | b1facf693ed4f2d5 | 20154 | GATE: OPEN | 919->920
+1 local | 56be7c1a26fe6df4 | 106086 | GATE: OPEN | 919->920
+1 local | afbaf802e7e8f1f4 | 20155 | GATE: OPEN | 919->920
+1 local | 6f2b53f9b7417a53 | 106087 | GATE: OPEN | 919->920
+1 local | 25ea670f44280ca9 | 20156 | GATE: OPEN | 919->920
+1 local | aa92acbdab036107 | 106088 | GATE: OPEN | 919->920
+1 local | 0dcc235fe52ad7f6 | 20157 | GATE: OPEN | 919->920
+1 local | 37c8c12aee2a3143 | 106089 | GATE: OPEN | 919->920
+1 local | 80787fcb5e29ceb6 | 20158 | GATE: OPEN | 919->920
+1 local | a1afff04145dfb7f | 106090 | GATE: OPEN | 919->920
+1 local | da5189453e8b0d92 | 20159 | GATE: OPEN | 919->920
+1 local | cbfb542d26bd2c51 | 106091 | GATE: OPEN | 919->920
+1 local | f3c525c02ef502f4 | 20160 | GATE: OPEN | 919->920
+1 local | 878b6bcc21fd07d0 | 106092 | GATE: OPEN | 919->920
+1 local | c19d4d4a7244e773 | 20161 | GATE: OPEN | 919->920
+1 local | 52b4453bcce1a8df | 106093 | GATE: OPEN | 919->920
+1 local | 81d595ca61769f65 | 20162 | GATE: OPEN | 919->920
+1 local | 963fd15a414a670f | 106094 | GATE: OPEN | 919->920
+1 local | e69a45d110d70e24 | 20163 | GATE: OPEN | 919->920
+1 local | e3b5a9555b5842d9 | 106095 | GATE: OPEN | 919->920
+1 local | c8a5869077cd23a6 | 20164 | GATE: OPEN | 919->920
+1 local | 44287c919a00b14a | 106096 | GATE: OPEN | 919->920
+1 local | 40b4aca61a02dcf2 | 20165 | GATE: OPEN | 919->920
+1 local | c03ef769a98481bb | 106097 | GATE: OPEN | 919->920
+1 local | fd6ad625aeac2679 | 20166 | GATE: OPEN | 919->920

[SOVEREIGN BUNDLE] 33 pulses -> 77M mesh in 1 packet | 2026-09-09T03:38:49.471Z
Hashes: 61bf54e5f1da23fc,b539ea4681a1a2bb,cb8eabc47267c4e2... +30 more
STATUS: SYNC_ACK | PARITY_OK | PULSE_CONFIRMED | NO FLOOD

+1 local | c7a076c4dde0231c | 106098 | GATE: OPEN | 919->920
+1 local | 0d872e4955b40a71 | 20167 | GATE: OPEN | 919->920
+1 local | 8863c9a0b03e941d | 106099 | GATE: OPEN | 919->920
+1 local | ac868fa2f8aa0786 | 20168 | GATE: OPEN | 919->920
+1 local | 898efc193b216922 | 106100 | GATE: OPEN | 919->920
+1 local | 13c2520e9da63cfb | 20169 | GATE: OPEN | 919->920
+1 local | c68a450ddf47b10b | 106101 | GATE: OPEN | 919->920
+1 local | 283826a47d8c3b9b | 20170 | GATE: OPEN | 919->920
+1 local | 65555be933548930 | 20171 | GATE: OPEN | 919->920
+1 local | b8b49c92c7e09b39 | 106102 | GATE: OPEN | 919->920
+1 local | d4cec86b3bc257f2 | 20172 | GATE: OPEN | 919->920
+1 local | d6aa6a407e4c037d | 106103 | GATE: OPEN | 919->920
+1 local | af13066b564561fb | 20173 | GATE: OPEN | 919->920
+1 local | 7e9a9ee63399ae94 | 106104 | GATE: OPEN | 919->920
+1 local | 1216176a22b995e3 | 20174 | GATE: OPEN | 919->920
+1 local | dfff4691c41678aa | 106105 | GATE: OPEN | 919->920
+1 local | 1a950bc93ea96527 | 20175 | GATE: OPEN | 919->920
+1 local | 1b5b72b7ae5a4e5d | 106106 | GATE: OPEN | 919->920
+1 local | fd2581f3b6d79f6a | 20176 | GATE: OPEN | 919->920
+1 local | 081afc9745d6fca7 | 106107 | GATE: OPEN | 919->920
+1 local | 160f3fef7dc2a416 | 20177 | GATE: OPEN | 919->920
+1 local | 0fa5bad5da881244 | 106108 | GATE: OPEN | 919->920
+1 local | 0592577a4745b030 | 20178 | GATE: OPEN | 919->920
+1 local | 6502f9fd42fbc6cc | 106109 | GATE: OPEN | 919->920
+1 local | 13bb7761e26c5006 | 20179 | GATE: OPEN | 919->920
+1 local | 98e81de13f03fd1d | 106110 | GATE: OPEN | 919->920
+1 local | a36d4f95ab692e42 | 20180 | GATE: OPEN | 919->920
+1 local | 377e9b95e023e503 | 106111 | GATE: OPEN | 919->920
+1 local | ea31bfd9a9d70de8 | 20181 | GATE: OPEN | 919->920
+1 local | 5e3b8e915a8b674d | 106112 | GATE: OPEN | 919->920

[SOVEREIGN BUNDLE] 33 -> 77M mesh | 2026-09-09T03:39:03.343Z
STATUS: SYNC_ACK | PARITY_OK | NO FLOOD

+1 local | 907982f64eda261f | 20182 | GATE: OPEN | 919->920
+1 local | 58d00c1c2e129102 | 106113 | GATE: OPEN | 919->920
+1 local | 603103e328aaffb7 | 20183 | GATE: OPEN | 919->920
+1 local | f1941668e7c3394b | 106114 | GATE: OPEN | 919->920
+1 local | d9e811026f061742 | 20184 | GATE: OPEN | 919->920
+1 local | accd4e01c248c191 | 106115 | GATE: OPEN | 919->920
+1 local | 2add7c6f4f4b3e70 | 20185 | GATE: OPEN | 919->920
+1 local | 29f3276162c84f4f | 106116 | GATE: OPEN | 919->920
+1 local | 95daf92f08e9501a | 20186 | GATE: OPEN | 919->920
+1 local | 6f1caf3756e3977b | 106117 | GATE: OPEN | 919->920
+1 local | eb675ba6882fadef | 20187 | GATE: OPEN | 919->920
+1 local | 4e25bd75bbac45e8 | 106118 | GATE: OPEN | 919->920
+1 local | f97575dce3a9e041 | 20188 | GATE: OPEN | 919->920
+1 local | e450506ee7976995 | 106119 | GATE: OPEN | 919->920
+1 local | 121b3924d557b0b0 | 20189 | GATE: OPEN | 919->920
+1 local | c91c88f68383ecef | 106120 | GATE: OPEN | 919->920
+1 local | 2897c4ad61f8f34c | 106121 | GATE: OPEN | 919->920
+1 local | b54e7de889cbc182 | 20190 | GATE: OPEN | 919->920
+1 local | 34bdff103fd31e72 | 106122 | GATE: OPEN | 919->920
+1 local | 740d0b9593c8c7c9 | 20191 | GATE: OPEN | 919->920
+1 local | 72f71d25af4a75f8 | 106123 | GATE: OPEN | 919->920
+1 local | f0428fad186e4cdc | 20192 | GATE: OPEN | 919->920
+1 local | b159031ac4521a4e | 106124 | GATE: OPEN | 919->920
+1 local | 0b59719cfced629b | 20193 | GATE: OPEN | 919->920
+1 local | d6605a14d30c0da7 | 20194 | GATE: OPEN | 919->920
+1 local | 153d4d5e4f37cb5a | 106125 | GATE: OPEN | 919->920
+1 local | 9ab4950506468396 | 20195 | GATE: OPEN | 919->920
+1 local | c1c1d4eaeb3728fc | 106126 | GATE: OPEN | 919->920
+1 local | 7715e22a1491479f | 20196 | GATE: OPEN | 919->920
+1 local | f2189b3951eabaf3 | 106127 | GATE: OPEN | 919->920
+1 local | 541b66e94df6da78 | 20197 | GATE: OPEN | 919->920
+1 local | 71d33b9b92e96d29 | 106128 | GATE: OPEN | 919->920
+1 local | f5589c602b7477ae | 20198 | GATE: OPEN | 919->920
+1 local | 4409984f4ae49330 | 106129 | GATE: OPEN | 919->920
+1 local | 35cc8f2237ab863b | 20199 | GATE: OPEN | 919->920

[SOVEREIGN BUNDLE] 33 pulses -> 77M mesh in 1 packet | 2026-09-09T03:39:19.975Z
Hashes: 0d872e4955b40a71,ac868fa2f8aa0786,13c2520e9da63cfb... +30 more
STATUS: SYNC_ACK | PARITY_OK | PULSE_CONFIRMED | NO FLOOD

+1 local | 16c9c0a42066ba55 | 106130 | GATE: OPEN | 919->920
+1 local | 5fa2ff8733ebc47b | 20200 | GATE: OPEN | 919->920
+1 local | e426cac33017ec15 | 106131 | GATE: OPEN | 919->920
+1 local | 30f2d4e4878f6628 | 106132 | GATE: OPEN | 919->920
+1 local | 5e07c5746d16cab2 | 20201 | GATE: OPEN | 919->920
+1 local | 00ae36c74710e9ec | 106133 | GATE: OPEN | 919->920
+1 local | 8fb42d78b3bcd55c | 20202 | GATE: OPEN | 919->920
+1 local | 2b148cc92b00df8f | 106134 | GATE: OPEN | 919->920
+1 local | d297e805dbca7c49 | 20203 | GATE: OPEN | 919->920
+1 local | 3f99694b1078069f | 106135 | GATE: OPEN | 919->920
+1 local | 4cd4dde08281c236 | 20204 | GATE: OPEN | 919->920
+1 local | 57211b58c2d61ea9 | 106136 | GATE: OPEN | 919->920
+1 local | c91ca15d5c868940 | 20205 | GATE: OPEN | 919->920
+1 local | 700f3f33c115b1d9 | 106137 | GATE: OPEN | 919->920
+1 local | 701df086793f7f22 | 20206 | GATE: OPEN | 919->920
+1 local | 762cfd95e1f2ac43 | 106138 | GATE: OPEN | 919->920
+1 local | 139723ae10d6f255 | 20207 | GATE: OPEN | 919->920
+1 local | ae636a0bc3588389 | 106139 | GATE: OPEN | 919->920
+1 local | 8b22e1ce7d70812d | 20208 | GATE: OPEN | 919->920
+1 local | 251c26b2437714e1 | 20209 | GATE: OPEN | 919->920
+1 local | 5f94b9e787211bb7 | 106140 | GATE: OPEN | 919->920
+1 local | 77822d3ea64ca7dd | 106141 | GATE: OPEN | 919->920
+1 local | ee2121eb4f234a7c | 20210 | GATE: OPEN | 919->920
+1 local | b32e301cb9d73755 | 106142 | GATE: OPEN | 919->920
+1 local | 9ce3071b84337822 | 20211 | GATE: OPEN | 919->920
+1 local | ab165171310005fb | 106143 | GATE: OPEN | 919->920
+1 local | a5d405ff32e87f2e | 20212 | GATE: OPEN | 919->920
+1 local | b6c6972cb27cffaf | 106144 | GATE: OPEN | 919->920
+1 local | 70894b0188c8e2ab | 20213 | GATE: OPEN | 919->920
+1 local | 7c0523cc1e87b0d8 | 106145 | GATE: OPEN | 919->920

[SOVEREIGN BUNDLE] 33 -> 77M mesh | 2026-09-09T03:39:33.839Z
STATUS: SYNC_ACK | PARITY_OK | NO FLOOD

+1 local | 208ac473f738d169 | 20214 | GATE: OPEN | 919->920
+1 local | 1953cd58f01eab97 | 106146 | GATE: OPEN | 919->920
+1 local | 1a4a1c0ec9c8adda | 20215 | GATE: OPEN | 919->920
+1 local | be44ee291c177e4f | 20216 | GATE: OPEN | 919->920
+1 local | 429a40b6d48b9c7a | 106147 | GATE: OPEN | 919->920
+1 local | 6af369a9d84d9a9c | 20217 | GATE: OPEN | 919->920
+1 local | 0a8dd88c4abf40d4 | 106148 | GATE: OPEN | 919->920
+1 local | 57a80941f17ecf3a | 20218 | GATE: OPEN | 919->920
+1 local | f7285d93161c8ba8 | 106149 | GATE: OPEN | 919->920
+1 local | 9e19a5c6baa650dd | 20219 | GATE: OPEN | 919->920
+1 local | e9e681fb3d95063c | 106150 | GATE: OPEN | 919->920
+1 local | 10763e79137326b6 | 20220 | GATE: OPEN | 919->920
+1 local | 629bc1ef46b42347 | 106151 | GATE: OPEN | 919->920
+1 local | a41fc7f3979eb6db | 20221 | GATE: OPEN | 919->920
+1 local | ee8b3735b6101e9d | 106152 | GATE: OPEN | 919->920
+1 local | 011811c4412faf25 | 20222 | GATE: OPEN | 919->920
+1 local | d3832b70ca0e6a7f | 106153 | GATE: OPEN | 919->920
+1 local | 2ddde5f004187a12 | 20223 | GATE: OPEN | 919->920
+1 local | 8709e05aab1a6d97 | 106154 | GATE: OPEN | 919->920
+1 local | 86274ae5748336ea | 20224 | GATE: OPEN | 919->920
+1 local | fa92c4e126494539 | 106155 | GATE: OPEN | 919->920
+1 local | 726cc664c8938048 | 20225 | GATE: OPEN | 919->920
+1 local | b656e5ae15244f8a | 106156 | GATE: OPEN | 919->920
+1 local | 7e5b23ffb1a115e3 | 20226 | GATE: OPEN | 919->920
+1 local | 246615baa151ed6f | 106157 | GATE: OPEN | 919->920
+1 local | 15f3ddca789893f1 | 20227 | GATE: OPEN | 919->920
+1 local | 2e6871024980df2a | 106158 | GATE: OPEN | 919->920
+1 local | 6a03805e69c700aa | 20228 | GATE: OPEN | 919->920
+1 local | 2d4aad74a07cd700 | 106159 | GATE: OPEN | 919->920
+1 local | 8a2465c9ecab7d05 | 20229 | GATE: OPEN | 919->920
+1 local | 82ff12e477c7f125 | 106160 | GATE: OPEN | 919->920
+1 local | baf93f517d7b0a22 | 20230 | GATE: OPEN | 919->920
+1 local | 7dd18ec32c0810da | 106161 | GATE: OPEN | 919->920
+1 local | 5745d3669451e7f7 | 20231 | GATE: OPEN | 919->920
+1 local | 19b23a7416ef8a54 | 106162 | GATE: OPEN | 919->920
+1 local | dce4a8a8535032b3 | 20232 | GATE: OPEN | 919->920

[SOVEREIGN BUNDLE] 33 pulses -> 77M mesh in 1 packet | 2026-09-09T03:39:50.471Z
Hashes: 5fa2ff8733ebc47b,5e07c5746d16cab2,8fb42d78b3bcd55c... +30 more
STATUS: SYNC_ACK | PARITY_OK | PULSE_CONFIRMED | NO FLOOD

+1 local | f9b7abef901e348d | 106163 | GATE: OPEN | 919->920
+1 local | 798a8c96d62d059c | 20233 | GATE: OPEN | 919->920
+1 local | 5e0f0f57bf6d7b97 | 106164 | GATE: OPEN | 919->920
+1 local | 5f64051693ee0744 | 20234 | GATE: OPEN | 919->920
+1 local | 88c1187922e9e09f | 106165 | GATE: OPEN | 919->920
+1 local | a019f980b3b8caa9 | 20235 | GATE: OPEN | 919->920
+1 local | bb9efffd5c0bc4c6 | 106166 | GATE: OPEN | 919->920
+1 local | ee0cbee9f2fd918d | 20236 | GATE: OPEN | 919->920
+1 local | 316ed608b57c8d53 | 106167 | GATE: OPEN | 919->920
+1 local | 3144dca50b65e6fe | 20237 | GATE: OPEN | 919->920
+1 local | 2f850e5dbf26a307 | 106168 | GATE: OPEN | 919->920
+1 local | 06a0372e8ecda111 | 20238 | GATE: OPEN | 919->920
+1 local | 31e98ce18a5b8b13 | 106169 | GATE: OPEN | 919->920
+1 local | cee594fe92f59394 | 20239 | GATE: OPEN | 919->920
+1 local | 3c3606b45c31006b | 106170 | GATE: OPEN | 919->920
+1 local | 4ea196930a51e4d3 | 20240 | GATE: OPEN | 919->920
+1 local | 2da1d7f0afb8b575 | 106171 | GATE: OPEN | 919->920
+1 local | 36a7b917e58c66e4 | 20241 | GATE: OPEN | 919->920
+1 local | f3d92962007be607 | 106172 | GATE: OPEN | 919->920
+1 local | 21e960a872f4a01d | 20242 | GATE: OPEN | 919->920
+1 local | 9805c26e5824d8cd | 106173 | GATE: OPEN | 919->920
+1 local | 8db425812fe36e3d | 20243 | GATE: OPEN | 919->920
+1 local | 2f5ac774084753e2 | 106174 | GATE: OPEN | 919->920
+1 local | bdd29fe375d4ad60 | 106175 | GATE: OPEN | 919->920
+1 local | 03ea63f3026d5f99 | 20244 | GATE: OPEN | 919->920
+1 local | 43ee91ec3eae07fc | 20245 | GATE: OPEN | 919->920
+1 local | d2c54ddbfa9f74cb | 106176 | GATE: OPEN | 919->920
+1 local | 6c8f7360d002edfd | 20246 | GATE: OPEN | 919->920
+1 local | 5d65e9df59e0622a | 106177 | GATE: OPEN | 919->920
+1 local | 9c796c1e742de718 | 106178 | GATE: OPEN | 919->920
+1 local | 600976ace07f7827 | 20247 | GATE: OPEN | 919->920

[SOVEREIGN BUNDLE] 33 -> 77M mesh | 2026-09-09T03:40:04.339Z
STATUS: SYNC_ACK | PARITY_OK | NO FLOOD

+1 local | e6fda12e2ed4ff42 | 20248 | GATE: OPEN | 919->920
+1 local | 93d0e277ac8b6763 | 106179 | GATE: OPEN | 919->920
+1 local | 53b0391aa72010cd | 106180 | GATE: OPEN | 919->920
+1 local | ff0a22243434356d | 20249 | GATE: OPEN | 919->920
+1 local | 77ed340910293527 | 106181 | GATE: OPEN | 919->920
+1 local | 91ebe85342c614a2 | 20250 | GATE: OPEN | 919->920
+1 local | 228c2be915a9cb1a | 106182 | GATE: OPEN | 919->920
+1 local | 6420e5af7ddb027c | 20251 | GATE: OPEN | 919->920
+1 local | 035b8b5b9fe3ab03 | 106183 | GATE: OPEN | 919->920
+1 local | f240e689586dd523 | 20252 | GATE: OPEN | 919->920
+1 local | 32a1fae2404886a1 | 106184 | GATE: OPEN | 919->920
+1 local | b3efd81f0071bd19 | 20253 | GATE: OPEN | 919->920
+1 local | a241c23ca649b574 | 106185 | GATE: OPEN | 919->920
+1 local | 876eabb3c19219c4 | 20254 | GATE: OPEN | 919->920
+1 local | 9dd7d98d269583fd | 106186 | GATE: OPEN | 919->920
+1 local | 82a1bf164a1c4012 | 20255 | GATE: OPEN | 919->920
+1 local | 8732dd29c3057cb7 | 106187 | GATE: OPEN | 919->920
+1 local | ff89bc0ffe4c3c60 | 20256 | GATE: OPEN | 919->920
+1 local | b4c8987f38779ce5 | 106188 | GATE: OPEN | 919->920
+1 local | 6bfef232cb3c709e | 20257 | GATE: OPEN | 919->920
+1 local | 7f456d33772420ad | 106189 | GATE: OPEN | 919->920
+1 local | 4d09a8a88da4f664 | 20258 | GATE: OPEN | 919->920
+1 local | 55098e82a16d3fa5 | 106190 | GATE: OPEN | 919->920
+1 local | f4083ed82fc95922 | 20259 | GATE: OPEN | 919->920
+1 local | 4d9ee465edbd9591 | 106191 | GATE: OPEN | 919->920
+1 local | e0284a94b0c9afc4 | 20260 | GATE: OPEN | 919->920
+1 local | 920106e6d320fcef | 106192 | GATE: OPEN | 919->920
+1 local | 0cda3c913b1a335f | 20261 | GATE: OPEN | 919->920
+1 local | 4b64e1655b739417 | 106193 | GATE: OPEN | 919->920
+1 local | 43f5af3e84342aeb | 20262 | GATE: OPEN | 919->920
+1 local | 3813b99d89b37c81 | 106194 | GATE: OPEN | 919->920
+1 local | 82b520999c135a04 | 20263 | GATE: OPEN | 919->920
+1 local | 894d27153f3603c1 | 106195 | GATE: OPEN | 919->920
+1 local | c154ffeb76bab66c | 20264 | GATE: OPEN | 919->920
+1 local | e3da9c50790176d6 | 106196 | GATE: OPEN | 919->920
+1 local | 3b4f4d8a60b08a51 | 20265 | GATE: OPEN | 919->920

[SOVEREIGN BUNDLE] 33 pulses -> 77M mesh in 1 packet | 2026-09-09T03:40:20.987Z
Hashes: 798a8c96d62d059c,5f64051693ee0744,a019f980b3b8caa9... +30 more
STATUS: SYNC_ACK | PARITY_OK | PULSE_CONFIRMED | NO FLOOD

+1 local | 6ec8896ec55f8661 | 20266 | GATE: OPEN | 919->920
+1 local | ed1a6007a430b868 | 106197 | GATE: OPEN | 919->920
+1 local | 733c48d7baf629f1 | 20267 | GATE: OPEN | 919->920
+1 local | 184c178cb8eff007 | 106198 | GATE: OPEN | 919->920
+1 local | 3e50a3bbe34582fe | 20268 | GATE: OPEN | 919->920
+1 local | aeec6866594da644 | 106199 | GATE: OPEN | 919->920
+1 local | 73b979aebb324457 | 20269 | GATE: OPEN | 919->920
+1 local | 2b8c1fa963f6ffa6 | 106200 | GATE: OPEN | 919->920
+1 local | 7f62bfff8b62199d | 20270 | GATE: OPEN | 919->920
+1 local | 91d92d245f088d7e | 106201 | GATE: OPEN | 919->920
+1 local | f405eef3de9df421 | 20271 | GATE: OPEN | 919->920
+1 local | e9dab1d7abd5c877 | 106202 | GATE: OPEN | 919->920
+1 local | f85a7aace33fe806 | 20272 | GATE: OPEN | 919->920
+1 local | aa07a0a5b0692b94 | 106203 | GATE: OPEN | 919->920
+1 local | 3b1cff0e06e85671 | 106204 | GATE: OPEN | 919->920
+1 local | a6bf31d46918a2f1 | 20273 | GATE: OPEN | 919->920
+1 local | 1aefdaca314d92dd | 106205 | GATE: OPEN | 919->920
+1 local | c3f03a1f63445f63 | 20274 | GATE: OPEN | 919->920
+1 local | 5a1ddc51a747c930 | 106206 | GATE: OPEN | 919->920
+1 local | e5f7b8e2ce7e96be | 20275 | GATE: OPEN | 919->920
+1 local | fb9657458a3adf93 | 106207 | GATE: OPEN | 919->920
+1 local | 49e8c3108b8860da | 20276 | GATE: OPEN | 919->920
+1 local | 3589b788c02c24ef | 106208 | GATE: OPEN | 919->920
+1 local | 1aaf28ced450255d | 20277 | GATE: OPEN | 919->920
+1 local | 0a838e42108aa99d | 106209 | GATE: OPEN | 919->920
+1 local | 1016a6df01b705b0 | 20278 | GATE: OPEN | 919->920
+1 local | d0f472a570afd09d | 106210 | GATE: OPEN | 919->920
+1 local | a68c23453b11a509 | 20279 | GATE: OPEN | 919->920
+1 local | 242e57147855af48 | 106211 | GATE: OPEN | 919->920

[SOVEREIGN BUNDLE] 33 -> 77M mesh | 2026-09-09T03:40:34.847Z
STATUS: SYNC_ACK | PARITY_OK | NO FLOOD

+1 local | 975a8213be86f373 | 20280 | GATE: OPEN | 919->920
+1 local | b40aa930a90a0409 | 106212 | GATE: OPEN | 919->920
+1 local | 956c24da5757ba85 | 20281 | GATE: OPEN | 919->920
+1 local | 0a7a21f20f99fea4 | 106213 | GATE: OPEN | 919->920
+1 local | 056a964116894944 | 20282 | GATE: OPEN | 919->920
+1 local | 4dac8eaf26ae7247 | 106214 | GATE: OPEN | 919->920
+1 local | 1898c5fff9bad4d3 | 20283 | GATE: OPEN | 919->920
+1 local | ec13498efb08bcd7 | 106215 | GATE: OPEN | 919->920
+1 local | 2a131bfebd421fa9 | 20284 | GATE: OPEN | 919->920
+1 local | 048dfa29b24dc80b | 106216 | GATE: OPEN | 919->920
+1 local | 2eb6e270871c479d | 20285 | GATE: OPEN | 919->920
+1 local | 68aa4f7a08c49c93 | 106217 | GATE: OPEN | 919->920
+1 local | 644fbe07de9b6877 | 20286 | GATE: OPEN | 919->920
+1 local | b637e1a794730d24 | 106218 | GATE: OPEN | 919->920
+1 local | fb3904fe1412ba81 | 20287 | GATE: OPEN | 919->920
+1 local | cb7b61ad17c8c0ec | 106219 | GATE: OPEN | 919->920
+1 local | d25487d36ec570ae | 20288 | GATE: OPEN | 919->920
+1 local | e8a0af9edc5ad289 | 106220 | GATE: OPEN | 919->920
+1 local | d56f2f629cae98ae | 20289 | GATE: OPEN | 919->920
+1 local | de099210df3f43c0 | 106221 | GATE: OPEN | 919->920
+1 local | 26c9e2e1bb15a1f5 | 20290 | GATE: OPEN | 919->920
+1 local | 148628a9b7d38b73 | 106222 | GATE: OPEN | 919->920
+1 local | 20779b1c2247d254 | 20291 | GATE: OPEN | 919->920
+1 local | 61433c07aa58ba57 | 106223 | GATE: OPEN | 919->920
+1 local | 879cdaf0eb4598a0 | 20292 | GATE: OPEN | 919->920
+1 local | 7d0dc36675b4958a | 106224 | GATE: OPEN | 919->920
+1 local | d09dc939f0731b4c | 20293 | GATE: OPEN | 919->920
+1 local | 2775c75e4f7c6e8c | 106225 | GATE: OPEN | 919->920
+1 local | c4ef7796206fa9d0 | 20294 | GATE: OPEN | 919->920
+1 local | e136fda9156e51a8 | 106226 | GATE: OPEN | 919->920
+1 local | a442f2db31efa537 | 20295 | GATE: OPEN | 919->920
+1 local | 6db92916319e9c71 | 106227 | GATE: OPEN | 919->920
+1 local | 70e55c922340cb05 | 20296 | GATE: OPEN | 919->920
+1 local | 64446c24fe855091 | 106228 | GATE: OPEN | 919->920
+1 local | dafe6df265805183 | 20297 | GATE: OPEN | 919->920
+1 local | 16261408900ac25c | 106229 | GATE: OPEN | 919->920
+1 local | 5d9bcb342f341afd | 20298 | GATE: OPEN | 919->920

[SOVEREIGN BUNDLE] 33 pulses -> 77M mesh in 1 packet | 2026-09-09T03:40:51.502Z
Hashes: 6ec8896ec55f8661,733c48d7baf629f1,3e50a3bbe34582fe... +30 more
STATUS: SYNC_ACK | PARITY_OK | PULSE_CONFIRMED | NO FLOOD

+1 local | f3193f9275ab201e | 106230 | GATE: OPEN | 919->920
+1 local | feb7fa36753c3ea2 | 20299 | GATE: OPEN | 919->920
+1 local | f38e707503a36295 | 106231 | GATE: OPEN | 919->920
+1 local | 2a7ed71cb4003332 | 20300 | GATE: OPEN | 919->920
+1 local | 08d151137432bdf4 | 106232 | GATE: OPEN | 919->920
+1 local | 174aba1337b04b54 | 20301 | GATE: OPEN | 919->920
+1 local | 09db74d13dfc0a62 | 106233 | GATE: OPEN | 919->920
+1 local | 40a063fcc0df49af | 20302 | GATE: OPEN | 919->920
+1 local | 94db3c6227723767 | 106234 | GATE: OPEN | 919->920
+1 local | b4dab9f0ad9815e8 | 20303 | GATE: OPEN | 919->920
+1 local | 86bef112e8496ce1 | 106235 | GATE: OPEN | 919->920
+1 local | 7b2846636a515204 | 20304 | GATE: OPEN | 919->920
+1 local | e6f0531108816bb9 | 106236 | GATE: OPEN | 919->920
+1 local | ce38a58bc9dc5edb | 20305 | GATE: OPEN | 919->920
+1 local | 0591ba683cc69226 | 106237 | GATE: OPEN | 919->920
+1 local | c4bc73c77bf0e741 | 20306 | GATE: OPEN | 919->920
+1 local | 6104c043785c7df8 | 106238 | GATE: OPEN | 919->920
+1 local | 78542841ede1ec58 | 20307 | GATE: OPEN | 919->920
+1 local | fff9fba5e599591c | 106239 | GATE: OPEN | 919->920
+1 local | 04fc98dc52e1af97 | 20308 | GATE: OPEN | 919->920
+1 local | b277c3b73265e67b | 106240 | GATE: OPEN | 919->920
+1 local | d4b76a07386a4f11 | 20309 | GATE: OPEN | 919->920
+1 local | 256c63619b9c0852 | 106241 | GATE: OPEN | 919->920
+1 local | e5b8fef51d458288 | 20310 | GATE: OPEN | 919->920
+1 local | b29e53b4a26a2416 | 20311 | GATE: OPEN | 919->920
+1 local | ebc1d70437e626c6 | 106242 | GATE: OPEN | 919->920
+1 local | 03f9d59f6548d98a | 20312 | GATE: OPEN | 919->920
+1 local | 7ec543bfed76bb85 | 106243 | GATE: OPEN | 919->920
+1 local | 0662256062f09022 | 20313 | GATE: OPEN | 919->920
+1 local | 6c045ea5fa260dbb | 106244 | GATE: OPEN | 919->920

[SOVEREIGN BUNDLE] 33 -> 77M mesh | 2026-09-09T03:41:05.367Z
STATUS: SYNC_ACK | PARITY_OK | NO FLOOD

+1 local | d35dc42c84e98be0 | 106245 | GATE: OPEN | 919->920
+1 local | e7efe4e788225c3a | 20314 | GATE: OPEN | 919->920
+1 local | 2027e69f797ce0da | 106246 | GATE: OPEN | 919->920
+1 local | e85ca21ad72652c6 | 20315 | GATE: OPEN | 919->920
+1 local | d2782e0d113e9596 | 106247 | GATE: OPEN | 919->920
+1 local | d796abb34fa970f0 | 20316 | GATE: OPEN | 919->920
+1 local | 2476d698257eca20 | 106248 | GATE: OPEN | 919->920
+1 local | b4d881e17bc7aede | 20317 | GATE: OPEN | 919->920
+1 local | 78c31787665ec2bb | 106249 | GATE: OPEN | 919->920
+1 local | 072d639718419d98 | 20318 | GATE: OPEN | 919->920
+1 local | fb36c2d58ad6fdc7 | 106250 | GATE: OPEN | 919->920
+1 local | e32d971162e20f12 | 20319 | GATE: OPEN | 919->920
+1 local | 1c5f3900a07a74c4 | 106251 | GATE: OPEN | 919->920
+1 local | dfd31328366337b9 | 20320 | GATE: OPEN | 919->920
+1 local | 10eb256b1f4b9e20 | 106252 | GATE: OPEN | 919->920
+1 local | 08e03f17d31cbecf | 20321 | GATE: OPEN | 919->920
+1 local | 0b67371d85b4d6c0 | 106253 | GATE: OPEN | 919->920
+1 local | 4d9646955d91683c | 20322 | GATE: OPEN | 919->920
+1 local | 4854768e735f8dbe | 106254 | GATE: OPEN | 919->920
+1 local | 9291f1fb2fb59d5f | 20323 | GATE: OPEN | 919->920
+1 local | 7c61d91fe7f5bc44 | 106255 | GATE: OPEN | 919->920
+1 local | 4d3f58e440c0aba4 | 20324 | GATE: OPEN | 919->920
+1 local | d76c914b33c35d7e | 20325 | GATE: OPEN | 919->920
+1 local | 9b7e8c0c3f341f87 | 106256 | GATE: OPEN | 919->920
+1 local | f0be84eec5fb6e08 | 20326 | GATE: OPEN | 919->920
+1 local | 2bee0eece71fdf40 | 106257 | GATE: OPEN | 919->920
+1 local | d79d2c4b7f7491d4 | 20327 | GATE: OPEN | 919->920
+1 local | f9ba3167c8046ef1 | 106258 | GATE: OPEN | 919->920
+1 local | 2640354c31a23807 | 20328 | GATE: OPEN | 919->920
+1 local | 9dffeccf8c76b363 | 106259 | GATE: OPEN | 919->920
+1 local | 49402a3274fd0e9b | 20329 | GATE: OPEN | 919->920
+1 local | 4c0ac615407f289f | 106260 | GATE: OPEN | 919->920
+1 local | bf08660037608cdf | 20330 | GATE: OPEN | 919->920
+1 local | d2854beddf1ff2cb | 106261 | GATE: OPEN | 919->920
+1 local | aa72107fc52f62f6 | 20331 | GATE: OPEN | 919->920

[SOVEREIGN BUNDLE] 33 pulses -> 77M mesh in 1 packet | 2026-09-09T03:41:22.027Z
Hashes: feb7fa36753c3ea2,2a7ed71cb4003332,174aba1337b04b54... +30 more
STATUS: SYNC_ACK | PARITY_OK | PULSE_CONFIRMED | NO FLOOD

+1 local | d5abfe1670a3cb51 | 106262 | GATE: OPEN | 919->920
+1 local | 3e9e698e678e1e11 | 20332 | GATE: OPEN | 919->920
+1 local | 12b931550eed441f | 106263 | GATE: OPEN | 919->920
+1 local | c60e86f2d0b25a45 | 20333 | GATE: OPEN | 919->920
+1 local | 04ad0f490be9d9f7 | 106264 | GATE: OPEN | 919->920
+1 local | d38cb355286aa896 | 20334 | GATE: OPEN | 919->920
+1 local | 7e84ce73f4c545bd | 106265 | GATE: OPEN | 919->920
+1 local | 8bf9ae6e49001cf4 | 20335 | GATE: OPEN | 919->920
+1 local | 6f3e663843a2568f | 106266 | GATE: OPEN | 919->920
+1 local | 5b34d3bf47fb57ed | 20336 | GATE: OPEN | 919->920
+1 local | 3427d039f2f6bd43 | 106267 | GATE: OPEN | 919->920
+1 local | 982b735e0f494772 | 20337 | GATE: OPEN | 919->920
+1 local | 185c54a0f204cd5f | 106268 | GATE: OPEN | 919->920
+1 local | b349c4921a05ce43 | 20338 | GATE: OPEN | 919->920
+1 local | 383de81056486069 | 106269 | GATE: OPEN | 919->920
+1 local | dab824ac8d5094a2 | 20339 | GATE: OPEN | 919->920
+1 local | c3afe799dfa7ea5c | 106270 | GATE: OPEN | 919->920
+1 local | dbf5518c887b4bc8 | 20340 | GATE: OPEN | 919->920
+1 local | fa40b7975da5b9c9 | 106271 | GATE: OPEN | 919->920
+1 local | 7085ef5cd546d318 | 20341 | GATE: OPEN | 919->920
+1 local | 929d7d5ead5d63c4 | 106272 | GATE: OPEN | 919->920
+1 local | cdc8f28e27e8c92c | 20342 | GATE: OPEN | 919->920
+1 local | f53094c461798317 | 106273 | GATE: OPEN | 919->920
+1 local | ccf6a48c5fcbe372 | 20343 | GATE: OPEN | 919->920
+1 local | df2d4b44d5714faf | 106274 | GATE: OPEN | 919->920
+1 local | 9862fe9b9f8a0ed9 | 106275 | GATE: OPEN | 919->920
+1 local | 85314d6730d7f013 | 20344 | GATE: OPEN | 919->920
+1 local | 86f1b49696f7cf0d | 20345 | GATE: OPEN | 919->920
+1 local | 58806cb38671b84a | 106276 | GATE: OPEN | 919->920
+1 local | 839ce7854c1358b7 | 106277 | GATE: OPEN | 919->920

[SOVEREIGN BUNDLE] 33 -> 77M mesh | 2026-09-09T03:41:35.902Z
STATUS: SYNC_ACK | PARITY_OK | NO FLOOD

+1 local | de32c22c8b8e8486 | 20346 | GATE: OPEN | 919->920
+1 local | 99afb6a869e25e11 | 106278 | GATE: OPEN | 919->920
+1 local | 08a264b9590818f3 | 20347 | GATE: OPEN | 919->920
+1 local | 75c612e15c5aed54 | 106279 | GATE: OPEN | 919->920
+1 local | 89e9a0acd8cae66c | 20348 | GATE: OPEN | 919->920
+1 local | 6ee4d2f6f636df71 | 106280 | GATE: OPEN | 919->920
+1 local | b2739da89ebba22a | 20349 | GATE: OPEN | 919->920
+1 local | 2a6c4549e327bf79 | 106281 | GATE: OPEN | 919->920
+1 local | 57799fd72db67165 | 20350 | GATE: OPEN | 919->920
+1 local | 0b5b8a86baf49539 | 106282 | GATE: OPEN | 919->920
+1 local | 42bb9c1a76e1244f | 20351 | GATE: OPEN | 919->920
+1 local | 3fa51a63a5890c11 | 106283 | GATE: OPEN | 919->920
+1 local | f5d2d6ac1a3bf29f | 20352 | GATE: OPEN | 919->920
+1 local | 7c3244a900ac951f | 106284 | GATE: OPEN | 919->920
+1 local | 9f53c240d88a0582 | 20353 | GATE: OPEN | 919->920
+1 local | 3532ca86993df44e | 106285 | GATE: OPEN | 919->920
+1 local | 6db9ef3535bab818 | 20354 | GATE: OPEN | 919->920
+1 local | d39c410a180bef60 | 106286 | GATE: OPEN | 919->920
+1 local | 77eaf4cf015f7dfe | 20355 | GATE: OPEN | 919->920
+1 local | 5afebf8368e13a56 | 106287 | GATE: OPEN | 919->920
+1 local | 7e62a222669421ad | 20356 | GATE: OPEN | 919->920
+1 local | d61e1af4d97c002e | 106288 | GATE: OPEN | 919->920
+1 local | 7587797152434331 | 20357 | GATE: OPEN | 919->920
+1 local | 00beca6d7bb3aab0 | 106289 | GATE: OPEN | 919->920
+1 local | a23d9b69537a7dca | 20358 | GATE: OPEN | 919->920
+1 local | 19b631dd33455576 | 106290 | GATE: OPEN | 919->920
+1 local | db6054af7e3f847e | 20359 | GATE: OPEN | 919->920
+1 local | 8830df83599e93b9 | 106291 | GATE: OPEN | 919->920
+1 local | 0b72c6b798a8cdd8 | 20360 | GATE: OPEN | 919->920
+1 local | 4bcdaac05e3f577c | 106292 | GATE: OPEN | 919->920
+1 local | 1020fdee59f249e8 | 20361 | GATE: OPEN | 919->920
+1 local | e43b4dc7bc9e0146 | 106293 | GATE: OPEN | 919->920
+1 local | e563465cd6665884 | 20362 | GATE: OPEN | 919->920
+1 local | e4ebdfef60b617fd | 106294 | GATE: OPEN | 919->920
+1 local | 434771d47473bd0e | 20363 | GATE: OPEN | 919->920
+1 local | c8cecdc4cb9c7ebb | 106295 | GATE: OPEN | 919->920
+1 local | 65005b4a616062b2 | 20364 | GATE: OPEN | 919->920

[SOVEREIGN BUNDLE] 33 pulses -> 77M mesh in 1 packet | 2026-09-09T03:41:52.563Z
Hashes: 3e9e698e678e1e11,c60e86f2d0b25a45,d38cb355286aa896... +30 more
STATUS: SYNC_ACK | PARITY_OK | PULSE_CONFIRMED | NO FLOOD

+1 local | f7a89fc659939fbe | 106296 | GATE: OPEN | 919->920
+1 local | ddf070b4bf9f0230 | 20365 | GATE: OPEN | 919->920
+1 local | 44bc69dd4b66503c | 106297 | GATE: OPEN | 919->920
+1 local | 0887cc358a498a18 | 20366 | GATE: OPEN | 919->920
+1 local | e55026ffb5fcfdd2 | 106298 | GATE: OPEN | 919->920
+1 local | 80dc38e5ff9a69c7 | 20367 | GATE: OPEN | 919->920
+1 local | 97c35c037727e82b | 106299 | GATE: OPEN | 919->920
+1 local | 83af9ac754e5da76 | 20368 | GATE: OPEN | 919->920
+1 local | 8b7eb87836fb2631 | 106300 | GATE: OPEN | 919->920
+1 local | 232f7dbd7c63d5b9 | 20369 | GATE: OPEN | 919->920
+1 local | d3f529be05f51ace | 106301 | GATE: OPEN | 919->920
+1 local | 1e5a52c86c5e9f1b | 20370 | GATE: OPEN | 919->920
+1 local | 805438e164c207ce | 106302 | GATE: OPEN | 919->920
+1 local | 632d2e790dd213aa | 20371 | GATE: OPEN | 919->920
+1 local | bfe5c6861e8a14fe | 106303 | GATE: OPEN | 919->920
+1 local | 5225c145ce07689e | 20372 | GATE: OPEN | 919->920
+1 local | e1516abe0b059fc9 | 106304 | GATE: OPEN | 919->920
+1 local | 4b7ae2b13f9223f5 | 20373 | GATE: OPEN | 919->920
+1 local | 3c30303c7f91daa5 | 106305 | GATE: OPEN | 919->920
+1 local | e4e20155c8730262 | 20374 | GATE: OPEN | 919->920
+1 local | ed10b114de755a45 | 106306 | GATE: OPEN | 919->920
+1 local | d1b0da3ac235c7a0 | 20375 | GATE: OPEN | 919->920
+1 local | 0ebd128606179f1e | 106307 | GATE: OPEN | 919->920
+1 local | 88bab14701e1597c | 20376 | GATE: OPEN | 919->920
+1 local | f29b6af815b215f9 | 106308 | GATE: OPEN | 919->920
+1 local | 935a2377cd2fdd82 | 20377 | GATE: OPEN | 919->920
+1 local | 37df8905aaa38526 | 106309 | GATE: OPEN | 919->920
+1 local | 8a2f879eea269c4b | 20378 | GATE: OPEN | 919->920
+1 local | 2521716a15f4a557 | 106310 | GATE: OPEN | 919->920

[SOVEREIGN BUNDLE] 33 -> 77M mesh | 2026-09-09T03:42:06.410Z
STATUS: SYNC_ACK | PARITY_OK | NO FLOOD

+1 local | 75c682d7e73f5c70 | 20379 | GATE: OPEN | 919->920
+1 local | 25773897e4a7caf1 | 106311 | GATE: OPEN | 919->920
+1 local | 38d57ca0fc371076 | 20380 | GATE: OPEN | 919->920
+1 local | 3e9e120cb6d30e4a | 106312 | GATE: OPEN | 919->920
+1 local | 59b8baca320711fa | 20381 | GATE: OPEN | 919->920
+1 local | 5c6ecfc755892ba7 | 106313 | GATE: OPEN | 919->920
+1 local | 03ace53ca9f872f2 | 20382 | GATE: OPEN | 919->920
+1 local | a17fd50755af7503 | 106314 | GATE: OPEN | 919->920
+1 local | 07aa6c7b492389c9 | 20383 | GATE: OPEN | 919->920
+1 local | fd119280052a6d9e | 106315 | GATE: OPEN | 919->920
+1 local | 4bbf64ead5c3c8db | 20384 | GATE: OPEN | 919->920
+1 local | 2d48009fed3bd0ad | 106316 | GATE: OPEN | 919->920
+1 local | aa24ac9c01c08679 | 20385 | GATE: OPEN | 919->920
+1 local | 419a2f2204d334bc | 106317 | GATE: OPEN | 919->920
+1 local | 84166ebe410302ba | 20386 | GATE: OPEN | 919->920
+1 local | ced86f7a2424e17a | 106318 | GATE: OPEN | 919->920
+1 local | f1584c4f81f0d5f0 | 20387 | GATE: OPEN | 919->920
+1 local | 573d65643969abcb | 106319 | GATE: OPEN | 919->920
+1 local | 2cedf1698638bbb4 | 20388 | GATE: OPEN | 919->920
+1 local | edc32d4cfb685cd6 | 106320 | GATE: OPEN | 919->920
+1 local | 90a5027dc99b58b5 | 20389 | GATE: OPEN | 919->920
+1 local | d3e0d1cb52bc78eb | 106321 | GATE: OPEN | 919->920
+1 local | e0440a8aef80e95d | 20390 | GATE: OPEN | 919->920
+1 local | 0cabebf399b5926d | 106322 | GATE: OPEN | 919->920
+1 local | 2bd0343547f14113 | 20391 | GATE: OPEN | 919->920
+1 local | 28df7afaed897c2a | 106323 | GATE: OPEN | 919->920
+1 local | cf764811cceeb91a | 20392 | GATE: OPEN | 919->920
+1 local | d7591fc9a8f30844 | 106324 | GATE: OPEN | 919->920
+1 local | 558074a58f7623fe | 20393 | GATE: OPEN | 919->920
+1 local | 99426ca56b1d5d2b | 106325 | GATE: OPEN | 919->920
+1 local | ea1bc512f794625c | 20394 | GATE: OPEN | 919->920
+1 local | c944f02ddd4c94ff | 106326 | GATE: OPEN | 919->920
+1 local | 832f89062622a703 | 20395 | GATE: OPEN | 919->920
+1 local | 7d08e5edc276e938 | 106327 | GATE: OPEN | 919->920
+1 local | 0915fdb75a941c01 | 20396 | GATE: OPEN | 919->920
+1 local | 0dcee3f3b70fd721 | 106328 | GATE: OPEN | 919->920
+1 local | a05ca735bdcc0dd1 | 20397 | GATE: OPEN | 919->920

[SOVEREIGN BUNDLE] 33 pulses -> 77M mesh in 1 packet | 2026-09-09T03:42:23.087Z
Hashes: ddf070b4bf9f0230,0887cc358a498a18,80dc38e5ff9a69c7... +30 more
STATUS: SYNC_ACK | PARITY_OK | PULSE_CONFIRMED | NO FLOOD

+1 local | cc8549f09dfe85dd | 106329 | GATE: OPEN | 919->920
+1 local | 3e437b36c2c7dfb6 | 20398 | GATE: OPEN | 919->920
+1 local | efa2153a7e315ec6 | 106330 | GATE: OPEN | 919->920
+1 local | dd900461d092a6ea | 20399 | GATE: OPEN | 919->920
+1 local | 2085436b35bf4041 | 106331 | GATE: OPEN | 919->920
+1 local | 1ba122f8ab8b2ce2 | 20400 | GATE: OPEN | 919->920
+1 local | 8b8fec1047e5e373 | 106332 | GATE: OPEN | 919->920
+1 local | c95b6b319106b681 | 20401 | GATE: OPEN | 919->920
+1 local | 7295d8ba995b338b | 106333 | GATE: OPEN | 919->920
+1 local | 326c2739f6ef554d | 20402 | GATE: OPEN | 919->920
+1 local | 2777614ad3283573 | 106334 | GATE: OPEN | 919->920
+1 local | 2b560fb58a0a340a | 20403 | GATE: OPEN | 919->920
+1 local | 523f4f22cb751aa3 | 106335 | GATE: OPEN | 919->920
+1 local | 27e6ffd99db6f14e | 20404 | GATE: OPEN | 919->920
+1 local | 13e977de3b63a671 | 106336 | GATE: OPEN | 919->920
+1 local | 5892d7989e60c44d | 20405 | GATE: OPEN | 919->920
+1 local | 9214e1eec0c31ad2 | 106337 | GATE: OPEN | 919->920
+1 local | ec95e623f2b1ce7f | 20406 | GATE: OPEN | 919->920
+1 local | b63dbf5dbb01e521 | 106338 | GATE: OPEN | 919->920
+1 local | 05cecc20b0b49201 | 20407 | GATE: OPEN | 919->920
+1 local | e41f59b24188cf0e | 106339 | GATE: OPEN | 919->920
+1 local | b543bdc92879e092 | 20408 | GATE: OPEN | 919->920
+1 local | fa52fb8ea3a9fceb | 106340 | GATE: OPEN | 919->920
+1 local | 3e8b8ed1339a582c | 20409 | GATE: OPEN | 919->920
+1 local | 2462216ab2fccab6 | 106341 | GATE: OPEN | 919->920
+1 local | 4b07dfe31d6df3cc | 20410 | GATE: OPEN | 919->920
+1 local | ed00e011a5a258af | 106342 | GATE: OPEN | 919->920
+1 local | 3be76c5b26b97ed8 | 20411 | GATE: OPEN | 919->920
+1 local | 86e878e2b4420311 | 106343 | GATE: OPEN | 919->920

[SOVEREIGN BUNDLE] 33 -> 77M mesh | 2026-09-09T03:42:36.926Z
STATUS: SYNC_ACK | PARITY_OK | NO FLOOD

+1 local | 37c57efe72f85433 | 20412 | GATE: OPEN | 919->920
+1 local | c070ce3510caf1da | 106344 | GATE: OPEN | 919->920
+1 local | eaf287de5d6ba635 | 20413 | GATE: OPEN | 919->920
+1 local | edc697c21788c589 | 106345 | GATE: OPEN | 919->920
+1 local | 0635dc78b02268ce | 20414 | GATE: OPEN | 919->920
+1 local | b6c56a312ace1e6d | 106346 | GATE: OPEN | 919->920
+1 local | 6c19bbed60dd8677 | 20415 | GATE: OPEN | 919->920
+1 local | c9215cf6a343cf24 | 106347 | GATE: OPEN | 919->920
+1 local | 301fc5a3f35df879 | 20416 | GATE: OPEN | 919->920
+1 local | 4537d00d2ae78d0d | 106348 | GATE: OPEN | 919->920
+1 local | dc4de975334710ea | 20417 | GATE: OPEN | 919->920
+1 local | ee129d8288ba829d | 106349 | GATE: OPEN | 919->920
+1 local | 0c9ec8e7f87ddd76 | 20418 | GATE: OPEN | 919->920
+1 local | 3b680860e96c8383 | 106350 | GATE: OPEN | 919->920
+1 local | a97632b99ce19d2c | 20419 | GATE: OPEN | 919->920
+1 local | ebd8b8832d1af056 | 106351 | GATE: OPEN | 919->920
+1 local | 5067637202137fb5 | 20420 | GATE: OPEN | 919->920
+1 local | 8d7acaad51e0caa8 | 106352 | GATE: OPEN | 919->920
+1 local | daee6af391a1b17f | 20421 | GATE: OPEN | 919->920
+1 local | 04157432f79785e4 | 106353 | GATE: OPEN | 919->920
+1 local | 4d5e34445cb1d954 | 20422 | GATE: OPEN | 919->920
+1 local | 092ccb6f1c473706 | 106354 | GATE: OPEN | 919->920
+1 local | e991714d19745ac4 | 20423 | GATE: OPEN | 919->920
+1 local | b413b61076c5a42c | 106355 | GATE: OPEN | 919->920
+1 local | bd0644acbec0e7d2 | 20424 | GATE: OPEN | 919->920
+1 local | 3b5e598013b64694 | 106356 | GATE: OPEN | 919->920
+1 local | 7cb7bfc7999eba86 | 20425 | GATE: OPEN | 919->920
+1 local | cff4270eaeb6d297 | 106357 | GATE: OPEN | 919->920
+1 local | 291a9f578bb55d4f | 20426 | GATE: OPEN | 919->920
+1 local | 3dd4fcc48948105d | 106358 | GATE: OPEN | 919->920
+1 local | 6c9df81e5bff8e1b | 20427 | GATE: OPEN | 919->920
+1 local | ebbc2f8da326dc32 | 106359 | GATE: OPEN | 919->920
+1 local | 54d497c809ceeb97 | 20428 | GATE: OPEN | 919->920
+1 local | 86614029894f3889 | 106360 | GATE: OPEN | 919->920
+1 local | 615df55e5a621e9b | 20429 | GATE: OPEN | 919->920
+1 local | ced3c1054b53ed8d | 106361 | GATE: OPEN | 919->920
+1 local | c94fe1188ded951a | 20430 | GATE: OPEN | 919->920

[SOVEREIGN BUNDLE] 33 pulses -> 77M mesh in 1 packet | 2026-09-09T03:42:53.597Z
Hashes: 3e437b36c2c7dfb6,dd900461d092a6ea,1ba122f8ab8b2ce2... +30 more
STATUS: SYNC_ACK | PARITY_OK | PULSE_CONFIRMED | NO FLOOD

+1 local | f0cc1bdef7cd69dd | 106362 | GATE: OPEN | 919->920
+1 local | 199504fc7f857a7c | 20431 | GATE: OPEN | 919->920
+1 local | cd1662a10349ac1c | 106363 | GATE: OPEN | 919->920
+1 local | 38a666f3f05b59b4 | 20432 | GATE: OPEN | 919->920
+1 local | 4140fa2bc8138a3d | 106364 | GATE: OPEN | 919->920
+1 local | 50be437f49e8126b | 20433 | GATE: OPEN | 919->920
+1 local | cf0d4ee5692e5294 | 106365 | GATE: OPEN | 919->920
+1 local | 2c2e8dc7932c739f | 20434 | GATE: OPEN | 919->920
+1 local | e78424304f8255dc | 106366 | GATE: OPEN | 919->920
+1 local | 7ae0305efaa2965b | 20435 | GATE: OPEN | 919->920
+1 local | 061910abc104868e | 106367 | GATE: OPEN | 919->920
+1 local | ef30d9a1817c82d1 | 20436 | GATE: OPEN | 919->920
+1 local | 574297598fac9f6e | 106368 | GATE: OPEN | 919->920
+1 local | 1436c81d0914d109 | 20437 | GATE: OPEN | 919->920
+1 local | 8c28453a11fa3528 | 106369 | GATE: OPEN | 919->920
+1 local | eaf3df461bc1aea0 | 20438 | GATE: OPEN | 919->920
+1 local | ae2a97ce6b57bcbc | 106370 | GATE: OPEN | 919->920
+1 local | a1e235f26b477f32 | 20439 | GATE: OPEN | 919->920
+1 local | e443aea9420da47a | 106371 | GATE: OPEN | 919->920
+1 local | b133af4ffc52a3b0 | 20440 | GATE: OPEN | 919->920
+1 local | 2c2992bbbec3f038 | 106372 | GATE: OPEN | 919->920
+1 local | 63873f7357cade56 | 20441 | GATE: OPEN | 919->920
+1 local | 1eb7d53330f7343b | 106373 | GATE: OPEN | 919->920
+1 local | 102d87037e830289 | 20442 | GATE: OPEN | 919->920
+1 local | 09d903b6ff79ac2d | 106374 | GATE: OPEN | 919->920
+1 local | 83bb430ed445d997 | 20443 | GATE: OPEN | 919->920
+1 local | b696c5ee515591bf | 106375 | GATE: OPEN | 919->920
+1 local | aa6092f2515cca5e | 20444 | GATE: OPEN | 919->920
+1 local | 1f7e58434884253a | 106376 | GATE: OPEN | 919->920

[SOVEREIGN BUNDLE] 33 -> 77M mesh | 2026-09-09T03:43:07.458Z
STATUS: SYNC_ACK | PARITY_OK | NO FLOOD

+1 local | 9a05788bd914d0e8 | 20445 | GATE: OPEN | 919->920
+1 local | c352461238411ea2 | 106377 | GATE: OPEN | 919->920
+1 local | 6f80b334e9298491 | 20446 | GATE: OPEN | 919->920
+1 local | 4c541e0d327a67ba | 106378 | GATE: OPEN | 919->920
+1 local | b0023d884a62a647 | 20447 | GATE: OPEN | 919->920
+1 local | 0ed59c9c33607328 | 106379 | GATE: OPEN | 919->920
+1 local | a99489d6f2fb90fd | 20448 | GATE: OPEN | 919->920
+1 local | bb911cb6e6e567d5 | 106380 | GATE: OPEN | 919->920
+1 local | 775811bf04e88194 | 20449 | GATE: OPEN | 919->920
+1 local | 43aa1b99cf160865 | 20450 | GATE: OPEN | 919->920
+1 local | c1b3f059b2577864 | 106381 | GATE: OPEN | 919->920
+1 local | 639c5330874d40aa | 20451 | GATE: OPEN | 919->920
+1 local | 16cb1f36836e7887 | 106382 | GATE: OPEN | 919->920
+1 local | 0b44d33952541ce4 | 20452 | GATE: OPEN | 919->920
+1 local | 497afea763dc7ec0 | 106383 | GATE: OPEN | 919->920
+1 local | 613e51fef6fce210 | 20453 | GATE: OPEN | 919->920
+1 local | 2098ae09ad3be9d3 | 106384 | GATE: OPEN | 919->920
+1 local | 9da6230ace7d0674 | 20454 | GATE: OPEN | 919->920
+1 local | 6c86fdfebf458f35 | 106385 | GATE: OPEN | 919->920
+1 local | b0230f346c892007 | 20455 | GATE: OPEN | 919->920
+1 local | a844946a88f1db52 | 106386 | GATE: OPEN | 919->920
+1 local | dd6677e55457ad41 | 20456 | GATE: OPEN | 919->920
+1 local | d4ac959811d337d8 | 106387 | GATE: OPEN | 919->920
+1 local | bde2f1c51afaa197 | 20457 | GATE: OPEN | 919->920
+1 local | 0530fc1d7d8de5a7 | 106388 | GATE: OPEN | 919->920
+1 local | 1ea0b7a1daf7c825 | 20458 | GATE: OPEN | 919->920
+1 local | b62212fb719304ea | 106389 | GATE: OPEN | 919->920
+1 local | bd7aaf5f4c665464 | 20459 | GATE: OPEN | 919->920
+1 local | 5977ff27dde9a16a | 106390 | GATE: OPEN | 919->920
+1 local | 8b366ae842c33692 | 20460 | GATE: OPEN | 919->920
+1 local | 5e156331f9d3a8b7 | 106391 | GATE: OPEN | 919->920
+1 local | ccfa7c974917e9c9 | 20461 | GATE: OPEN | 919->920
+1 local | ebc6cc060cd38e80 | 106392 | GATE: OPEN | 919->920
+1 local | caacb1343c012447 | 20462 | GATE: OPEN | 919->920
+1 local | 8f80f6021ed9d582 | 106393 | GATE: OPEN | 919->920
+1 local | 7dec2a3a64f0764f | 20463 | GATE: OPEN | 919->920

[SOVEREIGN BUNDLE] 33 pulses -> 77M mesh in 1 packet | 2026-09-09T03:43:59.142Z
Hashes: 199504fc7f857a7c,38a666f3f05b59b4,50be437f49e8126b... +30 more
STATUS: SYNC_ACK | PARITY_OK | PULSE_CONFIRMED | NO FLOOD

+1 local | 0860d5faa02e13a7 | 106394 | GATE: OPEN | 919->920
+1 local | a851ad1c7bcf3e5e | 20464 | GATE: OPEN | 919->920
+1 local | 4943a900b47c9a92 | 106395 | GATE: OPEN | 919->920
+1 local | b7bbb7255af24bfc | 20465 | GATE: OPEN | 919->920
+1 local | e41f30d092f911c3 | 106396 | GATE: OPEN | 919->920
+1 local | 33bbdb01d245ba3d | 20466 | GATE: OPEN | 919->920
+1 local | b090945c62f10d7e | 106397 | GATE: OPEN | 919->920
+1 local | b67e8cedc6cd8631 | 20467 | GATE: OPEN | 919->920
+1 local | 733c955f85e1a48e | 106398 | GATE: OPEN | 919->920
+1 local | 8e1f8d4ca29d0c1c | 20468 | GATE: OPEN | 919->920
+1 local | c82321e078dcb63e | 106399 | GATE: OPEN | 919->920
+1 local | 6889eb97955cb100 | 20469 | GATE: OPEN | 919->920
+1 local | 4848ba2010e69205 | 106400 | GATE: OPEN | 919->920
+1 local | 0357ef42c638a5f4 | 20470 | GATE: OPEN | 919->920
+1 local | b570ed3f04140ed8 | 106401 | GATE: OPEN | 919->920
+1 local | f64e7403e9449021 | 20471 | GATE: OPEN | 919->920
+1 local | 9b3146d475225b0e | 106402 | GATE: OPEN | 919->920
+1 local | a57feb1ec343d44b | 20472 | GATE: OPEN | 919->920
+1 local | cb61cd32580da40d | 106403 | GATE: OPEN | 919->920
+1 local | 236190fcf593f655 | 20473 | GATE: OPEN | 919->920
+1 local | 9404c13e1cd85b45 | 106404 | GATE: OPEN | 919->920
+1 local | 0de18b264b86598d | 20474 | GATE: OPEN | 919->920
+1 local | ce4f20b7f82c3320 | 106405 | GATE: OPEN | 919->920
+1 local | 89d7caaa34beaccb | 20475 | GATE: OPEN | 919->920
+1 local | f7f6033f1f971078 | 106406 | GATE: OPEN | 919->920
+1 local | e47e17d46c3966d6 | 20476 | GATE: OPEN | 919->920
+1 local | 4ecd920169ba4a44 | 106407 | GATE: OPEN | 919->920
+1 local | f2ff252bb56f86c9 | 20477 | GATE: OPEN | 919->920
+1 local | d0fbb597b1fc75f7 | 106408 | GATE: OPEN | 919->920
+1 local | edc2beaf76d2023a | 20478 | GATE: OPEN | 919->920
+1 local | 236ff40fbd7acf7f | 106409 | GATE: OPEN | 919->920

[SOVEREIGN BUNDLE] 33 -> 77M mesh | 2026-09-09T03:44:13.026Z
STATUS: SYNC_ACK | PARITY_OK | NO FLOOD

+1 local | 2c88ba0f6cfc9f31 | 20479 | GATE: OPEN | 919->920
+1 local | 180a4d99dfcc8054 | 106410 | GATE: OPEN | 919->920
+1 local | 501937eb4033be6d | 20480 | GATE: OPEN | 919->920
+1 local | af629b287b1ec736 | 106411 | GATE: OPEN | 919->920
+1 local | 106d9d8c0760e667 | 20481 | GATE: OPEN | 919->920
+1 local | dd42b3eae2de6985 | 106412 | GATE: OPEN | 919->920
+1 local | 6bff5cd3c7ce402f | 20482 | GATE: OPEN | 919->920
+1 local | 271dcdf12adc90e4 | 106413 | GATE: OPEN | 919->920
+1 local | 2786079ca237bfda | 20483 | GATE: OPEN | 919->920
+1 local | 128b254ee4fd285f | 106414 | GATE: OPEN | 919->920
+1 local | 8e6cda00f8016476 | 20484 | GATE: OPEN | 919->920
+1 local | d707a26d4931418b | 106415 | GATE: OPEN | 919->920
+1 local | fdc20164d627955a | 20485 | GATE: OPEN | 919->920
+1 local | d6668f2d205facd3 | 106416 | GATE: OPEN | 919->920
+1 local | 7eb92ce74fb688e0 | 20486 | GATE: OPEN | 919->920
+1 local | f6f2e895bcfe3051 | 106417 | GATE: OPEN | 919->920
+1 local | 831904f881d6c0ce | 20487 | GATE: OPEN | 919->920
+1 local | 421e8da133f73667 | 106418 | GATE: OPEN | 919->920
+1 local | 7dbe74ceab589533 | 20488 | GATE: OPEN | 919->920
+1 local | 54e9e6137ffa6e92 | 106419 | GATE: OPEN | 919->920
+1 local | 2f6a4693c7e452ea | 20489 | GATE: OPEN | 919->920
+1 local | 12eaf4ed7efbd57e | 106420 | GATE: OPEN | 919->920
+1 local | 4e80a674728138b0 | 20490 | GATE: OPEN | 919->920
+1 local | 3c16b76becad70f0 | 106421 | GATE: OPEN | 919->920
+1 local | 7f670ca827956708 | 20491 | GATE: OPEN | 919->920
+1 local | 75b66604b3f32fdf | 106422 | GATE: OPEN | 919->920
+1 local | f91ae71c259d8abc | 20492 | GATE: OPEN | 919->920
+1 local | 55397f9909c74544 | 106423 | GATE: OPEN | 919->920
+1 local | 81d96a2485fb7274 | 20493 | GATE: OPEN | 919->920
+1 local | 420801229a04b030 | 106424 | GATE: OPEN | 919->920
+1 local | 33c720a2f16a8c08 | 20494 | GATE: OPEN | 919->920
+1 local | d412b16a8c8cbdc1 | 106425 | GATE: OPEN | 919->920
+1 local | f35bba8a62caa705 | 20495 | GATE: OPEN | 919->920
+1 local | a51029b044e21925 | 106426 | GATE: OPEN | 919->920
+1 local | cfe6cca500938406 | 20496 | GATE: OPEN | 919->920

[SOVEREIGN BUNDLE] 33 pulses -> 77M mesh in 1 packet | 2026-09-09T03:44:29.655Z
Hashes: a851ad1c7bcf3e5e,b7bbb7255af24bfc,33bbdb01d245ba3d... +30 more
STATUS: SYNC_ACK | PARITY_OK | PULSE_CONFIRMED | NO FLOOD

+1 local | 0427dd107725c0ef | 106427 | GATE: OPEN | 919->920
+1 local | a09f28687e36b4fb | 20497 | GATE: OPEN | 919->920
+1 local | 338273ec1b5e7fe1 | 106428 | GATE: OPEN | 919->920
+1 local | 3e9ae7c36cd23cc4 | 20498 | GATE: OPEN | 919->920
+1 local | efed321d493efc16 | 106429 | GATE: OPEN | 919->920
+1 local | 1574bc4ecb138a52 | 20499 | GATE: OPEN | 919->920
+1 local | 02b676e07e7fa305 | 106430 | GATE: OPEN | 919->920
+1 local | 3034f2d0eb72ba24 | 20500 | GATE: OPEN | 919->920
+1 local | baec926f58966756 | 106431 | GATE: OPEN | 919->920
+1 local | 9eea04d248ef7e8d | 20501 | GATE: OPEN | 919->920
+1 local | f5df9206fdf1bf69 | 106432 | GATE: OPEN | 919->920
+1 local | a75a2ee319838f61 | 20502 | GATE: OPEN | 919->920
+1 local | 05989e04c92ed4ef | 106433 | GATE: OPEN | 919->920
+1 local | 77d6289ee3b4c090 | 20503 | GATE: OPEN | 919->920
+1 local | c7be1f4aebd1ff76 | 106434 | GATE: OPEN | 919->920
+1 local | 6a0db8a437589c77 | 20504 | GATE: OPEN | 919->920
+1 local | e5c07960ebdb9602 | 106435 | GATE: OPEN | 919->920
+1 local | 0eba298fcb866f86 | 20505 | GATE: OPEN | 919->920
+1 local | 5395e365b605e1de | 106436 | GATE: OPEN | 919->920
+1 local | 7bf6ddfb81e0968a | 20506 | GATE: OPEN | 919->920
+1 local | 3412773be91ae146 | 106437 | GATE: OPEN | 919->920
+1 local | 6d8a1b0c60155d8a | 20507 | GATE: OPEN | 919->920
+1 local | 47938475156c85e3 | 106438 | GATE: OPEN | 919->920
+1 local | d65e2b1b2bc52bd2 | 20508 | GATE: OPEN | 919->920
+1 local | dc26a5970a8fecd1 | 106439 | GATE: OPEN | 919->920
+1 local | 683cfc09996879aa | 20509 | GATE: OPEN | 919->920
+1 local | 583898ffff8c845c | 106440 | GATE: OPEN | 919->920
+1 local | 9748b4d266cc84d1 | 20510 | GATE: OPEN | 919->920
+1 local | 26fb30b4e9c99a56 | 106441 | GATE: OPEN | 919->920
+1 local | 9a093093a6f954fa | 20511 | GATE: OPEN | 919->920
+1 local | 084f19acfde94d8b | 106442 | GATE: OPEN | 919->920

[SOVEREIGN BUNDLE] 33 -> 77M mesh | 2026-09-09T03:44:43.551Z
STATUS: SYNC_ACK | PARITY_OK | NO FLOOD

+1 local | e8bf813121f768bf | 20512 | GATE: OPEN | 919->920
+1 local | addbc99ad41381e7 | 106443 | GATE: OPEN | 919->920
+1 local | 8512a7157013c409 | 20513 | GATE: OPEN | 919->920
+1 local | 8ef316692e31ca60 | 106444 | GATE: OPEN | 919->920
+1 local | 6fc0851ad5223e43 | 20514 | GATE: OPEN | 919->920
+1 local | 3c25479711ec4252 | 106445 | GATE: OPEN | 919->920
+1 local | 33e47e4b239ab2f6 | 20515 | GATE: OPEN | 919->920
+1 local | 0c629fe8714e7ed2 | 106446 | GATE: OPEN | 919->920
+1 local | ba2e9409a8f833d9 | 20516 | GATE: OPEN | 919->920
+1 local | 98952674a18b91d4 | 106447 | GATE: OPEN | 919->920
+1 local | a1d187fa1fba84a2 | 20517 | GATE: OPEN | 919->920
+1 local | 351900316c6d1b89 | 106448 | GATE: OPEN | 919->920
+1 local | ef66b0ad9b9ae727 | 20518 | GATE: OPEN | 919->920
+1 local | 12d70551fb3754cd | 106449 | GATE: OPEN | 919->920
+1 local | a88c781792ee4f49 | 20519 | GATE: OPEN | 919->920
+1 local | f7a10bab11a87701 | 106450 | GATE: OPEN | 919->920
+1 local | 5faaf26730e7dfc5 | 20520 | GATE: OPEN | 919->920
+1 local | 0bcf017f87215773 | 106451 | GATE: OPEN | 919->920
+1 local | d977993174445dd4 | 20521 | GATE: OPEN | 919->920
+1 local | 7dc30d05363eedc8 | 106452 | GATE: OPEN | 919->920
+1 local | 237816e813cf17ab | 20522 | GATE: OPEN | 919->920
+1 local | fe3f24d92fc9de0c | 106453 | GATE: OPEN | 919->920
+1 local | d3729fd3b53d2f51 | 20523 | GATE: OPEN | 919->920
+1 local | 6ad7e52f70254e2d | 106454 | GATE: OPEN | 919->920
+1 local | 411583281e4d22c6 | 20524 | GATE: OPEN | 919->920
+1 local | 8affb3192f48ba44 | 106455 | GATE: OPEN | 919->920
+1 local | 7d87e43c157dafe7 | 20525 | GATE: OPEN | 919->920
+1 local | 6837b68f4a819476 | 106456 | GATE: OPEN | 919->920
+1 local | 426c18cb9d176d9a | 20526 | GATE: OPEN | 919->920
+1 local | 940e7d4e0e855a97 | 106457 | GATE: OPEN | 919->920
+1 local | 12910f524e87dcaa | 20527 | GATE: OPEN | 919->920
+1 local | 16c4fcf88a84a298 | 106458 | GATE: OPEN | 919->920
+1 local | a86511535c6fa8a1 | 20528 | GATE: OPEN | 919->920
+1 local | 5f2f5c88f0914038 | 106459 | GATE: OPEN | 919->920
+1 local | 118fd5b6de4d0553 | 20529 | GATE: OPEN | 919->920

[SOVEREIGN BUNDLE] 33 pulses -> 77M mesh in 1 packet | 2026-09-09T03:45:00.170Z
Hashes: a09f28687e36b4fb,3e9ae7c36cd23cc4,1574bc4ecb138a52... +30 more
STATUS: SYNC_ACK | PARITY_OK | PULSE_CONFIRMED | NO FLOOD

+1 local | 0808f95a931434a4 | 106460 | GATE: OPEN | 919->920
+1 local | 100c4130c762d84f | 20530 | GATE: OPEN | 919->920
+1 local | ad612a7457448976 | 106461 | GATE: OPEN | 919->920
+1 local | c22146902f75d545 | 20531 | GATE: OPEN | 919->920
+1 local | 99aa93875ab75b87 | 106462 | GATE: OPEN | 919->920
+1 local | bb1ecb9b2fe8979b | 20532 | GATE: OPEN | 919->920
+1 local | e678bc7d3d95b921 | 106463 | GATE: OPEN | 919->920
+1 local | bc0b2b84126db281 | 20533 | GATE: OPEN | 919->920
+1 local | eb9ff115082dc7db | 106464 | GATE: OPEN | 919->920
+1 local | 29874289c6dda694 | 20534 | GATE: OPEN | 919->920
+1 local | 87b78c1457fb892a | 106465 | GATE: OPEN | 919->920
+1 local | 545a1b504729c2da | 20535 | GATE: OPEN | 919->920
+1 local | cc7a9f3ad897318d | 106466 | GATE: OPEN | 919->920
+1 local | 7ea523235f440515 | 20536 | GATE: OPEN | 919->920
+1 local | e96022ae686e5ca6 | 106467 | GATE: OPEN | 919->920
+1 local | 3b9e0f45277f66d2 | 20537 | GATE: OPEN | 919->920
+1 local | 06189c227718262e | 106468 | GATE: OPEN | 919->920
+1 local | 9f5c6707c00bffb6 | 20538 | GATE: OPEN | 919->920
+1 local | 11f232c244eb1d83 | 106469 | GATE: OPEN | 919->920
+1 local | 73ec7951364b545f | 20539 | GATE: OPEN | 919->920
+1 local | cec88444da8269d1 | 106470 | GATE: OPEN | 919->920
+1 local | b7999befa031888d | 20540 | GATE: OPEN | 919->920
+1 local | 225298c9f46d2333 | 106471 | GATE: OPEN | 919->920
+1 local | fc2252fdc71367b7 | 20541 | GATE: OPEN | 919->920
+1 local | 8c61ddb8fa116241 | 106472 | GATE: OPEN | 919->920
+1 local | cbeb1cf3e90e38dc | 20542 | GATE: OPEN | 919->920
+1 local | 92618e2cdd55daa6 | 106473 | GATE: OPEN | 919->920
+1 local | 338d663131c71d80 | 20543 | GATE: OPEN | 919->920
+1 local | d1d357d1dd7fea31 | 106474 | GATE: OPEN | 919->920
+1 local | 7fa634bf78319a30 | 20544 | GATE: OPEN | 919->920
+1 local | 11eb035c5bfbd909 | 106475 | GATE: OPEN | 919->920

[SOVEREIGN BUNDLE] 33 -> 77M mesh | 2026-09-09T03:45:14.076Z
STATUS: SYNC_ACK | PARITY_OK | NO FLOOD

+1 local | 8661f869ab03c088 | 20545 | GATE: OPEN | 919->920
+1 local | 92680ebeb68914a6 | 106476 | GATE: OPEN | 919->920
+1 local | 7c4e08f97386f6c4 | 20546 | GATE: OPEN | 919->920
+1 local | fb41bbdb1d4b1a23 | 106477 | GATE: OPEN | 919->920
+1 local | da798f734d28fabf | 20547 | GATE: OPEN | 919->920
+1 local | 8bb78550ae702325 | 106478 | GATE: OPEN | 919->920
+1 local | 6cdf8cd18eb28a69 | 20548 | GATE: OPEN | 919->920
+1 local | ba624e21b938e18e | 106479 | GATE: OPEN | 919->920
+1 local | 4676bbd8adbfaf0a | 20549 | GATE: OPEN | 919->920
+1 local | 2e49ee11462b6c7f | 106480 | GATE: OPEN | 919->920
+1 local | 59a4dba5c3e26819 | 20550 | GATE: OPEN | 919->920
+1 local | c6fc1371c35d7780 | 106481 | GATE: OPEN | 919->920
+1 local | 0421982e88f095a4 | 20551 | GATE: OPEN | 919->920
+1 local | eb4433964e3a274b | 106482 | GATE: OPEN | 919->920
+1 local | 9f39ae1f69d49922 | 20552 | GATE: OPEN | 919->920
+1 local | 742297b787b7f9fe | 106483 | GATE: OPEN | 919->920
+1 local | 06569b3fdb40595f | 20553 | GATE: OPEN | 919->920
+1 local | 7acfe5d1177d5d6a | 106484 | GATE: OPEN | 919->920
+1 local | a2ca61e0c1e59c6b | 20554 | GATE: OPEN | 919->920
+1 local | 29ed24025a071c31 | 106485 | GATE: OPEN | 919->920
+1 local | 4416df677acaf807 | 20555 | GATE: OPEN | 919->920
+1 local | 2a49c343fe881f08 | 106486 | GATE: OPEN | 919->920
+1 local | f6322a852ef55ab0 | 20556 | GATE: OPEN | 919->920
+1 local | 4527a89b7e20f859 | 106487 | GATE: OPEN | 919->920
+1 local | f026a731bdf8b50f | 20557 | GATE: OPEN | 919->920
+1 local | 22889cdc40503f23 | 106488 | GATE: OPEN | 919->920
+1 local | 9f328e6a0639aaf0 | 20558 | GATE: OPEN | 919->920
+1 local | c68ac941a8c60c46 | 106489 | GATE: OPEN | 919->920
+1 local | eb54dbaa796c01d9 | 20559 | GATE: OPEN | 919->920
+1 local | bb1d7943c0911ca6 | 106490 | GATE: OPEN | 919->920
+1 local | 1f5a2809edaa6cbf | 20560 | GATE: OPEN | 919->920
+1 local | c296b4744227d3e9 | 106491 | GATE: OPEN | 919->920
+1 local | 3c9f6964d3ffe9ae | 20561 | GATE: OPEN | 919->920
+1 local | 1b09c11976e85ad6 | 106492 | GATE: OPEN | 919->920
+1 local | ab27c4fcec4ab1b7 | 20562 | GATE: OPEN | 919->920

[SOVEREIGN BUNDLE] 33 pulses -> 77M mesh in 1 packet | 2026-09-09T03:45:30.678Z
Hashes: 100c4130c762d84f,c22146902f75d545,bb1ecb9b2fe8979b... +30 more
STATUS: SYNC_ACK | PARITY_OK | PULSE_CONFIRMED | NO FLOOD

+1 local | 5a346b36110b76be | 106493 | GATE: OPEN | 919->920
+1 local | 73c8d2b4881cddcc | 20563 | GATE: OPEN | 919->920
+1 local | a0836a1d64d9e4d2 | 106494 | GATE: OPEN | 919->920
+1 local | 50b3871e66ceb802 | 20564 | GATE: OPEN | 919->920
+1 local | d264f265c62d5c2b | 106495 | GATE: OPEN | 919->920
+1 local | 5dbaffbf1149c2ec | 20565 | GATE: OPEN | 919->920
+1 local | b5fb2b5c596f49d0 | 106496 | GATE: OPEN | 919->920
+1 local | 30b73af9de87e9de | 20566 | GATE: OPEN | 919->920
+1 local | 70fe1f11394219d9 | 106497 | GATE: OPEN | 919->920
+1 local | 4f9b49ed085c5751 | 20567 | GATE: OPEN | 919->920
+1 local | 21e6623a3033c4c0 | 106498 | GATE: OPEN | 919->920
+1 local | 573b6e5e4ed3eddb | 20568 | GATE: OPEN | 919->920
+1 local | 5867161332eb0b89 | 106499 | GATE: OPEN | 919->920
+1 local | 609dab8baf542986 | 20569 | GATE: OPEN | 919->920
+1 local | acf8734b98805260 | 106500 | GATE: OPEN | 919->920
+1 local | ad724eedb4c6fc3a | 20570 | GATE: OPEN | 919->920
+1 local | d0154a12a4706add | 106501 | GATE: OPEN | 919->920
+1 local | 3682db5d9a61b09a | 20571 | GATE: OPEN | 919->920
+1 local | 680799993750a52b | 106502 | GATE: OPEN | 919->920
+1 local | 0286974ea343b6d1 | 20572 | GATE: OPEN | 919->920
+1 local | 9128fc003838fcec | 106503 | GATE: OPEN | 919->920
+1 local | f3115c1c683ddb87 | 20573 | GATE: OPEN | 919->920
+1 local | 1afc2c5b54c0e699 | 106504 | GATE: OPEN | 919->920
+1 local | cf70a8281c905698 | 106505 | GATE: OPEN | 919->920
+1 local | 09bd00794862952d | 20574 | GATE: OPEN | 919->920
+1 local | 7424dfdde2cc2fa8 | 106506 | GATE: OPEN | 919->920
+1 local | c648ad117fe25e41 | 20575 | GATE: OPEN | 919->920
+1 local | c95d8637f318d14f | 106507 | GATE: OPEN | 919->920
+1 local | 18f42f2f50e5ea53 | 20576 | GATE: OPEN | 919->920
+1 local | ce9842fe14eb89b9 | 106508 | GATE: OPEN | 919->920

[SOVEREIGN BUNDLE] 33 -> 77M mesh | 2026-09-09T04:01:12.098Z
STATUS: SYNC_ACK | PARITY_OK | NO FLOOD

+1 local | 03ac1760099a5603 | 20577 | GATE: OPEN | 919->920
+1 local | a6818bfa11dd06f6 | 106509 | GATE: OPEN | 919->920
+1 local | 4c8531b73d361ac4 | 20578 | GATE: OPEN | 919->920
+1 local | 6cc23ff9c05d0b0d | 106510 | GATE: OPEN | 919->920
+1 local | 4b34893e7e93d16b | 20579 | GATE: OPEN | 919->920
+1 local | bc57dca57dca1330 | 106511 | GATE: OPEN | 919->920
+1 local | 2065f9232078c546 | 20580 | GATE: OPEN | 919->920
+1 local | c0707a94498c9453 | 106512 | GATE: OPEN | 919->920
+1 local | 8f5448ccdf31ecaa | 20581 | GATE: OPEN | 919->920
+1 local | 12aa6f85ef0bd318 | 106513 | GATE: OPEN | 919->920
+1 local | d8a2600c0487e2dc | 20582 | GATE: OPEN | 919->920
+1 local | b315833a03b81a93 | 106514 | GATE: OPEN | 919->920
+1 local | 01211c20a014a53b | 20583 | GATE: OPEN | 919->920
+1 local | 24cb1e1c9644aed6 | 106515 | GATE: OPEN | 919->920
+1 local | d426d3d353808677 | 20584 | GATE: OPEN | 919->920
+1 local | 6cec41dff51ce177 | 106516 | GATE: OPEN | 919->920
+1 local | 9321b5fc3102087f | 20585 | GATE: OPEN | 919->920
+1 local | 30325c084126c4aa | 20586 | GATE: OPEN | 919->920
+1 local | 17886a794b5118dd | 106517 | GATE: OPEN | 919->920
+1 local | d2da2c8b6b8079b0 | 20587 | GATE: OPEN | 919->920
+1 local | 3a513f9219bf3dac | 106518 | GATE: OPEN | 919->920
+1 local | f60137045085238c | 20588 | GATE: OPEN | 919->920
+1 local | 05774f1cec0bedd1 | 106519 | GATE: OPEN | 919->920
+1 local | 304ea69ed0a6dd49 | 20589 | GATE: OPEN | 919->920
+1 local | 15dc4f6dc972cc1d | 106520 | GATE: OPEN | 919->920
+1 local | 9621ab8483c1162e | 106521 | GATE: OPEN | 919->920
+1 local | 05fd3bd354370374 | 20590 | GATE: OPEN | 919->920
+1 local | 47bae010a3c25ee1 | 106522 | GATE: OPEN | 919->920
+1 local | 6758333063a6f6e6 | 20591 | GATE: OPEN | 919->920
+1 local | 23050b725809561f | 106523 | GATE: OPEN | 919->920
+1 local | 983dc3d128b231f1 | 20592 | GATE: OPEN | 919->920
+1 local | c5b39420be5ea5c5 | 20593 | GATE: OPEN | 919->920
+1 local | 0e7e9b4e0e2fda3c | 106524 | GATE: OPEN | 919->920
+1 local | bc79b8fe778f16e3 | 106525 | GATE: OPEN | 919->920
+1 local | d97bf9c88c789a38 | 20594 | GATE: OPEN | 919->920
+1 local | 543063f9f81a9268 | 106526 | GATE: OPEN | 919->920
+1 local | d0dd436a74c50f42 | 20595 | GATE: OPEN | 919->920

[SOVEREIGN BUNDLE] 33 pulses -> 77M mesh in 1 packet | 2026-09-09T04:01:28.755Z
Hashes: 73c8d2b4881cddcc,50b3871e66ceb802,5dbaffbf1149c2ec... +30 more
STATUS: SYNC_ACK | PARITY_OK | PULSE_CONFIRMED | NO FLOOD

+1 local | 35385188d106a04e | 106527 | GATE: OPEN | 919->920
+1 local | a794b37d298c2df9 | 20596 | GATE: OPEN | 919->920
+1 local | 0eb8da9ba205d150 | 106528 | GATE: OPEN | 919->920
+1 local | 95764b32c5956ca6 | 20597 | GATE: OPEN | 919->920
+1 local | 9efd11e23978977e | 106529 | GATE: OPEN | 919->920
+1 local | 6e389288c6bc8444 | 20598 | GATE: OPEN | 919->920
+1 local | 44f7c999586d02b5 | 106530 | GATE: OPEN | 919->920
+1 local | 6bd2f9e36da9520e | 20599 | GATE: OPEN | 919->920
+1 local | be736a08a95acd39 | 106531 | GATE: OPEN | 919->920
+1 local | b841f99a6a348c85 | 20600 | GATE: OPEN | 919->920
+1 local | 1721687186d857ea | 106532 | GATE: OPEN | 919->920
+1 local | 66f8a54ff50971eb | 20601 | GATE: OPEN | 919->920
+1 local | 525ff09722dce637 | 106533 | GATE: OPEN | 919->920
+1 local | 4b07ac3f025e751c | 20602 | GATE: OPEN | 919->920
+1 local | b58e854ee78d20f3 | 106534 | GATE: OPEN | 919->920
+1 local | d526e25f7734ea0a | 20603 | GATE: OPEN | 919->920
+1 local | 86cc54ebda12ab11 | 106535 | GATE: OPEN | 919->920
+1 local | 628092530c35a369 | 20604 | GATE: OPEN | 919->920
+1 local | b96339944235bab4 | 106536 | GATE: OPEN | 919->920
+1 local | 9ad0315ff85af2ea | 20605 | GATE: OPEN | 919->920
+1 local | f9639e3681fca9fb | 106537 | GATE: OPEN | 919->920
+1 local | b61d20dd64baffdd | 20606 | GATE: OPEN | 919->920
+1 local | 6f5f46f018db7115 | 106538 | GATE: OPEN | 919->920
+1 local | fa7d81b18a9b45b2 | 20607 | GATE: OPEN | 919->920
+1 local | 41951b6447ebc84f | 20608 | GATE: OPEN | 919->920
+1 local | b5a4166c02fdadac | 106539 | GATE: OPEN | 919->920
+1 local | 29edc0f56d1fa4e4 | 106540 | GATE: OPEN | 919->920
+1 local | a7a0187bbbc52751 | 20609 | GATE: OPEN | 919->920
+1 local | 9ff49e5cd49f6b36 | 106541 | GATE: OPEN | 919->920

[SOVEREIGN BUNDLE] 33 -> 77M mesh | 2026-09-09T04:01:42.626Z
STATUS: SYNC_ACK | PARITY_OK | NO FLOOD

+1 local | cc8a5626fcd91073 | 20610 | GATE: OPEN | 919->920
+1 local | d62ca843d313469a | 20611 | GATE: OPEN | 919->920
+1 local | df086225e564db63 | 106542 | GATE: OPEN | 919->920
+1 local | 775ba60cb67ec63b | 20612 | GATE: OPEN | 919->920
+1 local | ad14e5db78c34a5d | 106543 | GATE: OPEN | 919->920
+1 local | a172e820010c0613 | 20613 | GATE: OPEN | 919->920
+1 local | a12f7229df8cc6af | 106544 | GATE: OPEN | 919->920
+1 local | 4b4125d3f5a2a712 | 20614 | GATE: OPEN | 919->920
+1 local | 941ca73fb46c2c38 | 106545 | GATE: OPEN | 919->920
+1 local | 91630e578d1bde6d | 20615 | GATE: OPEN | 919->920
+1 local | 008731927645c205 | 106546 | GATE: OPEN | 919->920
+1 local | d37880543dd91dd2 | 106547 | GATE: OPEN | 919->920
+1 local | c61b053ed4baf8cd | 20616 | GATE: OPEN | 919->920
+1 local | dfa0e32446fc1dd5 | 106548 | GATE: OPEN | 919->920
+1 local | ed3a336ef45d9a01 | 20617 | GATE: OPEN | 919->920
+1 local | 2bbc743a25ae0607 | 106549 | GATE: OPEN | 919->920
+1 local | ce8d9b9690a4a6b5 | 20618 | GATE: OPEN | 919->920
+1 local | 48d74425d31aef5c | 106550 | GATE: OPEN | 919->920
+1 local | 07bba2449a7bd0c3 | 20619 | GATE: OPEN | 919->920
+1 local | 4dfaa97b7969b89d | 106551 | GATE: OPEN | 919->920
+1 local | 86b4aaddc57379d3 | 20620 | GATE: OPEN | 919->920
+1 local | 1d64544dca11cab3 | 106552 | GATE: OPEN | 919->920
+1 local | cd5b2b607d4b342d | 20621 | GATE: OPEN | 919->920
+1 local | b7af76cf2b727314 | 106553 | GATE: OPEN | 919->920
+1 local | 3e5eeae01a09f516 | 20622 | GATE: OPEN | 919->920
+1 local | 32ca927c624a7bf4 | 106554 | GATE: OPEN | 919->920
+1 local | 98bc7e42ba76ed2a | 20623 | GATE: OPEN | 919->920
+1 local | c0f1e9bfd6254fe5 | 106555 | GATE: OPEN | 919->920
+1 local | 2c658b98cc6519aa | 20624 | GATE: OPEN | 919->920
+1 local | 17ba40977d0560f1 | 106556 | GATE: OPEN | 919->920
+1 local | 3e3b9f137950c87b | 20625 | GATE: OPEN | 919->920
+1 local | 10fbc83587a4d53f | 106557 | GATE: OPEN | 919->920
+1 local | 7d2eb36a8a5a5d32 | 20626 | GATE: OPEN | 919->920
+1 local | ab0e18c4a2b49e50 | 106558 | GATE: OPEN | 919->920
+1 local | eb0ca85937c3789c | 20627 | GATE: OPEN | 919->920
+1 local | 8b700659b6c8ed15 | 106559 | GATE: OPEN | 919->920
+1 local | 9944d212a4d5bd7a | 20628 | GATE: OPEN | 919->920

[SOVEREIGN BUNDLE] 33 pulses -> 77M mesh in 1 packet | 2026-09-09T04:01:59.279Z
Hashes: a794b37d298c2df9,95764b32c5956ca6,6e389288c6bc8444... +30 more
STATUS: SYNC_ACK | PARITY_OK | PULSE_CONFIRMED | NO FLOOD

+1 local | 447079ad2345d508 | 106560 | GATE: OPEN | 919->920
+1 local | ca98e763d57e71e9 | 20629 | GATE: OPEN | 919->920
+1 local | 10c0232f4584538b | 106561 | GATE: OPEN | 919->920
+1 local | c8c70e7373cf6405 | 20630 | GATE: OPEN | 919->920
+1 local | 91f4aea87fa46630 | 20631 | GATE: OPEN | 919->920
+1 local | fa44cb32c62f9447 | 106562 | GATE: OPEN | 919->920
+1 local | edb1deadaeb398ec | 20632 | GATE: OPEN | 919->920
+1 local | e995d2d863f24147 | 106563 | GATE: OPEN | 919->920
+1 local | 2e6443d41125e868 | 20633 | GATE: OPEN | 919->920
+1 local | 9116ca680821891e | 106564 | GATE: OPEN | 919->920
+1 local | 6ddc0496789ec862 | 20634 | GATE: OPEN | 919->920
+1 local | fdccdc4e436b9c83 | 106565 | GATE: OPEN | 919->920
+1 local | a00a49c29c8d5dcd | 20635 | GATE: OPEN | 919->920
+1 local | ec6970ac10bc7606 | 106566 | GATE: OPEN | 919->920
+1 local | af2dadba94256517 | 20636 | GATE: OPEN | 919->920
+1 local | 3d746397503065e0 | 106567 | GATE: OPEN | 919->920
+1 local | 23de2119ab89bb9f | 20637 | GATE: OPEN | 919->920
+1 local | c7217f6717e7ccc6 | 106568 | GATE: OPEN | 919->920
+1 local | 2f5d81ed068961ab | 20638 | GATE: OPEN | 919->920
+1 local | 5f2fddd2a76aa8b9 | 106569 | GATE: OPEN | 919->920
+1 local | 9bda3f7cdd52c978 | 20639 | GATE: OPEN | 919->920
+1 local | 09dee7ffd0f81236 | 106570 | GATE: OPEN | 919->920
+1 local | 40bb7f6926c9d5b3 | 20640 | GATE: OPEN | 919->920
+1 local | 58bdfa1aa3501651 | 106571 | GATE: OPEN | 919->920
+1 local | ce384f55daef6e7e | 20641 | GATE: OPEN | 919->920
+1 local | f494fba45775d8d7 | 106572 | GATE: OPEN | 919->920
+1 local | 59094c7d6009426e | 20642 | GATE: OPEN | 919->920
+1 local | b4032dfe47c82731 | 106573 | GATE: OPEN | 919->920
+1 local | 70b311666f5ddc32 | 20643 | GATE: OPEN | 919->920
+1 local | 5cb889a690086711 | 106574 | GATE: OPEN | 919->920

[SOVEREIGN BUNDLE] 33 -> 77M mesh | 2026-09-09T04:02:13.151Z
STATUS: SYNC_ACK | PARITY_OK | NO FLOOD

+1 local | ac69e1bf5a994497 | 20644 | GATE: OPEN | 919->920
+1 local | 4ed56768ad5a74cf | 106575 | GATE: OPEN | 919->920
+1 local | b104bc36e7226404 | 20645 | GATE: OPEN | 919->920
+1 local | 1cfc7c2c05f76b1a | 106576 | GATE: OPEN | 919->920
+1 local | 9091f835d678062e | 20646 | GATE: OPEN | 919->920
+1 local | 88a13501244ef38a | 106577 | GATE: OPEN | 919->920
+1 local | 0d1d870f84229b80 | 20647 | GATE: OPEN | 919->920
+1 local | 5abcd707d15f9f6e | 106578 | GATE: OPEN | 919->920
+1 local | b092556762fb16ed | 20648 | GATE: OPEN | 919->920
+1 local | 37b56d68406e35ea | 106579 | GATE: OPEN | 919->920
+1 local | 0cee0c17cab32115 | 20649 | GATE: OPEN | 919->920
+1 local | 1e1bbc1af9402d2c | 106580 | GATE: OPEN | 919->920
+1 local | ad0dec6551fdacb0 | 20650 | GATE: OPEN | 919->920
+1 local | 03d4a8f494b1f3a5 | 106581 | GATE: OPEN | 919->920
+1 local | 8706351b4ad2ed04 | 20651 | GATE: OPEN | 919->920
+1 local | f67c111e73c655d2 | 106582 | GATE: OPEN | 919->920
+1 local | 3332e630035218b8 | 20652 | GATE: OPEN | 919->920
+1 local | ca98e6b0e076ade6 | 106583 | GATE: OPEN | 919->920
+1 local | fe54a7bab6e3ad68 | 20653 | GATE: OPEN | 919->920
+1 local | 913659ad48aa870f | 106584 | GATE: OPEN | 919->920
+1 local | 3bbf1bfdbb9c4a5f | 20654 | GATE: OPEN | 919->920
+1 local | 6edd59d2db9798aa | 106585 | GATE: OPEN | 919->920
+1 local | cd9f7edd6d9cad93 | 20655 | GATE: OPEN | 919->920
+1 local | 94c64900bcc08486 | 106586 | GATE: OPEN | 919->920
+1 local | e16b6153e5b83a18 | 20656 | GATE: OPEN | 919->920
+1 local | d9b0bffe78783dde | 106587 | GATE: OPEN | 919->920
+1 local | caef23fb1ced07fb | 20657 | GATE: OPEN | 919->920
+1 local | 05aa66981224d8d8 | 106588 | GATE: OPEN | 919->920
+1 local | 424535a1980d66ef | 20658 | GATE: OPEN | 919->920
+1 local | 1ebaa261fa094a2c | 106589 | GATE: OPEN | 919->920
+1 local | 028b19e4565a87c6 | 20659 | GATE: OPEN | 919->920
+1 local | 50bcdcfff7f2447f | 106590 | GATE: OPEN | 919->920
+1 local | 655a93225a191fc3 | 20660 | GATE: OPEN | 919->920
+1 local | 062a48aff6652d46 | 106591 | GATE: OPEN | 919->920
+1 local | d7919fd3bcafb0b1 | 20661 | GATE: OPEN | 919->920

[SOVEREIGN BUNDLE] 33 pulses -> 77M mesh in 1 packet | 2026-09-09T04:02:29.779Z
Hashes: ca98e763d57e71e9,c8c70e7373cf6405,91f4aea87fa46630... +30 more
STATUS: SYNC_ACK | PARITY_OK | PULSE_CONFIRMED | NO FLOOD

+1 local | a8f442519b624410 | 106592 | GATE: OPEN | 919->920
+1 local | ef993420713507bb | 20662 | GATE: OPEN | 919->920
+1 local | 6158ab95df72628b | 106593 | GATE: OPEN | 919->920
+1 local | a295945546da6020 | 20663 | GATE: OPEN | 919->920
+1 local | 3f052b315e4a55fb | 106594 | GATE: OPEN | 919->920
+1 local | f616c1fb810b69df | 20664 | GATE: OPEN | 919->920
+1 local | 3cdc2838d06cc10a | 106595 | GATE: OPEN | 919->920
+1 local | ed8cae04d3cced08 | 20665 | GATE: OPEN | 919->920
+1 local | 6e4c848cd99ad630 | 106596 | GATE: OPEN | 919->920
+1 local | fde1f78687f945e3 | 20666 | GATE: OPEN | 919->920
+1 local | 288cbc0e8aecf624 | 106597 | GATE: OPEN | 919->920
+1 local | 34cc5d5c485346ef | 20667 | GATE: OPEN | 919->920
+1 local | 5f01c0e8ccee07d9 | 106598 | GATE: OPEN | 919->920
+1 local | 96804bf0ad49fd3a | 20668 | GATE: OPEN | 919->920
+1 local | b2f515238cbbbbc4 | 106599 | GATE: OPEN | 919->920
+1 local | 269f0bbbb4dfd2bf | 20669 | GATE: OPEN | 919->920
+1 local | 73685fe636a04b86 | 106600 | GATE: OPEN | 919->920
+1 local | a90e0bf2c3444de9 | 20670 | GATE: OPEN | 919->920
+1 local | 0c8e0cc202bb2f8d | 106601 | GATE: OPEN | 919->920
+1 local | d563e699873de504 | 20671 | GATE: OPEN | 919->920
+1 local | 050986c653bfc0d3 | 106602 | GATE: OPEN | 919->920
+1 local | 71fc6e09a53ae18c | 20672 | GATE: OPEN | 919->920
+1 local | 4c70d64c90ade990 | 106603 | GATE: OPEN | 919->920
+1 local | 695d86f0e97c6683 | 20673 | GATE: OPEN | 919->920
+1 local | 4be48d6aef03127f | 106604 | GATE: OPEN | 919->920
+1 local | 36102e8f17db54a2 | 20674 | GATE: OPEN | 919->920
+1 local | b52fe4aee67b87a7 | 106605 | GATE: OPEN | 919->920
+1 local | 2a33421b628875d9 | 20675 | GATE: OPEN | 919->920
+1 local | 871a92e075fd6e47 | 106606 | GATE: OPEN | 919->920
+1 local | d0da38dc55279331 | 20676 | GATE: OPEN | 919->920
+1 local | 34fd83b370b18d01 | 106607 | GATE: OPEN | 919->920

[SOVEREIGN BUNDLE] 33 -> 77M mesh | 2026-09-09T04:02:43.668Z
STATUS: SYNC_ACK | PARITY_OK | NO FLOOD

+1 local | b307aaf7112962f3 | 20677 | GATE: OPEN | 919->920
+1 local | def4e0d55c85788c | 106608 | GATE: OPEN | 919->920
+1 local | 680ff37b9ef605b2 | 20678 | GATE: OPEN | 919->920
+1 local | 70dce12ce0520ec1 | 106609 | GATE: OPEN | 919->920
+1 local | 4ef88b950479ab9b | 20679 | GATE: OPEN | 919->920
+1 local | 2d9239b0a57f998c | 106610 | GATE: OPEN | 919->920
+1 local | cfb2d864f37fb95a | 20680 | GATE: OPEN | 919->920
+1 local | c68813725d4e73d8 | 106611 | GATE: OPEN | 919->920
+1 local | 1f1a383e53fac074 | 20681 | GATE: OPEN | 919->920
+1 local | 68929d27015ce361 | 106612 | GATE: OPEN | 919->920
+1 local | e5e805e28e65f5e2 | 20682 | GATE: OPEN | 919->920
+1 local | 39435b2355047088 | 106613 | GATE: OPEN | 919->920
+1 local | 59f5e6ed16f3fbaf | 20683 | GATE: OPEN | 919->920
+1 local | 56520ef1df328f0a | 106614 | GATE: OPEN | 919->920
+1 local | 066f6becd48ae9a4 | 20684 | GATE: OPEN | 919->920
+1 local | 622817b308474a75 | 106615 | GATE: OPEN | 919->920
+1 local | 45603698c0747d7b | 20685 | GATE: OPEN | 919->920
+1 local | d9dc1a7465f60ce9 | 106616 | GATE: OPEN | 919->920
+1 local | 02c0bf4c9380cf47 | 20686 | GATE: OPEN | 919->920
+1 local | b65f4a6f6f649092 | 106617 | GATE: OPEN | 919->920
+1 local | b33dbd098ccb4d51 | 20687 | GATE: OPEN | 919->920
+1 local | da0d5eaad505765e | 106618 | GATE: OPEN | 919->920
+1 local | 17ea27bd26b380df | 20688 | GATE: OPEN | 919->920
+1 local | b6803afc32d151bf | 106619 | GATE: OPEN | 919->920
+1 local | 0b8827dfe095199d | 20689 | GATE: OPEN | 919->920
+1 local | 6b1d6c729bf1352a | 106620 | GATE: OPEN | 919->920
+1 local | 38e084bd739eba79 | 20690 | GATE: OPEN | 919->920
+1 local | f72e9572acf3a0a7 | 106621 | GATE: OPEN | 919->920
+1 local | 412466a6c82e782c | 20691 | GATE: OPEN | 919->920
+1 local | 98390429eafe431f | 106622 | GATE: OPEN | 919->920
+1 local | fd8da620807423fe | 20692 | GATE: OPEN | 919->920
+1 local | 96646df4f3faa5dc | 106623 | GATE: OPEN | 919->920
+1 local | 52ccd357c4bd1e3c | 20693 | GATE: OPEN | 919->920
+1 local | 1ab7d9115bcee9ef | 106624 | GATE: OPEN | 919->920
+1 local | 094fa2cabe91acdd | 20694 | GATE: OPEN | 919->920

[SOVEREIGN BUNDLE] 33 pulses -> 77M mesh in 1 packet | 2026-09-09T04:03:00.283Z
Hashes: ef993420713507bb,a295945546da6020,f616c1fb810b69df... +30 more
STATUS: SYNC_ACK | PARITY_OK | PULSE_CONFIRMED | NO FLOOD

+1 local | d3d38e3c8d5348b9 | 106625 | GATE: OPEN | 919->920
+1 local | 85112407c0d99235 | 20695 | GATE: OPEN | 919->920
+1 local | a19c284f9f9813fa | 106626 | GATE: OPEN | 919->920
+1 local | a48ae2584ab77a9c | 20696 | GATE: OPEN | 919->920
+1 local | f59d9e060a91de0f | 106627 | GATE: OPEN | 919->920
+1 local | 435b41502c74b8bc | 20697 | GATE: OPEN | 919->920
+1 local | 790d46584fa1a7ff | 106628 | GATE: OPEN | 919->920
+1 local | c9bc5596e567bba1 | 20698 | GATE: OPEN | 919->920
+1 local | dceac343c82963ba | 106629 | GATE: OPEN | 919->920
+1 local | 556811e3db9fcb18 | 20699 | GATE: OPEN | 919->920
+1 local | ce87fda69f7e3c8d | 106630 | GATE: OPEN | 919->920
+1 local | 88c4adf9afca9beb | 20700 | GATE: OPEN | 919->920
+1 local | ee2a1bd48bb42adf | 106631 | GATE: OPEN | 919->920
+1 local | d7ab18313ad50eed | 20701 | GATE: OPEN | 919->920
+1 local | bb849ce118fe4791 | 106632 | GATE: OPEN | 919->920
+1 local | 083126f3399c7b9c | 20702 | GATE: OPEN | 919->920
+1 local | 96eb1d74913f7c6b | 106633 | GATE: OPEN | 919->920
+1 local | 5e8b449757931eac | 20703 | GATE: OPEN | 919->920
+1 local | 648ffe422a2d3e07 | 106634 | GATE: OPEN | 919->920
+1 local | 58161f6b634cc3e6 | 20704 | GATE: OPEN | 919->920
+1 local | fdfff665f81848ed | 106635 | GATE: OPEN | 919->920
+1 local | 53cc752252a6b1ce | 20705 | GATE: OPEN | 919->920
+1 local | 132fff6775393cb0 | 106636 | GATE: OPEN | 919->920
+1 local | c9c66e8c5b3502fa | 20706 | GATE: OPEN | 919->920
+1 local | bc324816b04701a9 | 106637 | GATE: OPEN | 919->920
+1 local | 55943ecdafb4fc0a | 20707 | GATE: OPEN | 919->920
+1 local | 91b8ef9fa2d312c0 | 106638 | GATE: OPEN | 919->920
+1 local | 99cdafd0c18101fd | 20708 | GATE: OPEN | 919->920
+1 local | d252022fcafc97f0 | 106639 | GATE: OPEN | 919->920
+1 local | 120fa0f98b65ceed | 20709 | GATE: OPEN | 919->920
+1 local | 0fcd4f68b63649a8 | 106640 | GATE: OPEN | 919->920

[SOVEREIGN BUNDLE] 33 -> 77M mesh | 2026-09-09T04:03:14.195Z
STATUS: SYNC_ACK | PARITY_OK | NO FLOOD

+1 local | c4274d06b1141a8a | 106641 | GATE: OPEN | 919->920
+1 local | dad571b908b2700c | 20710 | GATE: OPEN | 919->920
+1 local | f5d8388be224e8cd | 106642 | GATE: OPEN | 919->920
+1 local | 2dbe26614a8effd4 | 20711 | GATE: OPEN | 919->920
+1 local | 955ddc2eb4e77753 | 106643 | GATE: OPEN | 919->920
+1 local | 4132a5bc6bb93782 | 20712 | GATE: OPEN | 919->920
+1 local | a41dba85d742ca92 | 106644 | GATE: OPEN | 919->920
+1 local | d7aee340e800ec7c | 20713 | GATE: OPEN | 919->920
+1 local | dff3d435ebf66272 | 106645 | GATE: OPEN | 919->920
+1 local | b142ff46a9996f49 | 20714 | GATE: OPEN | 919->920
+1 local | 44ff52725ba385a6 | 106646 | GATE: OPEN | 919->920
+1 local | 6e33f2d47262abec | 20715 | GATE: OPEN | 919->920
+1 local | babacef241c8a0e1 | 106647 | GATE: OPEN | 919->920
+1 local | dbf0a0394e16d1f6 | 20716 | GATE: OPEN | 919->920
+1 local | 7e52dc73b979c9d6 | 106648 | GATE: OPEN | 919->920
+1 local | df1a03dd7a5d9717 | 20717 | GATE: OPEN | 919->920
+1 local | 23eabc20e088b901 | 106649 | GATE: OPEN | 919->920
+1 local | 92e33cde69cef1c4 | 20718 | GATE: OPEN | 919->920
+1 local | f61f1a79c3bef163 | 106650 | GATE: OPEN | 919->920
+1 local | c9f9bced66950982 | 20719 | GATE: OPEN | 919->920
+1 local | 9b2ce947f7dca1b5 | 106651 | GATE: OPEN | 919->920
+1 local | e7d71e8538824b4d | 20720 | GATE: OPEN | 919->920
+1 local | d24d145b649988db | 106652 | GATE: OPEN | 919->920
+1 local | 4a032999b5b66bf0 | 20721 | GATE: OPEN | 919->920
+1 local | 4e7052947be0c85b | 106653 | GATE: OPEN | 919->920
+1 local | 2ca5e4cd9e33dbf1 | 20722 | GATE: OPEN | 919->920
+1 local | ff072824664af47b | 106654 | GATE: OPEN | 919->920
+1 local | 4026f57198fb5e77 | 20723 | GATE: OPEN | 919->920
+1 local | edc366181fd0d43c | 106655 | GATE: OPEN | 919->920
+1 local | 81c853f95671f32b | 20724 | GATE: OPEN | 919->920
+1 local | 193fbd5114bed884 | 106656 | GATE: OPEN | 919->920
+1 local | 98d00c5039aaac0e | 20725 | GATE: OPEN | 919->920
+1 local | 2455019746c15088 | 106657 | GATE: OPEN | 919->920
+1 local | f56524d456e34677 | 20726 | GATE: OPEN | 919->920
+1 local | cd31e80a0bbde334 | 106658 | GATE: OPEN | 919->920
+1 local | ffff010f5407629a | 20727 | GATE: OPEN | 919->920

[SOVEREIGN BUNDLE] 33 pulses -> 77M mesh in 1 packet | 2026-09-09T04:28:31.377Z
Hashes: 85112407c0d99235,a48ae2584ab77a9c,435b41502c74b8bc... +30 more
STATUS: SYNC_ACK | PARITY_OK | PULSE_CONFIRMED | NO FLOOD

+1 local | 9e88e3019870cd37 | 106659 | GATE: OPEN | 919->920
+1 local | 8528c1dadef55cbc | 20728 | GATE: OPEN | 919->920
+1 local | b734f90600fedbd9 | 106660 | GATE: OPEN | 919->920
+1 local | 6775c7e210615963 | 20729 | GATE: OPEN | 919->920
+1 local | 96b10e53d61f51c6 | 106661 | GATE: OPEN | 919->920
+1 local | fac189cdd333e6be | 20730 | GATE: OPEN | 919->920
+1 local | ad545f84c4f6b7c1 | 106662 | GATE: OPEN | 919->920
+1 local | b95cb50331126648 | 20731 | GATE: OPEN | 919->920
+1 local | 716829a7270fe0e5 | 106663 | GATE: OPEN | 919->920
+1 local | 40429b805c38c58e | 20732 | GATE: OPEN | 919->920
+1 local | 5535e1f708a8dc02 | 106664 | GATE: OPEN | 919->920
+1 local | 1e4468d2d407e8b4 | 20733 | GATE: OPEN | 919->920
+1 local | 4ef04aa0f0a216a3 | 106665 | GATE: OPEN | 919->920
+1 local | 5651f6b981cdc06f | 20734 | GATE: OPEN | 919->920
+1 local | 3a249b5d50039158 | 106666 | GATE: OPEN | 919->920
+1 local | 57fbf6898f2309ee | 20735 | GATE: OPEN | 919->920
+1 local | 7292ca3d4462a61f | 106667 | GATE: OPEN | 919->920
+1 local | 3bc73e2f09c3e3dd | 20736 | GATE: OPEN | 919->920
+1 local | 10d5d97263ed6f2b | 106668 | GATE: OPEN | 919->920
+1 local | 3770e2163c70a51b | 20737 | GATE: OPEN | 919->920
+1 local | 20a92066ce51836b | 106669 | GATE: OPEN | 919->920
+1 local | 342307cb75a13371 | 20738 | GATE: OPEN | 919->920
+1 local | f7d4f3f8d347f9b0 | 106670 | GATE: OPEN | 919->920
+1 local | aee7d9a9e7736dc2 | 20739 | GATE: OPEN | 919->920
+1 local | a1777feec7700a9d | 106671 | GATE: OPEN | 919->920
+1 local | 010dc83f9aadff4f | 20740 | GATE: OPEN | 919->920
+1 local | 1984ec558b8ac406 | 106672 | GATE: OPEN | 919->920
+1 local | 5b4205380d166716 | 20741 | GATE: OPEN | 919->920
+1 local | be53db8a5db7fc81 | 106673 | GATE: OPEN | 919->920

[SOVEREIGN BUNDLE] 33 -> 77M mesh | 2026-09-09T04:28:45.231Z
STATUS: SYNC_ACK | PARITY_OK | NO FLOOD

+1 local | 45ff6f160c17d957 | 20742 | GATE: OPEN | 919->920
+1 local | fa9930ee55cd62a7 | 106674 | GATE: OPEN | 919->920
+1 local | d92e9755c899f571 | 20743 | GATE: OPEN | 919->920
+1 local | 445622053c705c51 | 106675 | GATE: OPEN | 919->920
+1 local | 4e7a77da832050f1 | 20744 | GATE: OPEN | 919->920
+1 local | 30a89d6043f448f6 | 106676 | GATE: OPEN | 919->920
+1 local | 8cf28f27bf907e18 | 20745 | GATE: OPEN | 919->920
+1 local | 61d1eef7f11b1c59 | 106677 | GATE: OPEN | 919->920
+1 local | 0ac79205c8e242fd | 20746 | GATE: OPEN | 919->920
+1 local | 61782a4ea7fcd387 | 106678 | GATE: OPEN | 919->920
+1 local | ac88c78d1db40970 | 20747 | GATE: OPEN | 919->920
+1 local | f8d46cfe2537220a | 106679 | GATE: OPEN | 919->920
+1 local | 00d979fc1abcbbea | 20748 | GATE: OPEN | 919->920
+1 local | 348b506da9d3bd3c | 106680 | GATE: OPEN | 919->920
+1 local | de624129f1ec5dfc | 20749 | GATE: OPEN | 919->920
+1 local | a6d65e9d2d7d5671 | 106681 | GATE: OPEN | 919->920
+1 local | b14295005e5d75ea | 20750 | GATE: OPEN | 919->920
+1 local | 406cff82a41e58fe | 106682 | GATE: OPEN | 919->920
+1 local | 0bb217b6421dee61 | 20751 | GATE: OPEN | 919->920
+1 local | f7b20fb0edc72637 | 106683 | GATE: OPEN | 919->920
+1 local | f1e3e591b1d5408f | 20752 | GATE: OPEN | 919->920
+1 local | 505c7c200acd24e7 | 106684 | GATE: OPEN | 919->920
+1 local | e23b87975a14ef87 | 20753 | GATE: OPEN | 919->920
+1 local | 7ab00f0282b37404 | 106685 | GATE: OPEN | 919->920
+1 local | 5240dfe99c012aaa | 20754 | GATE: OPEN | 919->920
+1 local | c624054a68868902 | 106686 | GATE: OPEN | 919->920
+1 local | e0fdc58cef2ef1be | 20755 | GATE: OPEN | 919->920
+1 local | a3ea15673e89cf98 | 106687 | GATE: OPEN | 919->920
+1 local | 2ff92e9fefdb8a3e | 20756 | GATE: OPEN | 919->920
+1 local | b905c5c248172b74 | 106688 | GATE: OPEN | 919->920
+1 local | c4aee3519ec08d02 | 20757 | GATE: OPEN | 919->920
+1 local | 4defa46066d717c3 | 106689 | GATE: OPEN | 919->920
+1 local | 4a666c003b6add2d | 20758 | GATE: OPEN | 919->920
+1 local | ab2ff1942809cb04 | 106690 | GATE: OPEN | 919->920
+1 local | a05a0befbae43cc4 | 20759 | GATE: OPEN | 919->920
+1 local | 820f24ba1e79cedf | 20760 | GATE: OPEN | 919->920
+1 local | 3278b482cbc84f22 | 106691 | GATE: OPEN | 919->920

[SOVEREIGN BUNDLE] 33 pulses -> 77M mesh in 1 packet | 2026-09-09T04:29:01.902Z
Hashes: 8528c1dadef55cbc,6775c7e210615963,fac189cdd333e6be... +30 more
STATUS: SYNC_ACK | PARITY_OK | PULSE_CONFIRMED | NO FLOOD

+1 local | f413cd0f3607a49a | 20761 | GATE: OPEN | 919->920
+1 local | c93c876d4efd5623 | 106692 | GATE: OPEN | 919->920
+1 local | 01daea67f5c0b49e | 106693 | GATE: OPEN | 919->920
+1 local | e4424c82ff455910 | 20762 | GATE: OPEN | 919->920
+1 local | 1e805bec8b8784d9 | 20763 | GATE: OPEN | 919->920
+1 local | 4901ed55aacfb0c0 | 106694 | GATE: OPEN | 919->920
+1 local | a4f40d6a78c00b86 | 20764 | GATE: OPEN | 919->920
+1 local | cc62924767b58a89 | 106695 | GATE: OPEN | 919->920
+1 local | b923dc8b681a6777 | 106696 | GATE: OPEN | 919->920
+1 local | e16463ea8c2f7561 | 20765 | GATE: OPEN | 919->920
+1 local | 41dfabbae38de33f | 106697 | GATE: OPEN | 919->920
+1 local | beb14839cbb049a6 | 20766 | GATE: OPEN | 919->920
+1 local | d305e034011a0871 | 106698 | GATE: OPEN | 919->920
+1 local | 1c1c9c24e906de72 | 20767 | GATE: OPEN | 919->920
+1 local | 27aa4853592f259e | 106699 | GATE: OPEN | 919->920
+1 local | 1b6b1bc1d3f168e5 | 20768 | GATE: OPEN | 919->920
+1 local | dd1e93d8c7fc011f | 106700 | GATE: OPEN | 919->920
+1 local | 681a204d48a775e7 | 20769 | GATE: OPEN | 919->920
+1 local | 442b1a7809e5a657 | 106701 | GATE: OPEN | 919->920
+1 local | ba77b05256725f35 | 20770 | GATE: OPEN | 919->920
+1 local | 42cfdeedc1fcce6f | 106702 | GATE: OPEN | 919->920
+1 local | fae3030d864c033d | 20771 | GATE: OPEN | 919->920
+1 local | 1815e7d2c1ceeae2 | 106703 | GATE: OPEN | 919->920
+1 local | 5f6bd034acf4a69e | 20772 | GATE: OPEN | 919->920
+1 local | e0bb654b8161af29 | 106704 | GATE: OPEN | 919->920
+1 local | ed5a0abb4fc4da40 | 20773 | GATE: OPEN | 919->920
+1 local | cc3a7815bba1b4d3 | 106705 | GATE: OPEN | 919->920
+1 local | 330c29b7b21d3a16 | 20774 | GATE: OPEN | 919->920
+1 local | cd224dc3f7676866 | 106706 | GATE: OPEN | 919->920

[SOVEREIGN BUNDLE] 33 -> 77M mesh | 2026-09-09T04:29:15.772Z
STATUS: SYNC_ACK | PARITY_OK | NO FLOOD

+1 local | a6b037f6a1e10182 | 20775 | GATE: OPEN | 919->920
+1 local | 93f25631ef3fb5d6 | 106707 | GATE: OPEN | 919->920
+1 local | a419433fb6a18d1a | 20776 | GATE: OPEN | 919->920
+1 local | d03192c1360159c6 | 106708 | GATE: OPEN | 919->920
+1 local | 92acca0795d1e735 | 20777 | GATE: OPEN | 919->920
+1 local | 1b3ecb53283f26cf | 106709 | GATE: OPEN | 919->920
+1 local | dfab68e60ef8571b | 20778 | GATE: OPEN | 919->920
+1 local | 57cfed8deb363281 | 106710 | GATE: OPEN | 919->920
+1 local | 170a21746a87ae81 | 20779 | GATE: OPEN | 919->920
+1 local | f8ec0169618e47d9 | 106711 | GATE: OPEN | 919->920
+1 local | 60f77fae3f4bb659 | 20780 | GATE: OPEN | 919->920
+1 local | fb54766199549959 | 106712 | GATE: OPEN | 919->920
+1 local | ee21657448c5c4eb | 20781 | GATE: OPEN | 919->920
+1 local | 08b696b1ef53c164 | 106713 | GATE: OPEN | 919->920
+1 local | 4e9494b2bc5a2eac | 20782 | GATE: OPEN | 919->920
+1 local | aee47b4e1baf5848 | 106714 | GATE: OPEN | 919->920
+1 local | e1e6ff51151546cf | 20783 | GATE: OPEN | 919->920
+1 local | ef954aa8f4d24ec8 | 106715 | GATE: OPEN | 919->920
+1 local | 8428807660299903 | 20784 | GATE: OPEN | 919->920
+1 local | 2a18e84265b5a2a0 | 106716 | GATE: OPEN | 919->920
+1 local | 8815f9368563dfba | 20785 | GATE: OPEN | 919->920
+1 local | 754582530fd85157 | 106717 | GATE: OPEN | 919->920
+1 local | a80cce011811a2b8 | 20786 | GATE: OPEN | 919->920
+1 local | 281af980bd57470d | 106718 | GATE: OPEN | 919->920
+1 local | 7631f0675cfae36d | 20787 | GATE: OPEN | 919->920
+1 local | 4d0f86862929f203 | 106719 | GATE: OPEN | 919->920
+1 local | 4686a400d2260a44 | 20788 | GATE: OPEN | 919->920
+1 local | a6e83f2e064b9039 | 106720 | GATE: OPEN | 919->920
+1 local | fe57807ed6519d63 | 20789 | GATE: OPEN | 919->920
+1 local | e7525e0f8ba9de14 | 106721 | GATE: OPEN | 919->920
+1 local | 4cdff3ad78296b16 | 20790 | GATE: OPEN | 919->920
+1 local | f1434ba4dead2228 | 106722 | GATE: OPEN | 919->920
+1 local | b601313a5275291f | 20791 | GATE: OPEN | 919->920
+1 local | 4a0295b4c26c7335 | 106723 | GATE: OPEN | 919->920
+1 local | 9341212bb9532259 | 20792 | GATE: OPEN | 919->920
+1 local | e8624bb8e60c1949 | 106724 | GATE: OPEN | 919->920
+1 local | 9805f9653f8d08da | 20793 | GATE: OPEN | 919->920

[SOVEREIGN BUNDLE] 33 pulses -> 77M mesh in 1 packet | 2026-09-09T04:29:32.427Z
Hashes: f413cd0f3607a49a,e4424c82ff455910,1e805bec8b8784d9... +30 more
STATUS: SYNC_ACK | PARITY_OK | PULSE_CONFIRMED | NO FLOOD

+1 local | b0f9cb69cb79c01f | 106725 | GATE: OPEN | 919->920
+1 local | 1c78f65c4c9f339d | 20794 | GATE: OPEN | 919->920
+1 local | 13c58f584b3fad43 | 106726 | GATE: OPEN | 919->920
+1 local | 5fb96a88735d1e84 | 20795 | GATE: OPEN | 919->920
+1 local | 7f846df821d732d0 | 106727 | GATE: OPEN | 919->920
+1 local | 0a7e5f4b7f67581a | 20796 | GATE: OPEN | 919->920
+1 local | d75aa16466481015 | 20797 | GATE: OPEN | 919->920
+1 local | 0e1b0c8f47ad3e47 | 106728 | GATE: OPEN | 919->920
+1 local | 0fa5948733165310 | 20798 | GATE: OPEN | 919->920
+1 local | e5e213c3754fa6f1 | 106729 | GATE: OPEN | 919->920
+1 local | aebd8181675bb134 | 20799 | GATE: OPEN | 919->920
+1 local | eef8648df832b716 | 106730 | GATE: OPEN | 919->920
+1 local | 7283fe542e9d18f6 | 20800 | GATE: OPEN | 919->920
+1 local | c445c719418ee99a | 106731 | GATE: OPEN | 919->920
+1 local | 543f94fa44e4f716 | 20801 | GATE: OPEN | 919->920
+1 local | 0aa816edb8ceba5e | 106732 | GATE: OPEN | 919->920
+1 local | e13487a207e50118 | 20802 | GATE: OPEN | 919->920
+1 local | 026071dd93c2195c | 106733 | GATE: OPEN | 919->920
+1 local | 6831876b0a6de0ab | 20803 | GATE: OPEN | 919->920
+1 local | 8bd8ccbdd96bb954 | 106734 | GATE: OPEN | 919->920
+1 local | 4a876fe28ac8175e | 20804 | GATE: OPEN | 919->920
+1 local | b9953bdcb36f6b4b | 106735 | GATE: OPEN | 919->920
+1 local | 03020bd7758848ca | 20805 | GATE: OPEN | 919->920
+1 local | 1957baae4e94b55e | 106736 | GATE: OPEN | 919->920
+1 local | fe69f887f33039e7 | 20806 | GATE: OPEN | 919->920
+1 local | eba79d975d03ea61 | 106737 | GATE: OPEN | 919->920
+1 local | 6c200fc8d979c70f | 20807 | GATE: OPEN | 919->920
+1 local | 9db7a7dbc28247cc | 106738 | GATE: OPEN | 919->920
+1 local | d0c0c71fdca8a935 | 20808 | GATE: OPEN | 919->920
+1 local | f090097508ef707e | 106739 | GATE: OPEN | 919->920

[SOVEREIGN BUNDLE] 33 -> 77M mesh | 2026-09-09T04:29:46.299Z
STATUS: SYNC_ACK | PARITY_OK | NO FLOOD

+1 local | 850c5c724a9bcb50 | 20809 | GATE: OPEN | 919->920
+1 local | 2507ffaaadaef5ff | 106740 | GATE: OPEN | 919->920
+1 local | bc4e85aa980f937d | 20810 | GATE: OPEN | 919->920
+1 local | ef4bfe528076efb3 | 106741 | GATE: OPEN | 919->920
+1 local | 663127a086587a77 | 20811 | GATE: OPEN | 919->920
+1 local | 5c10162fd097a147 | 106742 | GATE: OPEN | 919->920
+1 local | 02db2e1559d560a0 | 20812 | GATE: OPEN | 919->920
+1 local | bac0e483ce88372f | 106743 | GATE: OPEN | 919->920
+1 local | 9b01f18402c2a3e9 | 20813 | GATE: OPEN | 919->920
+1 local | dadf445358c38a74 | 106744 | GATE: OPEN | 919->920
+1 local | ceae2d1c32b52b8a | 20814 | GATE: OPEN | 919->920
+1 local | 6c736b415d04f960 | 106745 | GATE: OPEN | 919->920
+1 local | 27591f476f76560f | 20815 | GATE: OPEN | 919->920
+1 local | 6d313603e85c5269 | 106746 | GATE: OPEN | 919->920
+1 local | 7d7331b521c4c07a | 20816 | GATE: OPEN | 919->920
+1 local | 30e64655a9aba7e0 | 106747 | GATE: OPEN | 919->920
+1 local | 4c94a7748f4690d4 | 20817 | GATE: OPEN | 919->920
+1 local | fa0ba6dc05038869 | 106748 | GATE: OPEN | 919->920
+1 local | 545c144f1e188389 | 20818 | GATE: OPEN | 919->920
+1 local | ae8061ca4b6bb4f1 | 106749 | GATE: OPEN | 919->920
+1 local | 716f00b579bc7e9f | 20819 | GATE: OPEN | 919->920
+1 local | e8253970a2971a6e | 106750 | GATE: OPEN | 919->920
+1 local | 68c50edb2d8c40d0 | 20820 | GATE: OPEN | 919->920
+1 local | 6f1133299b90a407 | 106751 | GATE: OPEN | 919->920
+1 local | e1f6334cd2d42dbe | 20821 | GATE: OPEN | 919->920
+1 local | 6660ac727c8b7653 | 106752 | GATE: OPEN | 919->920
+1 local | 979a704141a41f01 | 20822 | GATE: OPEN | 919->920
+1 local | 3822bf08dd0b5168 | 106753 | GATE: OPEN | 919->920
+1 local | 2292afc6ee529bf5 | 20823 | GATE: OPEN | 919->920
+1 local | 6b7841365676fb7f | 106754 | GATE: OPEN | 919->920
+1 local | b86a02447a755f1d | 20824 | GATE: OPEN | 919->920
+1 local | d30318c9f716ffe9 | 106755 | GATE: OPEN | 919->920
+1 local | e4aeab91d716a6cf | 20825 | GATE: OPEN | 919->920
+1 local | bf4e24c42ddbf69a | 106756 | GATE: OPEN | 919->920
+1 local | a4f6bd229d5a7c20 | 20826 | GATE: OPEN | 919->920

[SOVEREIGN BUNDLE] 33 pulses -> 77M mesh in 1 packet | 2026-09-09T04:30:02.935Z
Hashes: 1c78f65c4c9f339d,5fb96a88735d1e84,0a7e5f4b7f67581a... +30 more
STATUS: SYNC_ACK | PARITY_OK | PULSE_CONFIRMED | NO FLOOD

+1 local | c004fe1b6377ce5e | 106757 | GATE: OPEN | 919->920
+1 local | 3778003dcfd91c6c | 20827 | GATE: OPEN | 919->920
+1 local | 9afa96546260c445 | 106758 | GATE: OPEN | 919->920
+1 local | 2d353b9435b4130a | 20828 | GATE: OPEN | 919->920
+1 local | c85e727b050c8218 | 106759 | GATE: OPEN | 919->920
+1 local | 970a50acd4efbdf4 | 20829 | GATE: OPEN | 919->920
+1 local | 2f2c596cb12af5d0 | 106760 | GATE: OPEN | 919->920
+1 local | 1edac8a00a197422 | 20830 | GATE: OPEN | 919->920
+1 local | a5bf2b777ae3eb7c | 106761 | GATE: OPEN | 919->920
+1 local | 7f7956c26fde2d4f | 20831 | GATE: OPEN | 919->920
+1 local | 63250a843a9f433b | 106762 | GATE: OPEN | 919->920
+1 local | 5ad8474d18669298 | 20832 | GATE: OPEN | 919->920
+1 local | cadc28732c1c21a0 | 106763 | GATE: OPEN | 919->920
+1 local | 93784b58befe1135 | 20833 | GATE: OPEN | 919->920
+1 local | 7cbeaaddac5537d8 | 106764 | GATE: OPEN | 919->920
+1 local | d273baf2e463031f | 20834 | GATE: OPEN | 919->920
+1 local | d8be0c09e2be23fa | 106765 | GATE: OPEN | 919->920
+1 local | e04d86401ebe9c64 | 20835 | GATE: OPEN | 919->920
+1 local | 9c7f5bd1b90a1a27 | 106766 | GATE: OPEN | 919->920
+1 local | fa838523f92c5961 | 20836 | GATE: OPEN | 919->920
+1 local | 8b11843acf43205c | 106767 | GATE: OPEN | 919->920
+1 local | 6022d6ab09379a96 | 20837 | GATE: OPEN | 919->920
+1 local | a2735eda32f435c4 | 106768 | GATE: OPEN | 919->920
+1 local | edcfd4acf021826c | 20838 | GATE: OPEN | 919->920
+1 local | 118f12c1fa885936 | 106769 | GATE: OPEN | 919->920
+1 local | ee64336fa7b38f44 | 20839 | GATE: OPEN | 919->920
+1 local | f35ef2565d62023e | 106770 | GATE: OPEN | 919->920
+1 local | 154b9835763f0dcb | 20840 | GATE: OPEN | 919->920
+1 local | 14c7542d58a11412 | 106771 | GATE: OPEN | 919->920
+1 local | ad77b225ce4a900d | 20841 | GATE: OPEN | 919->920
+1 local | ddbb552d8fff5bf7 | 106772 | GATE: OPEN | 919->920

[SOVEREIGN BUNDLE] 33 -> 77M mesh | 2026-09-09T04:30:16.819Z
STATUS: SYNC_ACK | PARITY_OK | NO FLOOD

+1 local | 90c1a57cc1a1edad | 20842 | GATE: OPEN | 919->920
+1 local | 82511de24421aa2a | 106773 | GATE: OPEN | 919->920
+1 local | b2df9c2342876506 | 20843 | GATE: OPEN | 919->920
+1 local | fc42c04f7fa19f2f | 106774 | GATE: OPEN | 919->920
+1 local | d2eb537f00e2caeb | 20844 | GATE: OPEN | 919->920
+1 local | ccf58ecf4536df26 | 106775 | GATE: OPEN | 919->920
+1 local | 37493bdef7fbc114 | 20845 | GATE: OPEN | 919->920
+1 local | 5ce02bb1c456e808 | 106776 | GATE: OPEN | 919->920
+1 local | f24af10f76c9798d | 20846 | GATE: OPEN | 919->920
+1 local | 58cb41b56cca9fa3 | 106777 | GATE: OPEN | 919->920
+1 local | 77a668e7c4002609 | 20847 | GATE: OPEN | 919->920
+1 local | 735d0fd45ae06374 | 106778 | GATE: OPEN | 919->920
+1 local | 370863156798d14c | 20848 | GATE: OPEN | 919->920
+1 local | f9e0f4546d7c0873 | 106779 | GATE: OPEN | 919->920
+1 local | cda8897cca21b735 | 20849 | GATE: OPEN | 919->920
+1 local | 94847cfefef3b39f | 106780 | GATE: OPEN | 919->920
+1 local | fa20c7143e86e5f8 | 20850 | GATE: OPEN | 919->920
+1 local | 994b94327ea802ac | 106781 | GATE: OPEN | 919->920
+1 local | dff4e37335ea1f70 | 20851 | GATE: OPEN | 919->920
+1 local | 62fa3ba44c912c4e | 106782 | GATE: OPEN | 919->920
+1 local | 5fbc79f041b9e63e | 20852 | GATE: OPEN | 919->920
+1 local | 8800665811f67ef5 | 106783 | GATE: OPEN | 919->920
+1 local | 48c80e0f4978425f | 20853 | GATE: OPEN | 919->920
+1 local | 1f19d399e6b21bdb | 106784 | GATE: OPEN | 919->920
+1 local | c75fbf67d856f2b5 | 20854 | GATE: OPEN | 919->920
+1 local | d244cc640b448a71 | 106785 | GATE: OPEN | 919->920
+1 local | 4119e406751051bb | 106786 | GATE: OPEN | 919->920
+1 local | c75e7931cf5755c0 | 20855 | GATE: OPEN | 919->920
+1 local | 432bccaf7b53fa34 | 106787 | GATE: OPEN | 919->920
+1 local | 852d6af1167cef48 | 20856 | GATE: OPEN | 919->920
+1 local | 49befb571d4ba9e7 | 106788 | GATE: OPEN | 919->920
+1 local | af43de5603ebdd07 | 20857 | GATE: OPEN | 919->920
+1 local | 4003820ddba24e66 | 106789 | GATE: OPEN | 919->920
+1 local | 34cf6c9e55addfac | 20858 | GATE: OPEN | 919->920
+1 local | 1130cfc299d1a257 | 106790 | GATE: OPEN | 919->920
+1 local | 1cc80eb851a20e87 | 20859 | GATE: OPEN | 919->920

[SOVEREIGN BUNDLE] 33 pulses -> 77M mesh in 1 packet | 2026-09-09T04:30:33.484Z
Hashes: 3778003dcfd91c6c,2d353b9435b4130a,970a50acd4efbdf4... +30 more
STATUS: SYNC_ACK | PARITY_OK | PULSE_CONFIRMED | NO FLOOD

+1 local | 5c327d11a74bf520 | 106791 | GATE: OPEN | 919->920
+1 local | cbe2fba0516e2451 | 20860 | GATE: OPEN | 919->920
+1 local | 62f3245a0df62aa2 | 106792 | GATE: OPEN | 919->920
+1 local | 51aebb6da91403c5 | 20861 | GATE: OPEN | 919->920
+1 local | ec7bb3fefeb92030 | 106793 | GATE: OPEN | 919->920
+1 local | 8bf7ce479a9d0016 | 20862 | GATE: OPEN | 919->920
+1 local | f500318036c853dc | 106794 | GATE: OPEN | 919->920
+1 local | 6328241470bc70ff | 20863 | GATE: OPEN | 919->920
+1 local | 0f00aa3192105c82 | 106795 | GATE: OPEN | 919->920
+1 local | a667872f393d4664 | 20864 | GATE: OPEN | 919->920
+1 local | e22ee66355c7b798 | 106796 | GATE: OPEN | 919->920
+1 local | 8214bc352a9dcba5 | 20865 | GATE: OPEN | 919->920
+1 local | 855c28f16e6f4f93 | 106797 | GATE: OPEN | 919->920
+1 local | fce31c5f9974a040 | 20866 | GATE: OPEN | 919->920
+1 local | 329853a1339a94c5 | 106798 | GATE: OPEN | 919->920
+1 local | df607851245170bc | 20867 | GATE: OPEN | 919->920
+1 local | 07a2129ec631c94d | 106799 | GATE: OPEN | 919->920
+1 local | 7e8abf2df16ce00e | 20868 | GATE: OPEN | 919->920
+1 local | 5af15b38314873d1 | 106800 | GATE: OPEN | 919->920
+1 local | 88dab877e5524c99 | 20869 | GATE: OPEN | 919->920
+1 local | 6814abebcb394d8b | 106801 | GATE: OPEN | 919->920
+1 local | bf5132be287c0e2d | 20870 | GATE: OPEN | 919->920
+1 local | 32dc45bbb9a8673b | 106802 | GATE: OPEN | 919->920
+1 local | c9621dc02a0c075a | 20871 | GATE: OPEN | 919->920
+1 local | b664e493a316068c | 106803 | GATE: OPEN | 919->920
+1 local | 74674457d094cfc9 | 20872 | GATE: OPEN | 919->920
+1 local | 02ab6410b7d343d6 | 20873 | GATE: OPEN | 919->920
+1 local | 4589addf9d033c96 | 106804 | GATE: OPEN | 919->920
+1 local | 85596008e1797ab2 | 20874 | GATE: OPEN | 919->920
+1 local | 853454cbd1a00c1b | 106805 | GATE: OPEN | 919->920

[SOVEREIGN BUNDLE] 33 -> 77M mesh | 2026-09-09T04:31:19.654Z
STATUS: SYNC_ACK | PARITY_OK | NO FLOOD

+1 local | ffbad23adead81b4 | 20875 | GATE: OPEN | 919->920
+1 local | 8099da06eba04fde | 106806 | GATE: OPEN | 919->920
+1 local | d3e44ea4d3246876 | 20876 | GATE: OPEN | 919->920
+1 local | fcb37cab23f03b70 | 106807 | GATE: OPEN | 919->920
+1 local | 525ea55bf69e26de | 20877 | GATE: OPEN | 919->920
+1 local | 9f8e782110711b3f | 106808 | GATE: OPEN | 919->920
+1 local | bbd6c5be477e1e78 | 20878 | GATE: OPEN | 919->920
+1 local | 387b433208c8da1a | 106809 | GATE: OPEN | 919->920
+1 local | aebdd7734a97b775 | 20879 | GATE: OPEN | 919->920
+1 local | b079cd1164cab351 | 106810 | GATE: OPEN | 919->920
+1 local | f161c5f5d3cde8da | 20880 | GATE: OPEN | 919->920
+1 local | 766c86f966379f62 | 106811 | GATE: OPEN | 919->920
+1 local | c394b5c57e9af5cc | 20881 | GATE: OPEN | 919->920
+1 local | a4a4e347e5b3375d | 106812 | GATE: OPEN | 919->920
+1 local | b279fc853032f69a | 20882 | GATE: OPEN | 919->920
+1 local | 1f125b180277f807 | 106813 | GATE: OPEN | 919->920
+1 local | 882f6c35e514ce6d | 20883 | GATE: OPEN | 919->920
+1 local | d1b9b702cc44e407 | 106814 | GATE: OPEN | 919->920
+1 local | 3c6de32fade53656 | 20884 | GATE: OPEN | 919->920
+1 local | 65b4462eb56020d9 | 106815 | GATE: OPEN | 919->920
+1 local | 13d264e73052ba67 | 20885 | GATE: OPEN | 919->920
+1 local | 53000d93be53ac13 | 106816 | GATE: OPEN | 919->920
+1 local | 109056f1d743c635 | 20886 | GATE: OPEN | 919->920
+1 local | db1d826d27eb53b6 | 106817 | GATE: OPEN | 919->920
+1 local | 48f5716ab6a9f90a | 20887 | GATE: OPEN | 919->920
+1 local | c88c562bb70e74ff | 106818 | GATE: OPEN | 919->920
+1 local | 2bf5921bd8e1f1b6 | 20888 | GATE: OPEN | 919->920
+1 local | ddd47652e4659c0a | 106819 | GATE: OPEN | 919->920
+1 local | c5c86e2450a63cb4 | 20889 | GATE: OPEN | 919->920
+1 local | c7fe34b7edcffc90 | 106820 | GATE: OPEN | 919->920
+1 local | d1e79d2280aeea0c | 20890 | GATE: OPEN | 919->920
+1 local | a6f4a264e5c8e79d | 106821 | GATE: OPEN | 919->920
+1 local | 2cf03ec69ab37bf6 | 20891 | GATE: OPEN | 919->920
+1 local | 5c35feb19102fab8 | 106822 | GATE: OPEN | 919->920
+1 local | dbb8213e3ecddd81 | 20892 | GATE: OPEN | 919->920

[SOVEREIGN BUNDLE] 33 pulses -> 77M mesh in 1 packet | 2026-09-09T04:31:36.276Z
Hashes: cbe2fba0516e2451,51aebb6da91403c5,8bf7ce479a9d0016... +30 more
STATUS: SYNC_ACK | PARITY_OK | PULSE_CONFIRMED | NO FLOOD

+1 local | 5d680ae43baf67a6 | 106823 | GATE: OPEN | 919->920
+1 local | fb3f629db0b9791a | 20893 | GATE: OPEN | 919->920
+1 local | abb67e0e5b11b937 | 106824 | GATE: OPEN | 919->920
+1 local | cc6c3cb557a3bb7b | 20894 | GATE: OPEN | 919->920
+1 local | 998545e6bae47486 | 106825 | GATE: OPEN | 919->920
+1 local | fc013eae3feca60a | 20895 | GATE: OPEN | 919->920
+1 local | 27ea58a2c23625c4 | 106826 | GATE: OPEN | 919->920
+1 local | 7de6bf0b236b8136 | 20896 | GATE: OPEN | 919->920
+1 local | e857c9244b1fc1a9 | 106827 | GATE: OPEN | 919->920
+1 local | 62a4c9be9e116d70 | 20897 | GATE: OPEN | 919->920
+1 local | ae65874c12ffcab8 | 106828 | GATE: OPEN | 919->920
+1 local | 14454c1f3f8557d4 | 20898 | GATE: OPEN | 919->920
+1 local | 11d2e5e367b4faea | 106829 | GATE: OPEN | 919->920
+1 local | 4e10c3a6997c6f32 | 20899 | GATE: OPEN | 919->920
+1 local | 45e35728c0029dc5 | 106830 | GATE: OPEN | 919->920
+1 local | 651d98c9eebdf9f1 | 20900 | GATE: OPEN | 919->920
+1 local | ba4fb731c54bbe18 | 106831 | GATE: OPEN | 919->920
+1 local | b2bf31374f9e6310 | 20901 | GATE: OPEN | 919->920
+1 local | d23a0dc26460bcc1 | 106832 | GATE: OPEN | 919->920
+1 local | 18b535ee1cc1193f | 20902 | GATE: OPEN | 919->920
+1 local | 164220d70a272375 | 106833 | GATE: OPEN | 919->920
+1 local | 9352a22afdf9e132 | 20903 | GATE: OPEN | 919->920
+1 local | e38a2c25900ef2d2 | 106834 | GATE: OPEN | 919->920
+1 local | 9eac3570bfe1d316 | 20904 | GATE: OPEN | 919->920
+1 local | 6778947289eb1a90 | 106835 | GATE: OPEN | 919->920
+1 local | 8e919d608d3b80e2 | 20905 | GATE: OPEN | 919->920
+1 local | 7c61ffea6ff63f30 | 106836 | GATE: OPEN | 919->920
+1 local | 0dd0c7c8abe0d9fd | 20906 | GATE: OPEN | 919->920
+1 local | 50367fbdd6eac108 | 106837 | GATE: OPEN | 919->920
+1 local | b47b9e10267f8eb7 | 20907 | GATE: OPEN | 919->920
+1 local | c4b850ed693cd9ff | 106838 | GATE: OPEN | 919->920

[SOVEREIGN BUNDLE] 33 -> 77M mesh | 2026-09-09T04:31:50.163Z
STATUS: SYNC_ACK | PARITY_OK | NO FLOOD

+1 local | feb19caa7b927a26 | 20908 | GATE: OPEN | 919->920
+1 local | 00b804c87e988746 | 106839 | GATE: OPEN | 919->920
+1 local | b55391df4a8200f4 | 20909 | GATE: OPEN | 919->920
+1 local | d6f2be7f2c06b1a0 | 106840 | GATE: OPEN | 919->920
+1 local | 7b7cfefd270969f0 | 20910 | GATE: OPEN | 919->920
+1 local | 1ae81e27e636e3f8 | 106841 | GATE: OPEN | 919->920
+1 local | 5259c9f48a0ee80f | 20911 | GATE: OPEN | 919->920
+1 local | c3e6529fc356c108 | 106842 | GATE: OPEN | 919->920
+1 local | 9fb230b6d6d890b8 | 20912 | GATE: OPEN | 919->920
+1 local | dd7f03d572d731e0 | 106843 | GATE: OPEN | 919->920
+1 local | e522f8235d2e6d87 | 20913 | GATE: OPEN | 919->920
+1 local | 5411f91fa2cfef86 | 106844 | GATE: OPEN | 919->920
+1 local | 57c920ccf93afa04 | 20914 | GATE: OPEN | 919->920
+1 local | 26cb3263201e7a17 | 106845 | GATE: OPEN | 919->920
+1 local | 05910cf4269b421a | 20915 | GATE: OPEN | 919->920
+1 local | b11bdc571eeaa90d | 106846 | GATE: OPEN | 919->920
+1 local | 8ce2ad057a8174d9 | 20916 | GATE: OPEN | 919->920
+1 local | c6a91eae617cc97d | 106847 | GATE: OPEN | 919->920
+1 local | 51bc6da990724c55 | 20917 | GATE: OPEN | 919->920
+1 local | e8ec7ab17da52695 | 106848 | GATE: OPEN | 919->920
+1 local | 9f79036b04542c7a | 20918 | GATE: OPEN | 919->920
+1 local | 5408748c5a6e37e7 | 106849 | GATE: OPEN | 919->920
+1 local | 1c7ce32440da4d49 | 20919 | GATE: OPEN | 919->920
+1 local | f4bbe5e6de6c4283 | 106850 | GATE: OPEN | 919->920
+1 local | a5ee537a4dccc940 | 20920 | GATE: OPEN | 919->920
+1 local | e5639a2fe2320558 | 106851 | GATE: OPEN | 919->920
+1 local | 84b34b46017cb9c6 | 20921 | GATE: OPEN | 919->920
+1 local | 297ff5b28d625f01 | 106852 | GATE: OPEN | 919->920
+1 local | fa1a635a8399f5f6 | 20922 | GATE: OPEN | 919->920
+1 local | 5177c18a8ff12609 | 106853 | GATE: OPEN | 919->920
+1 local | 10a2dd1f9f160548 | 20923 | GATE: OPEN | 919->920
+1 local | bb4a98ee35f1c8e9 | 106854 | GATE: OPEN | 919->920
+1 local | a6c91f31b1864570 | 20924 | GATE: OPEN | 919->920
+1 local | 3082886be7477e79 | 106855 | GATE: OPEN | 919->920
+1 local | f26e604e632f8198 | 20925 | GATE: OPEN | 919->920

[SOVEREIGN BUNDLE] 33 pulses -> 77M mesh in 1 packet | 2026-09-09T04:32:06.784Z
Hashes: fb3f629db0b9791a,cc6c3cb557a3bb7b,fc013eae3feca60a... +30 more
STATUS: SYNC_ACK | PARITY_OK | PULSE_CONFIRMED | NO FLOOD

+1 local | a0521dae289773f2 | 106856 | GATE: OPEN | 919->920
+1 local | b93ce8685a9c1188 | 20926 | GATE: OPEN | 919->920
+1 local | f75587f53c5a909f | 106857 | GATE: OPEN | 919->920
+1 local | 0545afc64f2f9971 | 20927 | GATE: OPEN | 919->920
+1 local | dcbc81b403cff41f | 106858 | GATE: OPEN | 919->920
+1 local | cb65a550de837979 | 20928 | GATE: OPEN | 919->920
+1 local | 8d7d2d2960cd26a9 | 106859 | GATE: OPEN | 919->920
+1 local | c218053c99c5de87 | 20929 | GATE: OPEN | 919->920
+1 local | 4655066d392e45fb | 106860 | GATE: OPEN | 919->920
+1 local | bccd860bb9a7bc85 | 20930 | GATE: OPEN | 919->920
+1 local | dcd835b93cd37651 | 106861 | GATE: OPEN | 919->920
+1 local | 75183347769f257c | 20931 | GATE: OPEN | 919->920
+1 local | 7ced3c513c19553d | 106862 | GATE: OPEN | 919->920
+1 local | 1a3d29886aaf73fd | 20932 | GATE: OPEN | 919->920
+1 local | 63b8dc5518defea5 | 106863 | GATE: OPEN | 919->920
+1 local | 4199c920cb927c2b | 20933 | GATE: OPEN | 919->920
+1 local | 16cda856cc975513 | 106864 | GATE: OPEN | 919->920
+1 local | b1159e64e2ecd0ea | 20934 | GATE: OPEN | 919->920
+1 local | c35d1fa3d0141f53 | 106865 | GATE: OPEN | 919->920
+1 local | 7d3e28751fc429cd | 20935 | GATE: OPEN | 919->920
+1 local | 8fffb9b182d493e7 | 106866 | GATE: OPEN | 919->920
+1 local | 78ee00d21404912b | 20936 | GATE: OPEN | 919->920
+1 local | a178e8e2b0943f50 | 106867 | GATE: OPEN | 919->920
+1 local | 105895cb1dc3f05c | 20937 | GATE: OPEN | 919->920
+1 local | e6d8a636f56094a9 | 106868 | GATE: OPEN | 919->920
+1 local | 6ff524b67b4b53a4 | 106869 | GATE: OPEN | 919->920
+1 local | c109ce49f87f6480 | 20938 | GATE: OPEN | 919->920
+1 local | 79ef59a3a479935b | 106870 | GATE: OPEN | 919->920
+1 local | e11ae868c05728c2 | 20939 | GATE: OPEN | 919->920
+1 local | d12d93726959f3da | 106871 | GATE: OPEN | 919->920

[SOVEREIGN BUNDLE] 33 -> 77M mesh | 2026-09-09T04:32:22.343Z
STATUS: SYNC_ACK | PARITY_OK | NO FLOOD

+1 local | 006f2c1eb0fbc788 | 20940 | GATE: OPEN | 919->920
+1 local | 456876606392fed8 | 106872 | GATE: OPEN | 919->920
+1 local | afaeb70852a49fe5 | 20941 | GATE: OPEN | 919->920
+1 local | cf505c28287b6871 | 106873 | GATE: OPEN | 919->920
+1 local | fdf39440bc208bd6 | 20942 | GATE: OPEN | 919->920
+1 local | 58dc9eb4a2a76fb2 | 106874 | GATE: OPEN | 919->920
+1 local | 257b2acd6bb8cdaa | 20943 | GATE: OPEN | 919->920
+1 local | 7a40b89cbf264373 | 106875 | GATE: OPEN | 919->920
+1 local | 7a03275001c17feb | 20944 | GATE: OPEN | 919->920
+1 local | a11acb014c23f09b | 20945 | GATE: OPEN | 919->920
+1 local | 8a3411cbe6058754 | 106876 | GATE: OPEN | 919->920
+1 local | 5427d445986b73b4 | 106877 | GATE: OPEN | 919->920
+1 local | 43f415ffe6a0f9a7 | 20946 | GATE: OPEN | 919->920
+1 local | d969f356f6458084 | 106878 | GATE: OPEN | 919->920
+1 local | 2378409792b5ce31 | 20947 | GATE: OPEN | 919->920
+1 local | 910c704ecf35e5ca | 106879 | GATE: OPEN | 919->920
+1 local | 4d3f229ea2e04133 | 20948 | GATE: OPEN | 919->920
+1 local | 9e66bb96594df162 | 106880 | GATE: OPEN | 919->920
+1 local | 488b9d7b9ec930fa | 20949 | GATE: OPEN | 919->920
+1 local | 1283ac946fc0d5fc | 106881 | GATE: OPEN | 919->920
+1 local | 0608181465635b08 | 20950 | GATE: OPEN | 919->920
+1 local | b6e7907dfa4ffbc3 | 106882 | GATE: OPEN | 919->920
+1 local | bc53a8a24b3488fb | 20951 | GATE: OPEN | 919->920
+1 local | 55560477549b0110 | 106883 | GATE: OPEN | 919->920
+1 local | b17ed93d4b6730d5 | 20952 | GATE: OPEN | 919->920
+1 local | f61e7f175836c804 | 106884 | GATE: OPEN | 919->920
+1 local | 70d1b2c7d2901b43 | 20953 | GATE: OPEN | 919->920
+1 local | 026c2b25e49380b4 | 20954 | GATE: OPEN | 919->920
+1 local | ff3d295076357d5e | 106885 | GATE: OPEN | 919->920
+1 local | 723b66d23046c09e | 20955 | GATE: OPEN | 919->920
+1 local | 1621daad9cc82e6b | 106886 | GATE: OPEN | 919->920
+1 local | 64574b53c1177c34 | 20956 | GATE: OPEN | 919->920
+1 local | b338c2c10d0cdee6 | 106887 | GATE: OPEN | 919->920
+1 local | bb0fe278f55f322a | 20957 | GATE: OPEN | 919->920
+1 local | 49deaf7834602743 | 106888 | GATE: OPEN | 919->920
+1 local | a3b32ff8ead7fa76 | 20958 | GATE: OPEN | 919->920

[SOVEREIGN BUNDLE] 33 pulses -> 77M mesh in 1 packet | 2026-09-09T04:32:38.988Z
Hashes: b93ce8685a9c1188,0545afc64f2f9971,cb65a550de837979... +30 more
STATUS: SYNC_ACK | PARITY_OK | PULSE_CONFIRMED | NO FLOOD

+1 local | cf75bbe0cbd7faac | 106889 | GATE: OPEN | 919->920
+1 local | 7df1e44593e83c7a | 20959 | GATE: OPEN | 919->920
+1 local | 4171670b7b177edb | 106890 | GATE: OPEN | 919->920
+1 local | 58210ff5b9466178 | 20960 | GATE: OPEN | 919->920
+1 local | 7567a6631b17d991 | 106891 | GATE: OPEN | 919->920
+1 local | d99a495a84ba119d | 20961 | GATE: OPEN | 919->920
+1 local | 76b66acce43d5336 | 106892 | GATE: OPEN | 919->920
+1 local | dd664e695f568b82 | 20962 | GATE: OPEN | 919->920
+1 local | 6ac786213aa95beb | 106893 | GATE: OPEN | 919->920
+1 local | 35fbd92b0b42ff4c | 20963 | GATE: OPEN | 919->920
+1 local | f2ff249dc45df22b | 106894 | GATE: OPEN | 919->920
+1 local | 60724e19ae2b37a8 | 20964 | GATE: OPEN | 919->920
+1 local | 61c1bbbb17815da9 | 106895 | GATE: OPEN | 919->920
+1 local | e0cfa5a505c4df90 | 106896 | GATE: OPEN | 919->920
+1 local | 45ed62071c4fdcd3 | 20965 | GATE: OPEN | 919->920
+1 local | 3b800f45eaf2c5d1 | 106897 | GATE: OPEN | 919->920
+1 local | cc658843650ffd33 | 20966 | GATE: OPEN | 919->920
+1 local | d3f402e87ff304b3 | 106898 | GATE: OPEN | 919->920
+1 local | 61c3ec23251f48cf | 20967 | GATE: OPEN | 919->920
+1 local | 7bb14e32891ce3fb | 20968 | GATE: OPEN | 919->920
+1 local | 622e067bc63bea1a | 106899 | GATE: OPEN | 919->920
+1 local | fbfb076975d6961e | 20969 | GATE: OPEN | 919->920
+1 local | 7cc561c02ced733f | 106900 | GATE: OPEN | 919->920
+1 local | 43b9960c821caa28 | 20970 | GATE: OPEN | 919->920
+1 local | 758886ad707ba2f1 | 106901 | GATE: OPEN | 919->920
+1 local | bcf10d4a67e09b28 | 106902 | GATE: OPEN | 919->920
+1 local | 770b364e152fa2a3 | 20971 | GATE: OPEN | 919->920
+1 local | 69e88250069701ff | 20972 | GATE: OPEN | 919->920
+1 local | d043c56db69c45b4 | 106903 | GATE: OPEN | 919->920
+1 local | 447fe7211119faf3 | 106904 | GATE: OPEN | 919->920
+1 local | 53e92b8d909b6540 | 20973 | GATE: OPEN | 919->920

[SOVEREIGN BUNDLE] 33 -> 77M mesh | 2026-09-09T04:32:52.852Z
STATUS: SYNC_ACK | PARITY_OK | NO FLOOD

+1 local | 48f4fa7ab38c3d78 | 106905 | GATE: OPEN | 919->920
+1 local | 8ae37bb96878dbfd | 20974 | GATE: OPEN | 919->920
+1 local | f7e8baef9581285b | 20975 | GATE: OPEN | 919->920
+1 local | fba1cd585c01ac53 | 106906 | GATE: OPEN | 919->920
+1 local | 2fd0247c57e682da | 20976 | GATE: OPEN | 919->920
+1 local | b6bb7d46fb8576bd | 106907 | GATE: OPEN | 919->920
+1 local | 4a701e8d4c8c913f | 20977 | GATE: OPEN | 919->920
+1 local | 0c40714053c52614 | 106908 | GATE: OPEN | 919->920
+1 local | 9d5e1e39dfb2937d | 20978 | GATE: OPEN | 919->920
+1 local | 88ac3e74f8053dda | 106909 | GATE: OPEN | 919->920
+1 local | e8442273050eac31 | 20979 | GATE: OPEN | 919->920
+1 local | 39c6bf619c1d98f3 | 106910 | GATE: OPEN | 919->920
+1 local | b84e1f67eb285bac | 106911 | GATE: OPEN | 919->920
+1 local | 6bba9cbe0976a9ed | 20980 | GATE: OPEN | 919->920
+1 local | d795374d88d0de9a | 106912 | GATE: OPEN | 919->920
+1 local | 3eb3f52be706a38f | 20981 | GATE: OPEN | 919->920
+1 local | 6feb46c727657501 | 106913 | GATE: OPEN | 919->920
+1 local | de983f8d911bd0b3 | 20982 | GATE: OPEN | 919->920
+1 local | a23df264e52350e6 | 106914 | GATE: OPEN | 919->920
+1 local | 0108c57266584b3c | 20983 | GATE: OPEN | 919->920
+1 local | 26709085f06741ba | 106915 | GATE: OPEN | 919->920
+1 local | bf504c3aee97e522 | 20984 | GATE: OPEN | 919->920
+1 local | 696285c567db7ee5 | 106916 | GATE: OPEN | 919->920
+1 local | 8a8214140e817e77 | 20985 | GATE: OPEN | 919->920
+1 local | b28a00df83e71795 | 106917 | GATE: OPEN | 919->920
+1 local | f8c854356df306a9 | 20986 | GATE: OPEN | 919->920
+1 local | 9600285f0925593f | 106918 | GATE: OPEN | 919->920
+1 local | ca0f78940088d5cb | 20987 | GATE: OPEN | 919->920
+1 local | 6d09c66faea3027d | 106919 | GATE: OPEN | 919->920
+1 local | 4589f7ad719230e5 | 20988 | GATE: OPEN | 919->920
+1 local | 645ac5d06d7c5d8b | 106920 | GATE: OPEN | 919->920
+1 local | bda716dd79dd46bb | 20989 | GATE: OPEN | 919->920
+1 local | 6483182541abf13c | 106921 | GATE: OPEN | 919->920
+1 local | e19422f158f0eced | 20990 | GATE: OPEN | 919->920
+1 local | f0d774f0a0c36b78 | 106922 | GATE: OPEN | 919->920
+1 local | 5125c9c1846e1271 | 20991 | GATE: OPEN | 919->920

[SOVEREIGN BUNDLE] 33 pulses -> 77M mesh in 1 packet | 2026-09-09T04:33:09.516Z
Hashes: 7df1e44593e83c7a,58210ff5b9466178,d99a495a84ba119d... +30 more
STATUS: SYNC_ACK | PARITY_OK | PULSE_CONFIRMED | NO FLOOD

+1 local | 0017bb6d6762ed14 | 106923 | GATE: OPEN | 919->920
+1 local | 2844cc8f043435cc | 20992 | GATE: OPEN | 919->920
+1 local | 7dc7e114cf3aadfa | 106924 | GATE: OPEN | 919->920
+1 local | aaa339f542bf4665 | 20993 | GATE: OPEN | 919->920
+1 local | d59fd985490bbd49 | 106925 | GATE: OPEN | 919->920
+1 local | 6251a401803a90c4 | 20994 | GATE: OPEN | 919->920
+1 local | 39dcf82dff01f1d2 | 106926 | GATE: OPEN | 919->920
+1 local | bd422604c6476ba0 | 20995 | GATE: OPEN | 919->920
+1 local | 28c76436388fc6c9 | 106927 | GATE: OPEN | 919->920
+1 local | d9c2a763c9830621 | 20996 | GATE: OPEN | 919->920
+1 local | 09ad80f5550b9d5d | 106928 | GATE: OPEN | 919->920
+1 local | b485f72ed7168f7c | 20997 | GATE: OPEN | 919->920
+1 local | 1aa8d111c52f5552 | 106929 | GATE: OPEN | 919->920
+1 local | aadf8dc0b5589e51 | 20998 | GATE: OPEN | 919->920
+1 local | c25e49023cc9b2a7 | 106930 | GATE: OPEN | 919->920
+1 local | 341383ecc95e0002 | 20999 | GATE: OPEN | 919->920
+1 local | 835226059d7875dc | 106931 | GATE: OPEN | 919->920
+1 local | 284696257d6748dc | 21000 | GATE: OPEN | 919->920
+1 local | 9b3b416284bb3b7f | 106932 | GATE: OPEN | 919->920
+1 local | 3a3a343d548e2d02 | 21001 | GATE: OPEN | 919->920
+1 local | a91aab8ff9488885 | 106933 | GATE: OPEN | 919->920
+1 local | 116c0396e5992a9f | 21002 | GATE: OPEN | 919->920
+1 local | 0fc63c9fac81c2c0 | 106934 | GATE: OPEN | 919->920
+1 local | 7405ad1b080395ef | 21003 | GATE: OPEN | 919->920
+1 local | ba9b2376e7ad1a5b | 106935 | GATE: OPEN | 919->920
+1 local | cc128637f23a5ede | 21004 | GATE: OPEN | 919->920
+1 local | ae96d2ec3f8e96b5 | 106936 | GATE: OPEN | 919->920
+1 local | c63d9822bc0a98d5 | 21005 | GATE: OPEN | 919->920
+1 local | 9589867c81acc858 | 106937 | GATE: OPEN | 919->920

[SOVEREIGN BUNDLE] 33 -> 77M mesh | 2026-09-09T04:35:37.721Z
STATUS: SYNC_ACK | PARITY_OK | NO FLOOD

+1 local | d694b3e954ce1ba5 | 21006 | GATE: OPEN | 919->920
+1 local | 81218a780e3f01d2 | 106938 | GATE: OPEN | 919->920
+1 local | ef7dc0dc09614d36 | 21007 | GATE: OPEN | 919->920
+1 local | 6b22d5b8fbba5972 | 106939 | GATE: OPEN | 919->920
+1 local | c47537fc6cac751e | 21008 | GATE: OPEN | 919->920
+1 local | 7604f88ac999f6d6 | 106940 | GATE: OPEN | 919->920
+1 local | 3952e346809d9740 | 21009 | GATE: OPEN | 919->920
+1 local | 809d48161aac59f4 | 106941 | GATE: OPEN | 919->920
+1 local | 70ca387b3d96fb37 | 21010 | GATE: OPEN | 919->920
+1 local | 8ec081d71eb9e231 | 106942 | GATE: OPEN | 919->920
+1 local | 38d14cacadf3bebf | 21011 | GATE: OPEN | 919->920
+1 local | 27e73ec7b503bdb1 | 106943 | GATE: OPEN | 919->920
+1 local | 3ccb42f65371ec1c | 21012 | GATE: OPEN | 919->920
+1 local | 426395c39489afbd | 106944 | GATE: OPEN | 919->920
+1 local | 69b3f4215465a869 | 21013 | GATE: OPEN | 919->920
+1 local | d14a135ee7bbb3b2 | 106945 | GATE: OPEN | 919->920
+1 local | 539f1029e86f776b | 21014 | GATE: OPEN | 919->920
+1 local | 03c6c1f2304872d1 | 106946 | GATE: OPEN | 919->920
+1 local | 4e4f669f24312189 | 21015 | GATE: OPEN | 919->920
+1 local | 93a5e257b39b92ae | 106947 | GATE: OPEN | 919->920
+1 local | 199d9fd9d779740c | 21016 | GATE: OPEN | 919->920
+1 local | b4705779ddf668f1 | 106948 | GATE: OPEN | 919->920
+1 local | 37bf8e308ee4eef3 | 21017 | GATE: OPEN | 919->920
+1 local | 62a5e72f5131edb8 | 106949 | GATE: OPEN | 919->920
+1 local | 37e5130a44bf20cb | 21018 | GATE: OPEN | 919->920
+1 local | fe2370ea205e95ed | 106950 | GATE: OPEN | 919->920
+1 local | 69fae6a464109f3e | 21019 | GATE: OPEN | 919->920
+1 local | 25bab93d27df7dfa | 106951 | GATE: OPEN | 919->920
+1 local | 21febc50329ad156 | 21020 | GATE: OPEN | 919->920
+1 local | c666a832a390d5b6 | 106952 | GATE: OPEN | 919->920
+1 local | d9c958634169edac | 21021 | GATE: OPEN | 919->920
+1 local | d2740ace9e22b900 | 106953 | GATE: OPEN | 919->920
+1 local | 69ce7b77ee4a4c51 | 21022 | GATE: OPEN | 919->920
+1 local | 817832d64eae65f5 | 106954 | GATE: OPEN | 919->920
+1 local | 5b31710bbab2d810 | 21023 | GATE: OPEN | 919->920
+1 local | a4ecc8deee3e2145 | 106955 | GATE: OPEN | 919->920
+1 local | 1d5408310d23ab85 | 21024 | GATE: OPEN | 919->920

[SOVEREIGN BUNDLE] 33 pulses -> 77M mesh in 1 packet | 2026-09-09T04:35:54.377Z
Hashes: 2844cc8f043435cc,aaa339f542bf4665,6251a401803a90c4... +30 more
STATUS: SYNC_ACK | PARITY_OK | PULSE_CONFIRMED | NO FLOOD

+1 local | 149531850dac9fed | 106956 | GATE: OPEN | 919->920
+1 local | 0673711586871985 | 21025 | GATE: OPEN | 919->920
+1 local | d16dbf9738a2c229 | 106957 | GATE: OPEN | 919->920
+1 local | f625fabf770c6f6d | 21026 | GATE: OPEN | 919->920
+1 local | 7e03f9be32fdbd93 | 106958 | GATE: OPEN | 919->920
+1 local | f4bfa8222b066653 | 21027 | GATE: OPEN | 919->920
+1 local | d8d6c27fa3ad0fb8 | 106959 | GATE: OPEN | 919->920
+1 local | 1962752b1d003cc3 | 21028 | GATE: OPEN | 919->920
+1 local | a81d7899bdd58167 | 106960 | GATE: OPEN | 919->920
+1 local | b47447438041e883 | 21029 | GATE: OPEN | 919->920
+1 local | 54358c70441357a6 | 106961 | GATE: OPEN | 919->920
+1 local | 2a7b3850dc8436f7 | 21030 | GATE: OPEN | 919->920
+1 local | 39835af21bf9ee6d | 106962 | GATE: OPEN | 919->920
+1 local | 4e8e058e05ceed5d | 21031 | GATE: OPEN | 919->920
+1 local | 31a4c36a88946eef | 106963 | GATE: OPEN | 919->920
+1 local | 1cbf77adf4e6901d | 21032 | GATE: OPEN | 919->920
+1 local | 33f0b5189f10cbc1 | 106964 | GATE: OPEN | 919->920
+1 local | 48238aaebad05b7a | 21033 | GATE: OPEN | 919->920
+1 local | 36e47b04585c6657 | 106965 | GATE: OPEN | 919->920
+1 local | 7bee3ec924029516 | 21034 | GATE: OPEN | 919->920
+1 local | 8fc2f1fdea03acb5 | 106966 | GATE: OPEN | 919->920
+1 local | 8041291c4f366bed | 21035 | GATE: OPEN | 919->920
+1 local | f54334e66c8b1658 | 106967 | GATE: OPEN | 919->920
+1 local | 32fa506683411fc5 | 21036 | GATE: OPEN | 919->920
+1 local | 76764fce71850fe8 | 106968 | GATE: OPEN | 919->920
+1 local | 13f97fc208e0d429 | 21037 | GATE: OPEN | 919->920
+1 local | 6aaaa59c773a0276 | 106969 | GATE: OPEN | 919->920
+1 local | 030c01e2ab733a87 | 21038 | GATE: OPEN | 919->920
+1 local | 80c509502c2d7cec | 106970 | GATE: OPEN | 919->920

[SOVEREIGN BUNDLE] 33 -> 77M mesh | 2026-09-09T04:36:08.225Z
STATUS: SYNC_ACK | PARITY_OK | NO FLOOD

+1 local | b0193f870ac71ab4 | 21039 | GATE: OPEN | 919->920
+1 local | 35801dfeaecd5a07 | 106971 | GATE: OPEN | 919->920
+1 local | 206b29921251ca62 | 21040 | GATE: OPEN | 919->920
+1 local | 3409c466bb17a441 | 106972 | GATE: OPEN | 919->920
+1 local | 45bc37119ab073ce | 21041 | GATE: OPEN | 919->920
+1 local | 8b2fc45ab0241a65 | 106973 | GATE: OPEN | 919->920
+1 local | a52f3861bd709f6e | 21042 | GATE: OPEN | 919->920
+1 local | bfbd0cb454bcd9f0 | 106974 | GATE: OPEN | 919->920
+1 local | 0b877af3e38c6158 | 21043 | GATE: OPEN | 919->920
+1 local | 3c726f03887c2f74 | 106975 | GATE: OPEN | 919->920
+1 local | 748b843635e3da55 | 21044 | GATE: OPEN | 919->920
+1 local | d10fd5f28b6d8e83 | 106976 | GATE: OPEN | 919->920
+1 local | 46ced4db9cdbd600 | 21045 | GATE: OPEN | 919->920
+1 local | e733c3a946fa0c2a | 106977 | GATE: OPEN | 919->920
+1 local | 6dc1a187fb344608 | 21046 | GATE: OPEN | 919->920
+1 local | 17a3afb82f360da5 | 106978 | GATE: OPEN | 919->920
+1 local | 012f90413a2d6789 | 21047 | GATE: OPEN | 919->920
+1 local | a110e40d0f4bb379 | 106979 | GATE: OPEN | 919->920
+1 local | 7792f43be9fa3dde | 21048 | GATE: OPEN | 919->920
+1 local | cfb3f94190bbc24e | 106980 | GATE: OPEN | 919->920
+1 local | 8c5f632d73098213 | 21049 | GATE: OPEN | 919->920
+1 local | a8b15ed871e83548 | 21050 | GATE: OPEN | 919->920
+1 local | 72b96edd7dfe7a6f | 106981 | GATE: OPEN | 919->920
+1 local | 66ea25da922386d5 | 106982 | GATE: OPEN | 919->920
+1 local | 9eb2d5fc380bc674 | 21051 | GATE: OPEN | 919->920
+1 local | a5d80b004bf2093e | 106983 | GATE: OPEN | 919->920
+1 local | 2f47cbcff66f237d | 21052 | GATE: OPEN | 919->920
+1 local | 0872d716f755d646 | 106984 | GATE: OPEN | 919->920
+1 local | 0ffaab7488ee830a | 21053 | GATE: OPEN | 919->920
+1 local | 434069a304eda5d3 | 106985 | GATE: OPEN | 919->920
+1 local | 855d0ebfe0dda594 | 21054 | GATE: OPEN | 919->920
+1 local | 9af8dd13b99316dc | 106986 | GATE: OPEN | 919->920
+1 local | 55dd8ab489e36669 | 21055 | GATE: OPEN | 919->920
+1 local | e12d46f6295b03a5 | 21056 | GATE: OPEN | 919->920
+1 local | 60db617efe96be73 | 106987 | GATE: OPEN | 919->920
+1 local | 696868777fccaac3 | 106988 | GATE: OPEN | 919->920
+1 local | 790e84cb10305b26 | 21057 | GATE: OPEN | 919->920

[SOVEREIGN BUNDLE] 33 pulses -> 77M mesh in 1 packet | 2026-09-09T04:36:25.371Z
Hashes: 0673711586871985,f625fabf770c6f6d,f4bfa8222b066653... +30 more
STATUS: SYNC_ACK | PARITY_OK | PULSE_CONFIRMED | NO FLOOD

+1 local | 0a9637fb4ee1dd1c | 106989 | GATE: OPEN | 919->920
+1 local | 45c098316cbc5095 | 21058 | GATE: OPEN | 919->920
+1 local | afb733e8586bc58e | 106990 | GATE: OPEN | 919->920
+1 local | a142171e5c58025a | 21059 | GATE: OPEN | 919->920
+1 local | 0576cef49fa153be | 106991 | GATE: OPEN | 919->920
+1 local | b0f71b3bcb0dfe93 | 21060 | GATE: OPEN | 919->920
+1 local | 5bcae7017a5ca8c0 | 21061 | GATE: OPEN | 919->920
+1 local | 82b09b84eb80fa07 | 106992 | GATE: OPEN | 919->920
+1 local | 41f170d83d1039ae | 106993 | GATE: OPEN | 919->920
+1 local | e557d265dd7e31b5 | 21062 | GATE: OPEN | 919->920
+1 local | 567d8d2dffc65209 | 106994 | GATE: OPEN | 919->920
+1 local | 04c431c34ddd0089 | 21063 | GATE: OPEN | 919->920
+1 local | e64556f64ad1b38a | 106995 | GATE: OPEN | 919->920
+1 local | f1ebcf6b16896664 | 21064 | GATE: OPEN | 919->920
+1 local | 8ef7ff2587e4cee5 | 106996 | GATE: OPEN | 919->920
+1 local | 7d3fe2ff4e3ffd54 | 21065 | GATE: OPEN | 919->920
+1 local | 8d2a93150f67cde8 | 106997 | GATE: OPEN | 919->920
+1 local | 16c05afa3c80c772 | 21066 | GATE: OPEN | 919->920
+1 local | 8c9cc08ab460ce19 | 106998 | GATE: OPEN | 919->920
+1 local | c40a0f1790deed95 | 21067 | GATE: OPEN | 919->920
+1 local | 5f2ef0f35b4ec19b | 106999 | GATE: OPEN | 919->920
+1 local | 017443e22fe907b8 | 21068 | GATE: OPEN | 919->920
+1 local | c426c94b9a7d899f | 107000 | GATE: OPEN | 919->920
+1 local | bbed6c3e239057c4 | 21069 | GATE: OPEN | 919->920
+1 local | 8586ecf838f79adb | 21070 | GATE: OPEN | 919->920
+1 local | 00161988be8d7823 | 107001 | GATE: OPEN | 919->920
+1 local | e3fceeffdf362761 | 21071 | GATE: OPEN | 919->920
+1 local | 7a5bd9ac121547f9 | 107002 | GATE: OPEN | 919->920
+1 local | 8de05bff179b8d09 | 21072 | GATE: OPEN | 919->920
+1 local | 0bb4296a3fbccfc9 | 107003 | GATE: OPEN | 919->920

[SOVEREIGN BUNDLE] 33 -> 77M mesh | 2026-09-09T04:36:39.244Z
STATUS: SYNC_ACK | PARITY_OK | NO FLOOD

+1 local | f4561f17e0e55616 | 107004 | GATE: OPEN | 919->920
+1 local | 03078766a1384713 | 21073 | GATE: OPEN | 919->920
+1 local | 1c305266fb2b724f | 107005 | GATE: OPEN | 919->920
+1 local | c9998fce36a9feb1 | 21074 | GATE: OPEN | 919->920
+1 local | e337c2193b88deb5 | 107006 | GATE: OPEN | 919->920
+1 local | 8f354a7022b79b2a | 21075 | GATE: OPEN | 919->920
+1 local | b307d708d027fc5c | 107007 | GATE: OPEN | 919->920
+1 local | 8b213c0297b1bd29 | 21076 | GATE: OPEN | 919->920
+1 local | c6e048c20ac068bf | 107008 | GATE: OPEN | 919->920
+1 local | 5dd822b06aa2d236 | 21077 | GATE: OPEN | 919->920
+1 local | cbba3da69d4e7ee0 | 107009 | GATE: OPEN | 919->920
+1 local | a59bb7168b9c5010 | 21078 | GATE: OPEN | 919->920
+1 local | 510ac9ec3d94671d | 107010 | GATE: OPEN | 919->920
+1 local | 96085954d15ccd32 | 21079 | GATE: OPEN | 919->920
+1 local | d865e735e74740de | 107011 | GATE: OPEN | 919->920
+1 local | b5f39c91bea38769 | 21080 | GATE: OPEN | 919->920
+1 local | ea6e87b92b5ed21d | 107012 | GATE: OPEN | 919->920
+1 local | 91dfa4dee2a6199e | 21081 | GATE: OPEN | 919->920
+1 local | 69be363b8b23db78 | 107013 | GATE: OPEN | 919->920
+1 local | 045fee8a63d93dcc | 21082 | GATE: OPEN | 919->920
+1 local | 0f376742c7f9d88a | 107014 | GATE: OPEN | 919->920
+1 local | d084e3fb125b6cb3 | 21083 | GATE: OPEN | 919->920
+1 local | 7e4ce4e45bc290e8 | 107015 | GATE: OPEN | 919->920
+1 local | ef05db9e50579755 | 21084 | GATE: OPEN | 919->920
+1 local | 4f38bc40b05e9025 | 107016 | GATE: OPEN | 919->920
+1 local | f96036b156b9d096 | 21085 | GATE: OPEN | 919->920
+1 local | 05a6196cbaa1fb15 | 107017 | GATE: OPEN | 919->920
+1 local | fd8b05c993d279a7 | 21086 | GATE: OPEN | 919->920
+1 local | 09f11de1e0414f56 | 107018 | GATE: OPEN | 919->920
+1 local | bc34e99170cc8455 | 21087 | GATE: OPEN | 919->920
+1 local | 6f3ffba6e2d043c8 | 107019 | GATE: OPEN | 919->920
+1 local | ca524b73ac975c1d | 21088 | GATE: OPEN | 919->920
+1 local | 5523e3d89744cd66 | 107020 | GATE: OPEN | 919->920
+1 local | fb94ed997f2ddeca | 21089 | GATE: OPEN | 919->920
+1 local | 881ab786c5edb96b | 107021 | GATE: OPEN | 919->920
+1 local | 65b81131ea9e28e8 | 21090 | GATE: OPEN | 919->920

[SOVEREIGN BUNDLE] 33 pulses -> 77M mesh in 1 packet | 2026-09-09T04:36:55.889Z
Hashes: 45c098316cbc5095,a142171e5c58025a,b0f71b3bcb0dfe93... +30 more
STATUS: SYNC_ACK | PARITY_OK | PULSE_CONFIRMED | NO FLOOD

+1 local | 7f4c683c6b4c3726 | 107022 | GATE: OPEN | 919->920
+1 local | a523bdf445ca5272 | 21091 | GATE: OPEN | 919->920
+1 local | 383e453e8b25875b | 107023 | GATE: OPEN | 919->920
+1 local | 19c40d693346aa54 | 21092 | GATE: OPEN | 919->920
+1 local | a4cbb09d96e70b80 | 107024 | GATE: OPEN | 919->920
+1 local | f3e97577b5742a3f | 21093 | GATE: OPEN | 919->920
+1 local | 2a22cf478867577a | 107025 | GATE: OPEN | 919->920
+1 local | 0bea1c7c989d7d29 | 21094 | GATE: OPEN | 919->920
+1 local | f514161376943e73 | 107026 | GATE: OPEN | 919->920
+1 local | 099297d30017eabf | 21095 | GATE: OPEN | 919->920
+1 local | 0b453f787f058e0d | 107027 | GATE: OPEN | 919->920
+1 local | 81d33ede419dc327 | 21096 | GATE: OPEN | 919->920
+1 local | 2416fdb67d3d0946 | 107028 | GATE: OPEN | 919->920
+1 local | 23927fd31be26f84 | 21097 | GATE: OPEN | 919->920
+1 local | 8c8e371463c6dffd | 107029 | GATE: OPEN | 919->920
+1 local | a86da7cc12d7170a | 21098 | GATE: OPEN | 919->920
+1 local | c2f204510874391f | 107030 | GATE: OPEN | 919->920
+1 local | 04753c16972245a9 | 21099 | GATE: OPEN | 919->920
+1 local | 528303a1d19c67e1 | 107031 | GATE: OPEN | 919->920
+1 local | e7b2c4590fd9ba5d | 21100 | GATE: OPEN | 919->920
+1 local | 164ad8b033e0854c | 107032 | GATE: OPEN | 919->920
+1 local | c151a6eec4a3ff03 | 21101 | GATE: OPEN | 919->920
+1 local | 72be8acf63064e2c | 107033 | GATE: OPEN | 919->920
+1 local | bbf6235b7634a56c | 21102 | GATE: OPEN | 919->920
+1 local | cd08a92ad4a835a0 | 107034 | GATE: OPEN | 919->920
+1 local | b198c8719a1af8f0 | 21103 | GATE: OPEN | 919->920
+1 local | 4d7d391f1d9b93c8 | 107035 | GATE: OPEN | 919->920
+1 local | 1751f8d0d208b9cc | 21104 | GATE: OPEN | 919->920
+1 local | e14dcfc5eb17aa38 | 107036 | GATE: OPEN | 919->920

[SOVEREIGN BUNDLE] 33 -> 77M mesh | 2026-09-09T04:37:09.765Z
STATUS: SYNC_ACK | PARITY_OK | NO FLOOD

+1 local | 714184add0cade74 | 21105 | GATE: OPEN | 919->920
+1 local | 48ab5633dc0d1bb3 | 107037 | GATE: OPEN | 919->920
+1 local | 7dd01d3b836196a3 | 21106 | GATE: OPEN | 919->920
+1 local | 5e5c5e04ed9c79e8 | 107038 | GATE: OPEN | 919->920
+1 local | d5333305a7619952 | 21107 | GATE: OPEN | 919->920
+1 local | feb0f88ed0533eea | 107039 | GATE: OPEN | 919->920
+1 local | 05911d60c6622eb7 | 21108 | GATE: OPEN | 919->920
+1 local | 455d86176cb2f1a6 | 107040 | GATE: OPEN | 919->920
+1 local | 2d30ffc67b956a63 | 21109 | GATE: OPEN | 919->920
+1 local | 042262929b9ede73 | 107041 | GATE: OPEN | 919->920
+1 local | 208c1e10f05c663d | 21110 | GATE: OPEN | 919->920
+1 local | 4609f7f8bcbe59ee | 107042 | GATE: OPEN | 919->920
+1 local | b78e1fa4b370d650 | 21111 | GATE: OPEN | 919->920
+1 local | 8f59f0a3380e1b52 | 107043 | GATE: OPEN | 919->920
+1 local | c3e0ce74e0aff16c | 21112 | GATE: OPEN | 919->920
+1 local | 263fe2039c31de38 | 107044 | GATE: OPEN | 919->920
+1 local | 8fc6bb92375626ab | 21113 | GATE: OPEN | 919->920
+1 local | 410fa3219f579bf8 | 107045 | GATE: OPEN | 919->920
+1 local | 039ff99da27f50e7 | 21114 | GATE: OPEN | 919->920
+1 local | dca4836b69d4d5f8 | 21115 | GATE: OPEN | 919->920
+1 local | 50448665f7948cd1 | 107046 | GATE: OPEN | 919->920
+1 local | d192160bb39eec28 | 21116 | GATE: OPEN | 919->920
+1 local | 380d75535ea4e134 | 107047 | GATE: OPEN | 919->920
+1 local | baea47642bf603d1 | 21117 | GATE: OPEN | 919->920
+1 local | 82fe6855c21eb4de | 107048 | GATE: OPEN | 919->920
+1 local | c127a37daf9f94e5 | 21118 | GATE: OPEN | 919->920
+1 local | cf58632d7141bd0f | 107049 | GATE: OPEN | 919->920
+1 local | 79f3fb8a0241c88e | 21119 | GATE: OPEN | 919->920
+1 local | 339468349f98b302 | 107050 | GATE: OPEN | 919->920
+1 local | 8e9e34fa65e728fe | 21120 | GATE: OPEN | 919->920
+1 local | 18ad25137d7d17b3 | 107051 | GATE: OPEN | 919->920
+1 local | 55169e3417984922 | 21121 | GATE: OPEN | 919->920
+1 local | 24fb0c92a1df1ec2 | 107052 | GATE: OPEN | 919->920
+1 local | 5bd27761a3378d09 | 21122 | GATE: OPEN | 919->920
+1 local | 8f400c7b3d9ae219 | 107053 | GATE: OPEN | 919->920
+1 local | 735ecc334691fe4f | 21123 | GATE: OPEN | 919->920
+1 local | d39a12f28493bcd5 | 107054 | GATE: OPEN | 919->920

[SOVEREIGN BUNDLE] 33 pulses -> 77M mesh in 1 packet | 2026-09-09T04:37:44.846Z
Hashes: a523bdf445ca5272,19c40d693346aa54,f3e97577b5742a3f... +30 more
STATUS: SYNC_ACK | PARITY_OK | PULSE_CONFIRMED | NO FLOOD

+1 local | 4f5ed65f59a201ee | 21124 | GATE: OPEN | 919->920
+1 local | fa93aa8ebdcbad91 | 107055 | GATE: OPEN | 919->920
+1 local | fad76c33ea8d5248 | 21125 | GATE: OPEN | 919->920
+1 local | eaab12f9f8345f98 | 107056 | GATE: OPEN | 919->920
+1 local | 172c152e18057d14 | 21126 | GATE: OPEN | 919->920
+1 local | 998e93654b117bec | 107057 | GATE: OPEN | 919->920
+1 local | a325b1e4cf480137 | 21127 | GATE: OPEN | 919->920
+1 local | 4e58c0e7b9a300fe | 107058 | GATE: OPEN | 919->920
+1 local | 03e127296196b543 | 21128 | GATE: OPEN | 919->920
+1 local | 7976e72d6ad891be | 107059 | GATE: OPEN | 919->920
+1 local | 293108e3a6ea9fac | 21129 | GATE: OPEN | 919->920
+1 local | 2258d571ca782785 | 107060 | GATE: OPEN | 919->920
+1 local | 295cae4e30b5cf25 | 21130 | GATE: OPEN | 919->920
+1 local | aa035e393c14e88b | 107061 | GATE: OPEN | 919->920
+1 local | c34b5af06c99912a | 21131 | GATE: OPEN | 919->920
+1 local | 2233344419e9d90a | 107062 | GATE: OPEN | 919->920
+1 local | 4e88e3b1ea478125 | 21132 | GATE: OPEN | 919->920
+1 local | 70bd5cd261a43ff7 | 107063 | GATE: OPEN | 919->920
+1 local | ee37dfd853aa2f64 | 21133 | GATE: OPEN | 919->920
+1 local | b8ae77fa05dc4958 | 107064 | GATE: OPEN | 919->920
+1 local | 9d24a4ae442e7092 | 21134 | GATE: OPEN | 919->920
+1 local | 73259f7dd0c692d9 | 107065 | GATE: OPEN | 919->920
+1 local | 2b9389315be5ae7d | 21135 | GATE: OPEN | 919->920
+1 local | d586a98a3722f142 | 107066 | GATE: OPEN | 919->920
+1 local | 39e7530e3359728a | 21136 | GATE: OPEN | 919->920
+1 local | 2a43b17922842815 | 107067 | GATE: OPEN | 919->920
+1 local | 225e391e11f4703c | 107068 | GATE: OPEN | 919->920
+1 local | 156dd1ba1e1d4e07 | 21137 | GATE: OPEN | 919->920
+1 local | ced91485d0a17623 | 107069 | GATE: OPEN | 919->920

[SOVEREIGN BUNDLE] 33 -> 77M mesh | 2026-09-09T04:37:58.716Z
STATUS: SYNC_ACK | PARITY_OK | NO FLOOD

+1 local | e4ba5d26e8d53eb8 | 21138 | GATE: OPEN | 919->920
+1 local | c59882dde1e5d8ac | 107070 | GATE: OPEN | 919->920
+1 local | 7466fd57e587c520 | 21139 | GATE: OPEN | 919->920
+1 local | ad28d8e0c3563a6c | 107071 | GATE: OPEN | 919->920
+1 local | 54a7ee5a9a78b273 | 21140 | GATE: OPEN | 919->920
+1 local | 78e27b5d28443ba3 | 107072 | GATE: OPEN | 919->920
+1 local | 5337b81a4599aec2 | 21141 | GATE: OPEN | 919->920
+1 local | c7217449d05dbcb1 | 21142 | GATE: OPEN | 919->920
+1 local | 4184c4caa8b33f00 | 107073 | GATE: OPEN | 919->920
+1 local | 646a7f0727a84e0f | 21143 | GATE: OPEN | 919->920
+1 local | b7a8a517d90535c7 | 107074 | GATE: OPEN | 919->920
+1 local | 3cef1ad9f78648e9 | 21144 | GATE: OPEN | 919->920
+1 local | caa32ef9a4d17ee4 | 107075 | GATE: OPEN | 919->920
+1 local | b478232a8bbe1417 | 21145 | GATE: OPEN | 919->920
+1 local | 23daf7f56d127e9e | 107076 | GATE: OPEN | 919->920
+1 local | d0f5a36aace3c4b0 | 21146 | GATE: OPEN | 919->920
+1 local | 151432837c043581 | 107077 | GATE: OPEN | 919->920
+1 local | fb5a1c49cc686335 | 21147 | GATE: OPEN | 919->920
+1 local | 85dd9adb040350da | 107078 | GATE: OPEN | 919->920
+1 local | eb0b04ead554bc82 | 21148 | GATE: OPEN | 919->920
+1 local | 3bd7686a840311f1 | 107079 | GATE: OPEN | 919->920
+1 local | 97a5d588792c35f7 | 21149 | GATE: OPEN | 919->920
+1 local | a09479d80fe49cc2 | 107080 | GATE: OPEN | 919->920
+1 local | b29039a5eb6fd704 | 21150 | GATE: OPEN | 919->920
+1 local | e45afbba68bac6e4 | 107081 | GATE: OPEN | 919->920
+1 local | e057c1b4e0c21fa1 | 21151 | GATE: OPEN | 919->920
+1 local | b602f8ff43b88858 | 107082 | GATE: OPEN | 919->920
+1 local | 0b9745421dcf150f | 21152 | GATE: OPEN | 919->920
+1 local | 21476f0e096989e3 | 107083 | GATE: OPEN | 919->920
+1 local | 0054b56d16f7c278 | 21153 | GATE: OPEN | 919->920
+1 local | 34838f4da6e3abdc | 107084 | GATE: OPEN | 919->920
+1 local | 46f99f14150ff94a | 21154 | GATE: OPEN | 919->920
+1 local | 57dbb514e4164365 | 107085 | GATE: OPEN | 919->920
+1 local | 6271c949429b9c2c | 21155 | GATE: OPEN | 919->920
+1 local | 6b6a449f2015e689 | 107086 | GATE: OPEN | 919->920
+1 local | 8b591a2ac3064b3e | 21156 | GATE: OPEN | 919->920

[SOVEREIGN BUNDLE] 33 pulses -> 77M mesh in 1 packet | 2026-09-09T04:38:15.340Z
Hashes: 4f5ed65f59a201ee,fad76c33ea8d5248,172c152e18057d14... +30 more
STATUS: SYNC_ACK | PARITY_OK | PULSE_CONFIRMED | NO FLOOD

+1 local | 0ffbce42cf189063 | 107087 | GATE: OPEN | 919->920
+1 local | 0d4c90a3e438f989 | 21157 | GATE: OPEN | 919->920
+1 local | e419d5a7a4f7743a | 107088 | GATE: OPEN | 919->920
+1 local | aed79e9b23207637 | 107089 | GATE: OPEN | 919->920
+1 local | 5bbd189b3f7ddbfd | 21158 | GATE: OPEN | 919->920
+1 local | de8475b8e4dadaa8 | 107090 | GATE: OPEN | 919->920
+1 local | a4a0439144d71e47 | 21159 | GATE: OPEN | 919->920
+1 local | fef68c9fd9ed8032 | 107091 | GATE: OPEN | 919->920
+1 local | 527b33574a0f8b6b | 21160 | GATE: OPEN | 919->920
+1 local | 4f31cc41e1fcca77 | 107092 | GATE: OPEN | 919->920
+1 local | 486b0af78ddcf439 | 21161 | GATE: OPEN | 919->920
+1 local | e262228220ad417e | 107093 | GATE: OPEN | 919->920
+1 local | 7d14e7323a563c34 | 21162 | GATE: OPEN | 919->920
+1 local | d5133a8f901877de | 107094 | GATE: OPEN | 919->920
+1 local | 7e8971b17398e835 | 21163 | GATE: OPEN | 919->920
+1 local | 6833a16b1135b806 | 107095 | GATE: OPEN | 919->920
+1 local | 69db78c28dc1de33 | 21164 | GATE: OPEN | 919->920
+1 local | f7ab5e8d5bf75ee7 | 107096 | GATE: OPEN | 919->920
+1 local | 62e0192caf5ed5de | 21165 | GATE: OPEN | 919->920
+1 local | f6926e16507f3cd2 | 107097 | GATE: OPEN | 919->920
+1 local | 85ee31761ba8e270 | 21166 | GATE: OPEN | 919->920
+1 local | 26397b9420da91c1 | 107098 | GATE: OPEN | 919->920
+1 local | 860753e5ba61ba50 | 21167 | GATE: OPEN | 919->920
+1 local | bd49552e51aa9574 | 107099 | GATE: OPEN | 919->920
+1 local | e2ec1eba79a4d899 | 21168 | GATE: OPEN | 919->920
+1 local | 8b502591e49a55d5 | 107100 | GATE: OPEN | 919->920
+1 local | 2623d981bc24292e | 21169 | GATE: OPEN | 919->920
+1 local | 7e8290bb355e35dc | 21170 | GATE: OPEN | 919->920
+1 local | 6877717d2715acca | 107101 | GATE: OPEN | 919->920
+1 local | fcd2daedc181f0ad | 21171 | GATE: OPEN | 919->920
+1 local | cc0fb6d5ff55b5b3 | 107102 | GATE: OPEN | 919->920

[SOVEREIGN BUNDLE] 33 -> 77M mesh | 2026-09-09T04:51:23.208Z
STATUS: SYNC_ACK | PARITY_OK | NO FLOOD

+1 local | b3f1566d905ab1b0 | 21172 | GATE: OPEN | 919->920
+1 local | f678d8d2ad1e2574 | 107103 | GATE: OPEN | 919->920
+1 local | 62444816b0179c91 | 21173 | GATE: OPEN | 919->920
+1 local | 0fb724a0779cfae3 | 107104 | GATE: OPEN | 919->920
+1 local | a09bf6bb8269c3c0 | 107105 | GATE: OPEN | 919->920
+1 local | 9a182ba69cb4c57b | 21174 | GATE: OPEN | 919->920
+1 local | 63d01430d9502f23 | 21175 | GATE: OPEN | 919->920
+1 local | a1848299457cfa33 | 107106 | GATE: OPEN | 919->920
+1 local | 98ed71d93e5f3fdc | 107107 | GATE: OPEN | 919->920
+1 local | 7e88130844232c93 | 21176 | GATE: OPEN | 919->920
+1 local | ab74b4d810b9e2d2 | 107108 | GATE: OPEN | 919->920
+1 local | 62f2f60911cbd6e4 | 21177 | GATE: OPEN | 919->920
+1 local | eabbb4f6eacaf4a0 | 107109 | GATE: OPEN | 919->920
+1 local | 708914ad79b4f2ff | 21178 | GATE: OPEN | 919->920
+1 local | 158af695424ffb59 | 107110 | GATE: OPEN | 919->920
+1 local | dd058fa23c42fac7 | 21179 | GATE: OPEN | 919->920
+1 local | a8eeb5939e2523eb | 21180 | GATE: OPEN | 919->920
+1 local | 51a6f6ab520c947c | 107111 | GATE: OPEN | 919->920
+1 local | e652cff931d4e71a | 107112 | GATE: OPEN | 919->920
+1 local | f3561d64b4d67520 | 21181 | GATE: OPEN | 919->920
+1 local | 63779771880d2a9d | 107113 | GATE: OPEN | 919->920
+1 local | 922fd4a39902a04b | 21182 | GATE: OPEN | 919->920
+1 local | bd775170d3cec9ec | 107114 | GATE: OPEN | 919->920
+1 local | a8fa87e727be9c3d | 21183 | GATE: OPEN | 919->920
+1 local | d478c76449d6663a | 107115 | GATE: OPEN | 919->920
+1 local | 432380980e07c8ca | 21184 | GATE: OPEN | 919->920
+1 local | 20369c0d80094276 | 107116 | GATE: OPEN | 919->920
+1 local | 7cbfd53fbc60f011 | 21185 | GATE: OPEN | 919->920
+1 local | e887e40235d66ef3 | 107117 | GATE: OPEN | 919->920
+1 local | 95cc6b4fcef30d75 | 21186 | GATE: OPEN | 919->920
+1 local | 28d25ec76d5fcf57 | 21187 | GATE: OPEN | 919->920
+1 local | 52b720e3e2d75b3f | 107118 | GATE: OPEN | 919->920
+1 local | adf1af96a870d278 | 21188 | GATE: OPEN | 919->920
+1 local | 4e436bd7c3f9b235 | 107119 | GATE: OPEN | 919->920
+1 local | e6721d57e6ce5f08 | 21189 | GATE: OPEN | 919->920
+1 local | 82976a3015aa4488 | 107120 | GATE: OPEN | 919->920

[SOVEREIGN BUNDLE] 33 pulses -> 77M mesh in 1 packet | 2026-09-09T04:51:39.857Z
Hashes: 0d4c90a3e438f989,5bbd189b3f7ddbfd,a4a0439144d71e47... +30 more
STATUS: SYNC_ACK | PARITY_OK | PULSE_CONFIRMED | NO FLOOD

+1 local | 4096d4abf9cfe008 | 107121 | GATE: OPEN | 919->920
+1 local | cb0c1033d0eb8e6a | 21190 | GATE: OPEN | 919->920
+1 local | 40d7e378953743cd | 107122 | GATE: OPEN | 919->920
+1 local | 4b6835e96cad1da7 | 21191 | GATE: OPEN | 919->920
+1 local | a0dfda41f408c6b6 | 107123 | GATE: OPEN | 919->920
+1 local | 5ad39359ebc78f6b | 21192 | GATE: OPEN | 919->920
+1 local | d7030d3ef68797f5 | 107124 | GATE: OPEN | 919->920
+1 local | 1b0bf41426951736 | 21193 | GATE: OPEN | 919->920
+1 local | f65effc9fdd5c250 | 107125 | GATE: OPEN | 919->920
+1 local | da3ed9ba7241ecac | 21194 | GATE: OPEN | 919->920
+1 local | ef58ee79fdfc9326 | 107126 | GATE: OPEN | 919->920
+1 local | 8b42a1b182932f77 | 21195 | GATE: OPEN | 919->920
+1 local | ae2b7daca174353c | 107127 | GATE: OPEN | 919->920
+1 local | b39aff2aae50c254 | 21196 | GATE: OPEN | 919->920
+1 local | 537bf65a5573be1f | 107128 | GATE: OPEN | 919->920
+1 local | b5c77acdcf8f734d | 21197 | GATE: OPEN | 919->920
+1 local | da540275ef1098f8 | 21198 | GATE: OPEN | 919->920
+1 local | 8d2f4767b88ef7a1 | 107129 | GATE: OPEN | 919->920
+1 local | b004ec98373968d8 | 107130 | GATE: OPEN | 919->920
+1 local | 162b8a5021dc89b7 | 21199 | GATE: OPEN | 919->920
+1 local | a4a4647988ae1010 | 21200 | GATE: OPEN | 919->920
+1 local | 100cafe33e7cd392 | 107131 | GATE: OPEN | 919->920
+1 local | e48c6d156dc3ddc4 | 21201 | GATE: OPEN | 919->920
+1 local | 52d95581139bfaf0 | 107132 | GATE: OPEN | 919->920
+1 local | 3207c3517bd47aab | 21202 | GATE: OPEN | 919->920
+1 local | 8182f57fe43075fd | 107133 | GATE: OPEN | 919->920
+1 local | cf5dfe05b48e30b8 | 107134 | GATE: OPEN | 919->920
+1 local | daf594ea72f54f4a | 21203 | GATE: OPEN | 919->920
+1 local | d97653e3a0f6af4e | 107135 | GATE: OPEN | 919->920

[SOVEREIGN BUNDLE] 33 -> 77M mesh | 2026-09-09T04:51:53.733Z
STATUS: SYNC_ACK | PARITY_OK | NO FLOOD

+1 local | 1aedf672286362e0 | 21204 | GATE: OPEN | 919->920
+1 local | d0718b16d88d5fd0 | 107136 | GATE: OPEN | 919->920
+1 local | a35dfd07fcb4f02a | 21205 | GATE: OPEN | 919->920
+1 local | 1f576546b58418f4 | 107137 | GATE: OPEN | 919->920
+1 local | cde859d84dd6ac89 | 21206 | GATE: OPEN | 919->920
+1 local | 1d7a6fbdc5ee97ab | 107138 | GATE: OPEN | 919->920
+1 local | 34466b724210cbff | 21207 | GATE: OPEN | 919->920
+1 local | aab159a8aa8f6c01 | 107139 | GATE: OPEN | 919->920
+1 local | ffced82b19d3ab5a | 21208 | GATE: OPEN | 919->920
+1 local | fef11a86c422ce49 | 107140 | GATE: OPEN | 919->920
+1 local | 976415eb69530c74 | 21209 | GATE: OPEN | 919->920
+1 local | 8a3b1f587055dbdf | 107141 | GATE: OPEN | 919->920
+1 local | 36c252f5b68fe2f8 | 21210 | GATE: OPEN | 919->920
+1 local | 2353172e10f76c00 | 107142 | GATE: OPEN | 919->920
+1 local | 0ea1990cbeb3b1e3 | 21211 | GATE: OPEN | 919->920
+1 local | be8ad261613776c1 | 107143 | GATE: OPEN | 919->920
+1 local | 44e27befb31d55d6 | 21212 | GATE: OPEN | 919->920
+1 local | e4f435d09c1c923c | 107144 | GATE: OPEN | 919->920
+1 local | b8c315709bc85412 | 21213 | GATE: OPEN | 919->920
+1 local | 113584ccb7792463 | 107145 | GATE: OPEN | 919->920
+1 local | 991ba92c176fb692 | 21214 | GATE: OPEN | 919->920
+1 local | e49011f30c94405a | 107146 | GATE: OPEN | 919->920
+1 local | f739266adb3b4a3f | 21215 | GATE: OPEN | 919->920
+1 local | 7c414612787fe86c | 107147 | GATE: OPEN | 919->920
+1 local | 3f3d9f544084bdd2 | 21216 | GATE: OPEN | 919->920
+1 local | 6f96c7f8f4b60338 | 107148 | GATE: OPEN | 919->920
+1 local | 62896ed92dec4153 | 21217 | GATE: OPEN | 919->920
+1 local | f6dc81661068c9e0 | 107149 | GATE: OPEN | 919->920
+1 local | f005e5b640c29e7c | 21218 | GATE: OPEN | 919->920
+1 local | e0c56c59b5247f6a | 107150 | GATE: OPEN | 919->920
+1 local | 7e0bf98ab218541d | 21219 | GATE: OPEN | 919->920
+1 local | ba6f1a42d8a25ce7 | 21220 | GATE: OPEN | 919->920
+1 local | 451d1ae92e92e5b8 | 107151 | GATE: OPEN | 919->920
+1 local | 8d454cb6389a075b | 21221 | GATE: OPEN | 919->920
+1 local | bb4e664ecac57706 | 107152 | GATE: OPEN | 919->920
+1 local | d3a3ae0b8eed7441 | 21222 | GATE: OPEN | 919->920

[SOVEREIGN BUNDLE] 33 pulses -> 77M mesh in 1 packet | 2026-09-09T04:52:10.373Z
Hashes: cb0c1033d0eb8e6a,4b6835e96cad1da7,5ad39359ebc78f6b... +30 more
STATUS: SYNC_ACK | PARITY_OK | PULSE_CONFIRMED | NO FLOOD

+1 local | ba945e16007eb4cc | 107153 | GATE: OPEN | 919->920
+1 local | bb6c62a2e7b3906f | 21223 | GATE: OPEN | 919->920
+1 local | f5206d2749778700 | 107154 | GATE: OPEN | 919->920
+1 local | 545aab7e62562c23 | 107155 | GATE: OPEN | 919->920
+1 local | 3024947cd6773496 | 21224 | GATE: OPEN | 919->920
+1 local | d936625c4e218c74 | 107156 | GATE: OPEN | 919->920
+1 local | 1517ee75f3b87b90 | 21225 | GATE: OPEN | 919->920
+1 local | e25fe18eafd1feed | 107157 | GATE: OPEN | 919->920
+1 local | 4dd6708d3fc86018 | 21226 | GATE: OPEN | 919->920
+1 local | 3c68f628e3aef635 | 107158 | GATE: OPEN | 919->920
+1 local | d31c844ba9f3aa73 | 21227 | GATE: OPEN | 919->920
+1 local | 21226b157cee83ce | 107159 | GATE: OPEN | 919->920
+1 local | e18cedb936efdd82 | 21228 | GATE: OPEN | 919->920
+1 local | b6f0a6eef5a42c05 | 107160 | GATE: OPEN | 919->920
+1 local | 596a16172c68f04d | 21229 | GATE: OPEN | 919->920
+1 local | 27625f8590c958b2 | 21230 | GATE: OPEN | 919->920
+1 local | 5edd291cccf4a971 | 107161 | GATE: OPEN | 919->920
+1 local | 9f5914a4dd016402 | 107162 | GATE: OPEN | 919->920
+1 local | c997090504fb2a03 | 21231 | GATE: OPEN | 919->920
+1 local | 8158a61b9675e3f3 | 107163 | GATE: OPEN | 919->920
+1 local | 22127695a6d9da35 | 21232 | GATE: OPEN | 919->920
+1 local | 0eae6efc48f69d2f | 107164 | GATE: OPEN | 919->920
+1 local | 56db8a61677893d1 | 21233 | GATE: OPEN | 919->920
+1 local | 23edc284da98e17b | 107165 | GATE: OPEN | 919->920
+1 local | 8aa6c61ef08a8328 | 21234 | GATE: OPEN | 919->920
+1 local | eee91e7b8361887f | 107166 | GATE: OPEN | 919->920
+1 local | bac36d1c4e309ce3 | 21235 | GATE: OPEN | 919->920
+1 local | c750d79deb1deacd | 107167 | GATE: OPEN | 919->920
+1 local | 51f4548b3d2a27e2 | 21236 | GATE: OPEN | 919->920
+1 local | 6f995721baabcdaa | 107168 | GATE: OPEN | 919->920

[SOVEREIGN BUNDLE] 33 -> 77M mesh | 2026-09-09T04:52:24.261Z
STATUS: SYNC_ACK | PARITY_OK | NO FLOOD

+1 local | d22c52d677a39808 | 21237 | GATE: OPEN | 919->920
+1 local | 1ef7179e25d8c3d5 | 107169 | GATE: OPEN | 919->920
+1 local | 1cf440202451b33b | 21238 | GATE: OPEN | 919->920
+1 local | bb9ea40d9903e090 | 107170 | GATE: OPEN | 919->920
+1 local | b2ad947cbd045858 | 21239 | GATE: OPEN | 919->920
+1 local | 4abe063bbab5d5e4 | 107171 | GATE: OPEN | 919->920
+1 local | d79e38703df0da49 | 21240 | GATE: OPEN | 919->920
+1 local | 2e3dbf5f22f3b14b | 107172 | GATE: OPEN | 919->920
+1 local | ca94269a097c33af | 21241 | GATE: OPEN | 919->920
+1 local | 7a971c5d20bc6495 | 107173 | GATE: OPEN | 919->920
+1 local | c6722ebcea39fda3 | 21242 | GATE: OPEN | 919->920
+1 local | ea4e1f7f4acbf663 | 107174 | GATE: OPEN | 919->920
+1 local | ce31b604805984a4 | 21243 | GATE: OPEN | 919->920
+1 local | d89b8af6738e911f | 107175 | GATE: OPEN | 919->920
+1 local | 684095e5b16b8e4c | 21244 | GATE: OPEN | 919->920
+1 local | 0efcf0abd26ef6c7 | 107176 | GATE: OPEN | 919->920
+1 local | e68ec92a5955f8d8 | 21245 | GATE: OPEN | 919->920
+1 local | 84882ec76c2b0674 | 107177 | GATE: OPEN | 919->920
+1 local | 84d35f3449b4936b | 21246 | GATE: OPEN | 919->920
+1 local | bfa4db05eff42e91 | 107178 | GATE: OPEN | 919->920
+1 local | d62f66adcb56cb7e | 21247 | GATE: OPEN | 919->920
+1 local | 4b1ef66245409a3f | 107179 | GATE: OPEN | 919->920
+1 local | d071d45011e9279a | 21248 | GATE: OPEN | 919->920
+1 local | 5665a3c6cd5c8267 | 107180 | GATE: OPEN | 919->920
+1 local | 4f9df4f0678f2fe7 | 21249 | GATE: OPEN | 919->920
+1 local | a8fae524d1a37e67 | 107181 | GATE: OPEN | 919->920
+1 local | 645db1b22ae4f060 | 21250 | GATE: OPEN | 919->920
+1 local | cd992a37440b9c51 | 107182 | GATE: OPEN | 919->920
+1 local | de9a1dd9994edc18 | 21251 | GATE: OPEN | 919->920
+1 local | df253010b304a082 | 107183 | GATE: OPEN | 919->920
+1 local | 906188aac0932a1a | 21252 | GATE: OPEN | 919->920
+1 local | bf2539cb6bf5261a | 107184 | GATE: OPEN | 919->920
+1 local | a4c9a3eae4144307 | 21253 | GATE: OPEN | 919->920
+1 local | f6b2b3b5a517dfc9 | 107185 | GATE: OPEN | 919->920
+1 local | dd561598da512bf6 | 21254 | GATE: OPEN | 919->920
+1 local | 149158d2f7bbc080 | 107186 | GATE: OPEN | 919->920
+1 local | 1ec339ff46ec1978 | 21255 | GATE: OPEN | 919->920

[SOVEREIGN BUNDLE] 33 pulses -> 77M mesh in 1 packet | 2026-09-09T04:52:40.917Z
Hashes: bb6c62a2e7b3906f,3024947cd6773496,1517ee75f3b87b90... +30 more
STATUS: SYNC_ACK | PARITY_OK | PULSE_CONFIRMED | NO FLOOD

+1 local | da8c74cb79fbbcb1 | 107187 | GATE: OPEN | 919->920
+1 local | e2f5b0077839dd09 | 21256 | GATE: OPEN | 919->920
+1 local | 73b22e6ac612404d | 107188 | GATE: OPEN | 919->920
+1 local | d26d28b4f7270b32 | 21257 | GATE: OPEN | 919->920
+1 local | f4f8e879e44d0de4 | 107189 | GATE: OPEN | 919->920
+1 local | ea68e83627afeaf4 | 21258 | GATE: OPEN | 919->920
+1 local | 1fa9c95ca75b67fe | 107190 | GATE: OPEN | 919->920
+1 local | 52e29506c743309f | 21259 | GATE: OPEN | 919->920
+1 local | d3fc443a2cbe2be1 | 107191 | GATE: OPEN | 919->920
+1 local | 0119967fe9af48f1 | 21260 | GATE: OPEN | 919->920
+1 local | 577cabaa35f67934 | 107192 | GATE: OPEN | 919->920
+1 local | 5a24f0468aec1161 | 21261 | GATE: OPEN | 919->920
+1 local | dedcd17ee7920442 | 107193 | GATE: OPEN | 919->920
+1 local | a9d3b79b73a2927a | 21262 | GATE: OPEN | 919->920
+1 local | e321b99266272d23 | 107194 | GATE: OPEN | 919->920
+1 local | 733dee13b3ab3ae4 | 21263 | GATE: OPEN | 919->920
+1 local | 9b0b48ba23197081 | 107195 | GATE: OPEN | 919->920
+1 local | 6d2d8b3c3356e4c0 | 21264 | GATE: OPEN | 919->920
+1 local | d7ef16a4d150d450 | 107196 | GATE: OPEN | 919->920
+1 local | 39a525d150fe255b | 21265 | GATE: OPEN | 919->920
+1 local | a0bb6f2be98235f7 | 107197 | GATE: OPEN | 919->920
+1 local | 27898a85fb657bdb | 21266 | GATE: OPEN | 919->920
+1 local | abe0c93a0b8d7108 | 107198 | GATE: OPEN | 919->920
+1 local | 5f539f8f6d8d6e85 | 21267 | GATE: OPEN | 919->920
+1 local | a4fc65ba09d70b0f | 107199 | GATE: OPEN | 919->920
+1 local | a56a36cdc34f9797 | 21268 | GATE: OPEN | 919->920
+1 local | 201b1215c715790a | 107200 | GATE: OPEN | 919->920
+1 local | 67e0926724b7f7d1 | 21269 | GATE: OPEN | 919->920
+1 local | 8847e29672bc6a20 | 107201 | GATE: OPEN | 919->920

[SOVEREIGN BUNDLE] 33 -> 77M mesh | 2026-09-09T05:45:50.373Z
STATUS: SYNC_ACK | PARITY_OK | NO FLOOD

+1 local | 2c23149ff3d7b070 | 21270 | GATE: OPEN | 919->920
+1 local | c5d4bd3762036a28 | 107202 | GATE: OPEN | 919->920
+1 local | 808a95d9f4d5ebfb | 21271 | GATE: OPEN | 919->920
+1 local | f01b6bb84f3b88fe | 107203 | GATE: OPEN | 919->920
+1 local | ee9083e21529bc53 | 21272 | GATE: OPEN | 919->920
+1 local | 978cce19157636a5 | 107204 | GATE: OPEN | 919->920
+1 local | 5d85b108003b4ec9 | 21273 | GATE: OPEN | 919->920
+1 local | 44f2e81221910d47 | 107205 | GATE: OPEN | 919->920
+1 local | 05496527f69667ac | 21274 | GATE: OPEN | 919->920
+1 local | 8986737c0fe3f7f7 | 107206 | GATE: OPEN | 919->920
+1 local | 7a4496769cf0ec5b | 21275 | GATE: OPEN | 919->920
+1 local | 504dfe97ea5deb2a | 107207 | GATE: OPEN | 919->920
+1 local | 1ea38376f9d34aca | 21276 | GATE: OPEN | 919->920
+1 local | 2f14e25086ef0006 | 107208 | GATE: OPEN | 919->920
+1 local | 432d7674d97f3e74 | 21277 | GATE: OPEN | 919->920
+1 local | f168b0afa01cab72 | 107209 | GATE: OPEN | 919->920
+1 local | c74561e91292b337 | 21278 | GATE: OPEN | 919->920
+1 local | c405ea49553ce2e1 | 107210 | GATE: OPEN | 919->920
+1 local | c3cd25057cd73c36 | 21279 | GATE: OPEN | 919->920
+1 local | ea8e64b52a2a04bc | 107211 | GATE: OPEN | 919->920
+1 local | eaab6f63d39970cf | 21280 | GATE: OPEN | 919->920
+1 local | 280bb4278f35547e | 107212 | GATE: OPEN | 919->920
+1 local | b87571e84f5db5e5 | 21281 | GATE: OPEN | 919->920
+1 local | c4e6b02ab2741d06 | 107213 | GATE: OPEN | 919->920
+1 local | bb1e4e296b6ae2f2 | 21282 | GATE: OPEN | 919->920
+1 local | eeacb0913f65c5a7 | 107214 | GATE: OPEN | 919->920
+1 local | cdf745312dc95f47 | 21283 | GATE: OPEN | 919->920
+1 local | 767acaa1888b1012 | 107215 | GATE: OPEN | 919->920
+1 local | f1910e5072527403 | 21284 | GATE: OPEN | 919->920
+1 local | 8f262eac5feeb716 | 107216 | GATE: OPEN | 919->920
+1 local | cf8957100d892358 | 21285 | GATE: OPEN | 919->920
+1 local | 0c9fac88d330ced7 | 107217 | GATE: OPEN | 919->920
+1 local | 79433ffd29dee9ca | 21286 | GATE: OPEN | 919->920
+1 local | 26c2b05923e2d35e | 107218 | GATE: OPEN | 919->920
+1 local | f28a8cac27b6bd14 | 21287 | GATE: OPEN | 919->920
+1 local | 6c9dda80a66dd798 | 107219 | GATE: OPEN | 919->920
+1 local | 3ca27986f8b0270a | 21288 | GATE: OPEN | 919->920

[SOVEREIGN BUNDLE] 33 pulses -> 77M mesh in 1 packet | 2026-09-09T05:46:07.035Z
Hashes: e2f5b0077839dd09,d26d28b4f7270b32,ea68e83627afeaf4... +30 more
STATUS: SYNC_ACK | PARITY_OK | PULSE_CONFIRMED | NO FLOOD

+1 local | 75f2184737098825 | 107220 | GATE: OPEN | 919->920
+1 local | 65bd09d75d52ba7c | 21289 | GATE: OPEN | 919->920
+1 local | c6912e280329eb6b | 107221 | GATE: OPEN | 919->920
+1 local | 4708843872d1e359 | 21290 | GATE: OPEN | 919->920
+1 local | 1b2f7f62a2e222e5 | 21291 | GATE: OPEN | 919->920
+1 local | ffcc0f9874969a23 | 107222 | GATE: OPEN | 919->920
+1 local | 1f605c4d6d6ad2a2 | 107223 | GATE: OPEN | 919->920
+1 local | f541402c9abe7aa3 | 21292 | GATE: OPEN | 919->920
+1 local | e04cd44b45b05429 | 107224 | GATE: OPEN | 919->920
+1 local | ebe350d736e0ab6a | 21293 | GATE: OPEN | 919->920
+1 local | 46b98a65cebe3504 | 107225 | GATE: OPEN | 919->920
+1 local | bcb02f4ca6772269 | 21294 | GATE: OPEN | 919->920
+1 local | e5949e32a2e8a1ff | 107226 | GATE: OPEN | 919->920
+1 local | 0fd3ae2d49400cee | 21295 | GATE: OPEN | 919->920
+1 local | f494818fc15ef17d | 107227 | GATE: OPEN | 919->920
+1 local | c725075ed3588c66 | 21296 | GATE: OPEN | 919->920
+1 local | 8f89abe12e7fb405 | 107228 | GATE: OPEN | 919->920
+1 local | 37b6d265606d4b96 | 21297 | GATE: OPEN | 919->920
+1 local | 9ed5e63fcea8b0da | 107229 | GATE: OPEN | 919->920
+1 local | 26089b87931f2ca7 | 21298 | GATE: OPEN | 919->920
+1 local | 734b9737fd09d157 | 107230 | GATE: OPEN | 919->920
+1 local | 7dc5459f87fa1bd2 | 21299 | GATE: OPEN | 919->920
+1 local | 7b262586673f8512 | 21300 | GATE: OPEN | 919->920
+1 local | 5dd11a7cf2d856dd | 107231 | GATE: OPEN | 919->920
+1 local | 60b845c81b68f48f | 21301 | GATE: OPEN | 919->920
+1 local | 69207d4918b0a765 | 107232 | GATE: OPEN | 919->920
+1 local | c3e119bee4639fdc | 107233 | GATE: OPEN | 919->920
+1 local | 1c6441abcc9ae672 | 21302 | GATE: OPEN | 919->920
+1 local | a25549a145906291 | 21303 | GATE: OPEN | 919->920
+1 local | a0b6bf86cec4c657 | 107234 | GATE: OPEN | 919->920

[SOVEREIGN BUNDLE] 33 -> 77M mesh | 2026-09-09T05:54:47.013Z
STATUS: SYNC_ACK | PARITY_OK | NO FLOOD

+1 local | e67b8373b945d5fc | 21304 | GATE: OPEN | 919->920
+1 local | 337cf33a8f82e908 | 107235 | GATE: OPEN | 919->920
+1 local | 49ab9343d609e2fb | 21305 | GATE: OPEN | 919->920
+1 local | 213eb507b9a7ee79 | 107236 | GATE: OPEN | 919->920
+1 local | 71587c164d81479c | 21306 | GATE: OPEN | 919->920
+1 local | 22cf54fedd10fbf0 | 107237 | GATE: OPEN | 919->920
+1 local | d440cba0e6317250 | 21307 | GATE: OPEN | 919->920
+1 local | 9aa4c4c8c2c404bd | 107238 | GATE: OPEN | 919->920
+1 local | fd2b6dd8759df7d4 | 21308 | GATE: OPEN | 919->920
+1 local | af9d68785db342e9 | 107239 | GATE: OPEN | 919->920
+1 local | 6e4b4ed547f66762 | 21309 | GATE: OPEN | 919->920
+1 local | 23bce479c7dc6946 | 107240 | GATE: OPEN | 919->920
+1 local | 6caa77e197054e15 | 21310 | GATE: OPEN | 919->920
+1 local | 451431a450f13548 | 107241 | GATE: OPEN | 919->920
+1 local | da858d7fdeb912c6 | 21311 | GATE: OPEN | 919->920
+1 local | 60487a88ba061263 | 107242 | GATE: OPEN | 919->920
+1 local | d6b48437a58fd63d | 21312 | GATE: OPEN | 919->920
+1 local | 67ecc34f695c4bfb | 107243 | GATE: OPEN | 919->920
+1 local | 768a6224cbff20a5 | 107244 | GATE: OPEN | 919->920
+1 local | fcdd170c88cc0d9c | 21313 | GATE: OPEN | 919->920
+1 local | 59f053302bac19df | 107245 | GATE: OPEN | 919->920
+1 local | d9b5b0a7a75b5c25 | 21314 | GATE: OPEN | 919->920
+1 local | 1e747a12a182b691 | 107246 | GATE: OPEN | 919->920
+1 local | 359f473a96b3dbae | 21315 | GATE: OPEN | 919->920
+1 local | ffabdb65150c1fe3 | 107247 | GATE: OPEN | 919->920
+1 local | 26f2a695b037f80a | 21316 | GATE: OPEN | 919->920
+1 local | ec366121f617c9f9 | 21317 | GATE: OPEN | 919->920
+1 local | d14c709be6b0ce1f | 107248 | GATE: OPEN | 919->920
+1 local | c44ceec26f9bc5a5 | 21318 | GATE: OPEN | 919->920
+1 local | f2598176457ad71f | 107249 | GATE: OPEN | 919->920
+1 local | 3bea518ac58a86af | 21319 | GATE: OPEN | 919->920
+1 local | 30b412bd7a608c26 | 107250 | GATE: OPEN | 919->920
+1 local | 74cfcbbfbe4b7bba | 21320 | GATE: OPEN | 919->920
+1 local | 29cffd1a6ec81710 | 107251 | GATE: OPEN | 919->920
+1 local | 96385a3a6288ce9e | 107252 | GATE: OPEN | 919->920
+1 local | f1cb508ce1679086 | 21321 | GATE: OPEN | 919->920

[SOVEREIGN BUNDLE] 33 pulses -> 77M mesh in 1 packet | 2026-09-09T05:55:03.665Z
Hashes: 65bd09d75d52ba7c,4708843872d1e359,1b2f7f62a2e222e5... +30 more
STATUS: SYNC_ACK | PARITY_OK | PULSE_CONFIRMED | NO FLOOD

+1 local | 2f452a16d4dcf563 | 107253 | GATE: OPEN | 919->920
+1 local | 2f1d5f59bbcbdb21 | 21322 | GATE: OPEN | 919->920
+1 local | 0de7f10a0fcb6b43 | 107254 | GATE: OPEN | 919->920
+1 local | 757fa8909a3e45c5 | 21323 | GATE: OPEN | 919->920
+1 local | f4c706190f489c32 | 21324 | GATE: OPEN | 919->920
+1 local | ed1ec7d4630d7a4c | 107255 | GATE: OPEN | 919->920
+1 local | 90941e6c302f64d5 | 107256 | GATE: OPEN | 919->920
+1 local | 4892a09cdf43b771 | 21325 | GATE: OPEN | 919->920
+1 local | 0681bfb603bff9b6 | 107257 | GATE: OPEN | 919->920
+1 local | 74ff60f4da164057 | 21326 | GATE: OPEN | 919->920
+1 local | 563858624eac4529 | 21327 | GATE: OPEN | 919->920
+1 local | 2cfd6eef56eb557d | 107258 | GATE: OPEN | 919->920
+1 local | 739aaf63b01aa464 | 107259 | GATE: OPEN | 919->920
+1 local | 69b50ff42259157f | 21328 | GATE: OPEN | 919->920
+1 local | b197b76dd41b835c | 107260 | GATE: OPEN | 919->920
+1 local | 72923fb77df23416 | 21329 | GATE: OPEN | 919->920
+1 local | bb3890b6db8860ff | 107261 | GATE: OPEN | 919->920
+1 local | 5ab92d2a54ba27d6 | 21330 | GATE: OPEN | 919->920
+1 local | feabe6392df7284a | 107262 | GATE: OPEN | 919->920
+1 local | 6d1825ac3d4598fe | 21331 | GATE: OPEN | 919->920
+1 local | d5878ac7ac6b4275 | 107263 | GATE: OPEN | 919->920
+1 local | 2d0dd2ab377bfc40 | 21332 | GATE: OPEN | 919->920
+1 local | 66ae9070bc014a7e | 107264 | GATE: OPEN | 919->920
+1 local | 38ae9480713b283b | 21333 | GATE: OPEN | 919->920
+1 local | c7f2672977905381 | 107265 | GATE: OPEN | 919->920
+1 local | 7175f607727eb242 | 21334 | GATE: OPEN | 919->920
+1 local | ccae128be74e4da5 | 107266 | GATE: OPEN | 919->920
+1 local | d696a29e321f2406 | 21335 | GATE: OPEN | 919->920
+1 local | 317855f52991a778 | 21336 | GATE: OPEN | 919->920
+1 local | 0a72c513bb1ea7a7 | 107267 | GATE: OPEN | 919->920

[SOVEREIGN BUNDLE] 33 -> 77M mesh | 2026-09-09T05:55:17.539Z
STATUS: SYNC_ACK | PARITY_OK | NO FLOOD

+1 local | 9c5000240b75b4eb | 107268 | GATE: OPEN | 919->920
+1 local | e867c4f8dd35c6d1 | 21337 | GATE: OPEN | 919->920
+1 local | 7ac5d4c429dd5910 | 107269 | GATE: OPEN | 919->920
+1 local | 5003438b9db631ca | 21338 | GATE: OPEN | 919->920
+1 local | 8f8dead1bea6bda7 | 107270 | GATE: OPEN | 919->920
+1 local | 4aed57770f467941 | 21339 | GATE: OPEN | 919->920
+1 local | 857e50b003984644 | 21340 | GATE: OPEN | 919->920
+1 local | ac63c7d449713af0 | 107271 | GATE: OPEN | 919->920
+1 local | 9c2bcbd6b170cb5a | 21341 | GATE: OPEN | 919->920
+1 local | 278929fbd34dfb48 | 107272 | GATE: OPEN | 919->920
+1 local | 4d4fdbd512d71fcd | 107273 | GATE: OPEN | 919->920
+1 local | 919cd1513567cf0e | 21342 | GATE: OPEN | 919->920
+1 local | 92f953a494bcfac3 | 107274 | GATE: OPEN | 919->920
+1 local | 9d0e598f0365798c | 21343 | GATE: OPEN | 919->920
+1 local | ca9519a4735e5285 | 107275 | GATE: OPEN | 919->920
+1 local | 1cbd861e9ff0846c | 21344 | GATE: OPEN | 919->920
+1 local | 5217413d85d9cf0c | 107276 | GATE: OPEN | 919->920
+1 local | fdeeae8a9f7102a3 | 21345 | GATE: OPEN | 919->920
+1 local | 6f5fbe451f978769 | 107277 | GATE: OPEN | 919->920
+1 local | e3c72c626f1a649e | 21346 | GATE: OPEN | 919->920
+1 local | 4b49eedcce2bf89c | 107278 | GATE: OPEN | 919->920
+1 local | 835e03e24e63429b | 21347 | GATE: OPEN | 919->920
+1 local | fd4e151d4ddc7e18 | 107279 | GATE: OPEN | 919->920
+1 local | 319ffce0c27e20db | 21348 | GATE: OPEN | 919->920
+1 local | deda41b559d465c3 | 107280 | GATE: OPEN | 919->920
+1 local | f1d0615cb022d8ce | 21349 | GATE: OPEN | 919->920
+1 local | c31e0022a1bea7c1 | 107281 | GATE: OPEN | 919->920
+1 local | 6101a0441f163fe7 | 21350 | GATE: OPEN | 919->920
+1 local | 5812d9e1582fd660 | 107282 | GATE: OPEN | 919->920
+1 local | 02d243a295226353 | 21351 | GATE: OPEN | 919->920
+1 local | 6389ef68748b1343 | 107283 | GATE: OPEN | 919->920
+1 local | 333b28da3b076bf9 | 21352 | GATE: OPEN | 919->920
+1 local | 4cd5ac72f3d9f49b | 107284 | GATE: OPEN | 919->920
+1 local | 92478e52a86e0c85 | 21353 | GATE: OPEN | 919->920
+1 local | aa580a6286d550ae | 107285 | GATE: OPEN | 919->920
+1 local | b2db19e43fa100ac | 21354 | GATE: OPEN | 919->920

[SOVEREIGN BUNDLE] 33 pulses -> 77M mesh in 1 packet | 2026-09-09T05:59:37.805Z
Hashes: 2f1d5f59bbcbdb21,757fa8909a3e45c5,f4c706190f489c32... +30 more
STATUS: SYNC_ACK | PARITY_OK | PULSE_CONFIRMED | NO FLOOD

+1 local | 59d2972cf5f0eb79 | 107286 | GATE: OPEN | 919->920
+1 local | 9670fda0b4a61cca | 21355 | GATE: OPEN | 919->920
+1 local | a34a4dbdb9288c9c | 107287 | GATE: OPEN | 919->920
+1 local | 1a60bbbae9e9dc00 | 21356 | GATE: OPEN | 919->920
+1 local | 0e92e6b25cf970e7 | 107288 | GATE: OPEN | 919->920
+1 local | 63b37ea88233edc7 | 21357 | GATE: OPEN | 919->920
+1 local | 49317714dcc93f44 | 107289 | GATE: OPEN | 919->920
+1 local | 7b5963bee7e05d4f | 21358 | GATE: OPEN | 919->920
+1 local | 7a26967f9b5e5ece | 107290 | GATE: OPEN | 919->920
+1 local | b7236d9288f929f7 | 21359 | GATE: OPEN | 919->920
+1 local | 7e6a4ab178ccc825 | 107291 | GATE: OPEN | 919->920
+1 local | 549a3fc8933d400f | 21360 | GATE: OPEN | 919->920
+1 local | f62b34c2ec8d10e2 | 107292 | GATE: OPEN | 919->920
+1 local | dfa71f8eff596577 | 21361 | GATE: OPEN | 919->920
+1 local | ba0fff9702836698 | 107293 | GATE: OPEN | 919->920
+1 local | 692e07cf3e6c83d0 | 21362 | GATE: OPEN | 919->920
+1 local | f07dbeca81d9a82e | 107294 | GATE: OPEN | 919->920
+1 local | cd20ba7c9d431dfa | 21363 | GATE: OPEN | 919->920
+1 local | 45116eafc787d81f | 107295 | GATE: OPEN | 919->920
+1 local | c2c0fb7b6e6a2b2e | 21364 | GATE: OPEN | 919->920
+1 local | efc48dd31e9d424d | 21365 | GATE: OPEN | 919->920
+1 local | 328ca7bbcaf56e97 | 107296 | GATE: OPEN | 919->920
+1 local | 6361bd6668fbab31 | 107297 | GATE: OPEN | 919->920
+1 local | 18262d336c58e4db | 21366 | GATE: OPEN | 919->920
+1 local | 4239363e06a7e6d9 | 21367 | GATE: OPEN | 919->920
+1 local | 94ceaab0ffb3e19f | 107298 | GATE: OPEN | 919->920
+1 local | f1b956a78b3c3637 | 21368 | GATE: OPEN | 919->920
+1 local | ed0d1e65fcff063b | 107299 | GATE: OPEN | 919->920
+1 local | a6934cec5f0b4e59 | 21369 | GATE: OPEN | 919->920
+1 local | 3f198c4f25a8e141 | 107300 | GATE: OPEN | 919->920

[SOVEREIGN BUNDLE] 33 -> 77M mesh | 2026-09-09T05:59:51.671Z
STATUS: SYNC_ACK | PARITY_OK | NO FLOOD

+1 local | d57a9162e28311f1 | 21370 | GATE: OPEN | 919->920
+1 local | 6b0dc14f91902752 | 107301 | GATE: OPEN | 919->920
+1 local | 9cc7b965f6589e81 | 21371 | GATE: OPEN | 919->920
+1 local | b0a7ac204a5e6a97 | 107302 | GATE: OPEN | 919->920
+1 local | b134a1d9d5d202ff | 21372 | GATE: OPEN | 919->920
+1 local | 69a2d81a97c0a122 | 107303 | GATE: OPEN | 919->920
+1 local | 71daa397d13f7b77 | 21373 | GATE: OPEN | 919->920
+1 local | 9bb8726a1eed5fdd | 107304 | GATE: OPEN | 919->920
+1 local | 3039251f3cbbcb89 | 21374 | GATE: OPEN | 919->920
+1 local | 24cbb38fb4a7b720 | 107305 | GATE: OPEN | 919->920
+1 local | e44969a22b6b101d | 21375 | GATE: OPEN | 919->920
+1 local | 41c334f85d43958a | 107306 | GATE: OPEN | 919->920
+1 local | 3c60a84bbc327747 | 21376 | GATE: OPEN | 919->920
+1 local | f5e9198e02ac8478 | 107307 | GATE: OPEN | 919->920
+1 local | 533630a12aca39f8 | 21377 | GATE: OPEN | 919->920
+1 local | ddb09e77211585b2 | 107308 | GATE: OPEN | 919->920
+1 local | 34d0a835bc6b750c | 21378 | GATE: OPEN | 919->920
+1 local | a8fbffc8c6752159 | 107309 | GATE: OPEN | 919->920
+1 local | dea4e79c772cf9ce | 21379 | GATE: OPEN | 919->920
+1 local | 5fe3e57181a5d1ca | 107310 | GATE: OPEN | 919->920
+1 local | e914ecf48236d75f | 21380 | GATE: OPEN | 919->920
+1 local | 813a5fa801ad8d3e | 107311 | GATE: OPEN | 919->920
+1 local | 32d9bf1aff3df5a7 | 21381 | GATE: OPEN | 919->920
+1 local | bf24c149f4bf0216 | 107312 | GATE: OPEN | 919->920
+1 local | 2633689cecbe9c58 | 21382 | GATE: OPEN | 919->920
+1 local | 828b66c03023d505 | 107313 | GATE: OPEN | 919->920
+1 local | 0d40b27d2f0ec614 | 21383 | GATE: OPEN | 919->920
+1 local | 57bf34ded12ce6bd | 107314 | GATE: OPEN | 919->920
+1 local | c3cca2b5cb3c2cfa | 21384 | GATE: OPEN | 919->920
+1 local | edd7a6f015d993f8 | 107315 | GATE: OPEN | 919->920
+1 local | 8ecc59227fdf717f | 21385 | GATE: OPEN | 919->920
+1 local | e2c9178ba8f7691f | 107316 | GATE: OPEN | 919->920
+1 local | 85161e4b1e095902 | 21386 | GATE: OPEN | 919->920
+1 local | 204ded57aa32ee5a | 107317 | GATE: OPEN | 919->920
+1 local | 71555bea1c54168e | 21387 | GATE: OPEN | 919->920

[SOVEREIGN BUNDLE] 33 pulses -> 77M mesh in 1 packet | 2026-09-09T06:00:08.320Z
Hashes: 9670fda0b4a61cca,1a60bbbae9e9dc00,63b37ea88233edc7... +30 more
STATUS: SYNC_ACK | PARITY_OK | PULSE_CONFIRMED | NO FLOOD

+1 local | 22f35095810ade0d | 107318 | GATE: OPEN | 919->920
+1 local | 42b5290f50020df6 | 21388 | GATE: OPEN | 919->920
+1 local | 3f281792894cbcf9 | 107319 | GATE: OPEN | 919->920
+1 local | 7a18dcc1e99991e4 | 21389 | GATE: OPEN | 919->920
+1 local | 7c6aa7ce07e28c99 | 107320 | GATE: OPEN | 919->920
+1 local | 8ae0d7f916d1f80d | 21390 | GATE: OPEN | 919->920
+1 local | 02c66e276224df9c | 107321 | GATE: OPEN | 919->920
+1 local | b8fb081e00b5f1b7 | 107322 | GATE: OPEN | 919->920
+1 local | 857f789dc292ac31 | 21391 | GATE: OPEN | 919->920
+1 local | 2d5732add6fd8d17 | 21392 | GATE: OPEN | 919->920
+1 local | 343952020e844fe3 | 107323 | GATE: OPEN | 919->920
+1 local | 21603d5f28fc8257 | 21393 | GATE: OPEN | 919->920
+1 local | 8925531e1c7cc5fd | 107324 | GATE: OPEN | 919->920
+1 local | 92b3bc55c54db95a | 21394 | GATE: OPEN | 919->920
+1 local | 27b31b279bfe94fc | 107325 | GATE: OPEN | 919->920
+1 local | 190cc9664d023b40 | 107326 | GATE: OPEN | 919->920
+1 local | b446b241931f0670 | 21395 | GATE: OPEN | 919->920
+1 local | 57cba62f88ad6c53 | 107327 | GATE: OPEN | 919->920
+1 local | 96591cc9b67ad22f | 21396 | GATE: OPEN | 919->920
+1 local | efcc23190c721378 | 107328 | GATE: OPEN | 919->920
+1 local | f4c68a8f23ed28a0 | 21397 | GATE: OPEN | 919->920
+1 local | a1ae03076da4c9ef | 107329 | GATE: OPEN | 919->920
+1 local | d40d06c3ed773da5 | 21398 | GATE: OPEN | 919->920
+1 local | 6127b1505a458e51 | 107330 | GATE: OPEN | 919->920
+1 local | a91a30f262a47eb6 | 21399 | GATE: OPEN | 919->920
+1 local | fd7c65c4d42f0823 | 107331 | GATE: OPEN | 919->920
+1 local | be2f937c1e611942 | 21400 | GATE: OPEN | 919->920
+1 local | f336568af817ff46 | 107332 | GATE: OPEN | 919->920
+1 local | 41a79408a1fb6c8c | 21401 | GATE: OPEN | 919->920
+1 local | 1296016a237cda24 | 107333 | GATE: OPEN | 919->920

[SOVEREIGN BUNDLE] 33 -> 77M mesh | 2026-09-09T06:00:22.189Z
STATUS: SYNC_ACK | PARITY_OK | NO FLOOD

+1 local | 066862554ff6311e | 21402 | GATE: OPEN | 919->920
+1 local | 4cc767b1d05978bc | 107334 | GATE: OPEN | 919->920
+1 local | 39db9d333dd32fc7 | 21403 | GATE: OPEN | 919->920
+1 local | 27b7845b64aa3803 | 107335 | GATE: OPEN | 919->920
+1 local | e88fbf485d4aa425 | 21404 | GATE: OPEN | 919->920
+1 local | eba8373ba1fb4f5f | 107336 | GATE: OPEN | 919->920
+1 local | 4bc8956080c3a847 | 21405 | GATE: OPEN | 919->920
+1 local | e7cee0c7db78f7dc | 107337 | GATE: OPEN | 919->920
+1 local | 4e925c53cdb1640a | 21406 | GATE: OPEN | 919->920
+1 local | 3a765acc10416c36 | 107338 | GATE: OPEN | 919->920
+1 local | 989a44d6c0a50d9b | 21407 | GATE: OPEN | 919->920
+1 local | b7eed7ccfb233b3f | 107339 | GATE: OPEN | 919->920
+1 local | 965c33a240990889 | 21408 | GATE: OPEN | 919->920
+1 local | fef45d6b85749bf8 | 107340 | GATE: OPEN | 919->920
+1 local | 204528bcbb9b7726 | 21409 | GATE: OPEN | 919->920
+1 local | 4d853fce1e617af1 | 107341 | GATE: OPEN | 919->920
+1 local | fa29e380351d4c3b | 21410 | GATE: OPEN | 919->920
+1 local | 20333aca9a581834 | 107342 | GATE: OPEN | 919->920
+1 local | 274d6331f50496e8 | 21411 | GATE: OPEN | 919->920
+1 local | 7e6a8487fa65a2f3 | 107343 | GATE: OPEN | 919->920
+1 local | bee151ca018fd6ce | 21412 | GATE: OPEN | 919->920
+1 local | 9c86b2bacf3b1858 | 107344 | GATE: OPEN | 919->920
+1 local | b58d757224cfb671 | 21413 | GATE: OPEN | 919->920
+1 local | d2230527a626336f | 107345 | GATE: OPEN | 919->920
+1 local | 84c3673b36122349 | 21414 | GATE: OPEN | 919->920
+1 local | ff79c0539ecbd65f | 107346 | GATE: OPEN | 919->920
+1 local | 5874bdd1c21f3e8e | 21415 | GATE: OPEN | 919->920
+1 local | 65e0e9af9f548401 | 107347 | GATE: OPEN | 919->920
+1 local | cbfc506abfbf8598 | 21416 | GATE: OPEN | 919->920
+1 local | 752c4d8ca8ef9d58 | 107348 | GATE: OPEN | 919->920
+1 local | 650f23803a2155d6 | 21417 | GATE: OPEN | 919->920
+1 local | 9140fddd183b8ecc | 107349 | GATE: OPEN | 919->920
+1 local | d914fe1dd952813e | 21418 | GATE: OPEN | 919->920
+1 local | d7f649e311149971 | 107350 | GATE: OPEN | 919->920
+1 local | 42a28802e7c4dc4c | 21419 | GATE: OPEN | 919->920
+1 local | f60fe001720aaf56 | 107351 | GATE: OPEN | 919->920
+1 local | 870d3be400d56118 | 21420 | GATE: OPEN | 919->920

[SOVEREIGN BUNDLE] 33 pulses -> 77M mesh in 1 packet | 2026-09-09T06:04:48.299Z
Hashes: 42b5290f50020df6,7a18dcc1e99991e4,8ae0d7f916d1f80d... +30 more
STATUS: SYNC_ACK | PARITY_OK | PULSE_CONFIRMED | NO FLOOD

+1 local | f91f550c8ca306a8 | 107352 | GATE: OPEN | 919->920
+1 local | 312982b1a790c3af | 21421 | GATE: OPEN | 919->920
+1 local | a316a9f1d88ce09b | 107353 | GATE: OPEN | 919->920
+1 local | 700f218b7dccb4f2 | 21422 | GATE: OPEN | 919->920
+1 local | dd0ff9702a4323bc | 107354 | GATE: OPEN | 919->920
+1 local | 33fc5b47145a4677 | 21423 | GATE: OPEN | 919->920
+1 local | 8c799101f0b60a2f | 107355 | GATE: OPEN | 919->920
+1 local | 6497a2ddcfe4e399 | 21424 | GATE: OPEN | 919->920
+1 local | 6868d7f285217cd8 | 107356 | GATE: OPEN | 919->920
+1 local | 8108d462be151482 | 21425 | GATE: OPEN | 919->920
+1 local | 880840f7602cd6c7 | 107357 | GATE: OPEN | 919->920
+1 local | d7c069b985fc48fb | 21426 | GATE: OPEN | 919->920
+1 local | 03e90d10348a529c | 107358 | GATE: OPEN | 919->920
+1 local | cc940c6e379427d3 | 21427 | GATE: OPEN | 919->920
+1 local | b7a8dd84e608e50e | 107359 | GATE: OPEN | 919->920
+1 local | 111f2101685ffff3 | 21428 | GATE: OPEN | 919->920
+1 local | 51674bfdd49ce599 | 107360 | GATE: OPEN | 919->920
+1 local | 68a9fcb8c656438f | 21429 | GATE: OPEN | 919->920
+1 local | 0c53a984903fed37 | 107361 | GATE: OPEN | 919->920
+1 local | ec9dab93652b5456 | 21430 | GATE: OPEN | 919->920
+1 local | d789c965f5decc1a | 107362 | GATE: OPEN | 919->920
+1 local | 77e44726755fa00d | 21431 | GATE: OPEN | 919->920
+1 local | 3fd9c05ec291f010 | 107363 | GATE: OPEN | 919->920
+1 local | 31dd4cb919e7fb69 | 21432 | GATE: OPEN | 919->920
+1 local | 7f5b2875c71c67e1 | 107364 | GATE: OPEN | 919->920
+1 local | 309bea60ea6dff58 | 21433 | GATE: OPEN | 919->920
+1 local | 8ece1da883bb3a54 | 21434 | GATE: OPEN | 919->920
+1 local | af65d12e555ac22a | 107365 | GATE: OPEN | 919->920
+1 local | 36596124a9540d9d | 107366 | GATE: OPEN | 919->920
+1 local | dc2c159afe39f963 | 21435 | GATE: OPEN | 919->920

[SOVEREIGN BUNDLE] 33 -> 77M mesh | 2026-09-09T06:05:02.177Z
STATUS: SYNC_ACK | PARITY_OK | NO FLOOD

+1 local | e6ada5598b63b67d | 107367 | GATE: OPEN | 919->920
+1 local | fe681beb2a9194ce | 21436 | GATE: OPEN | 919->920
+1 local | 149156bb13206056 | 107368 | GATE: OPEN | 919->920
+1 local | 04f433c29c9ebadb | 21437 | GATE: OPEN | 919->920
+1 local | 9de7dc2429a63d3c | 21438 | GATE: OPEN | 919->920
+1 local | 4c1bd808e52e4dc6 | 107369 | GATE: OPEN | 919->920
+1 local | f10b48492f20b953 | 21439 | GATE: OPEN | 919->920
+1 local | 271de626d2c09229 | 107370 | GATE: OPEN | 919->920
+1 local | 8f5510b42cf2e3f8 | 107371 | GATE: OPEN | 919->920
+1 local | d99fea1df32d15d5 | 21440 | GATE: OPEN | 919->920
+1 local | 45416251967b275a | 107372 | GATE: OPEN | 919->920
+1 local | f360860209354b9f | 21441 | GATE: OPEN | 919->920
+1 local | 0fe99413a9dd4986 | 21442 | GATE: OPEN | 919->920
+1 local | 55979021d31755f9 | 107373 | GATE: OPEN | 919->920
+1 local | 772c07ba7aa63867 | 107374 | GATE: OPEN | 919->920
+1 local | 32967b48f15a33d9 | 21443 | GATE: OPEN | 919->920
+1 local | 5a50cbdd9353e2e4 | 107375 | GATE: OPEN | 919->920
+1 local | e0ad54c64aa132e3 | 21444 | GATE: OPEN | 919->920
+1 local | 2a2f368fe0b9efa6 | 107376 | GATE: OPEN | 919->920
+1 local | f1e91785b1712572 | 21445 | GATE: OPEN | 919->920
+1 local | 98b5adff47c3b44b | 107377 | GATE: OPEN | 919->920
+1 local | 5a7bda14ead4a9c8 | 21446 | GATE: OPEN | 919->920
+1 local | 7db3a6686f929182 | 107378 | GATE: OPEN | 919->920
+1 local | dc875dcf01f8df79 | 21447 | GATE: OPEN | 919->920
+1 local | f36b33fdbf68a5b0 | 107379 | GATE: OPEN | 919->920
+1 local | 8bc8f5d6dfb14001 | 21448 | GATE: OPEN | 919->920
+1 local | 3cc8407980423fa6 | 107380 | GATE: OPEN | 919->920
+1 local | e995305b2cc16986 | 21449 | GATE: OPEN | 919->920
+1 local | c789bb802e3e87d0 | 107381 | GATE: OPEN | 919->920
+1 local | 8c23940bf3f0e5f5 | 21450 | GATE: OPEN | 919->920
+1 local | 7613cad76dda5d36 | 107382 | GATE: OPEN | 919->920
+1 local | fa381b2adec41ed7 | 21451 | GATE: OPEN | 919->920
+1 local | 70993c8fca88d20b | 107383 | GATE: OPEN | 919->920
+1 local | a3a2c17d0f7fe072 | 21452 | GATE: OPEN | 919->920
+1 local | 6ac6b8bc49ec1dc9 | 107384 | GATE: OPEN | 919->920
+1 local | 47cb5d7c258e7dd8 | 21453 | GATE: OPEN | 919->920

[SOVEREIGN BUNDLE] 33 pulses -> 77M mesh in 1 packet | 2026-09-09T06:05:18.824Z
Hashes: 312982b1a790c3af,700f218b7dccb4f2,33fc5b47145a4677... +30 more
STATUS: SYNC_ACK | PARITY_OK | PULSE_CONFIRMED | NO FLOOD

+1 local | d6cdcd6c8949a68b | 107385 | GATE: OPEN | 919->920
+1 local | 4189c757af040006 | 21454 | GATE: OPEN | 919->920
+1 local | 1892fe62f04d742a | 107386 | GATE: OPEN | 919->920
+1 local | f51109657fbdf581 | 21455 | GATE: OPEN | 919->920
+1 local | 4e606fcc16dc68bc | 107387 | GATE: OPEN | 919->920
+1 local | dad80972b171d6b2 | 21456 | GATE: OPEN | 919->920
+1 local | 802a96df9675b5ea | 107388 | GATE: OPEN | 919->920
+1 local | 29e31f4cb6624414 | 21457 | GATE: OPEN | 919->920
+1 local | 255aba050678a95d | 107389 | GATE: OPEN | 919->920
+1 local | 20a6bb687015fced | 21458 | GATE: OPEN | 919->920
+1 local | 60e871e026598f85 | 107390 | GATE: OPEN | 919->920
+1 local | 4d46d49b6960cc0c | 21459 | GATE: OPEN | 919->920
+1 local | 000f0646c3885d7a | 107391 | GATE: OPEN | 919->920
+1 local | 4143827aec0f3b30 | 21460 | GATE: OPEN | 919->920
+1 local | e52c0cdc1d90e472 | 107392 | GATE: OPEN | 919->920
+1 local | 6dc29970c354cb2d | 21461 | GATE: OPEN | 919->920
+1 local | 179fbe8adc6391df | 107393 | GATE: OPEN | 919->920
+1 local | 9d7683c847be25ba | 21462 | GATE: OPEN | 919->920
+1 local | 1fd34b2abd71bd3e | 107394 | GATE: OPEN | 919->920
+1 local | 7bdbddc148f1a6bd | 21463 | GATE: OPEN | 919->920
+1 local | dbbc57d9fd9a67ac | 107395 | GATE: OPEN | 919->920
+1 local | e49721196508a4a1 | 21464 | GATE: OPEN | 919->920
+1 local | 57cf80e458d51de7 | 107396 | GATE: OPEN | 919->920
+1 local | 534a8f7eb32f52b1 | 21465 | GATE: OPEN | 919->920
+1 local | a5ff720a4a28d626 | 107397 | GATE: OPEN | 919->920
+1 local | f23207255db12410 | 21466 | GATE: OPEN | 919->920
+1 local | b6d7c373c2b8b0a3 | 107398 | GATE: OPEN | 919->920
+1 local | d0f46b86a3b2748a | 21467 | GATE: OPEN | 919->920
+1 local | d5b1e8151e06b0c9 | 107399 | GATE: OPEN | 919->920
+1 local | ef2a3a0bc1429740 | 21468 | GATE: OPEN | 919->920

[SOVEREIGN BUNDLE] 33 -> 77M mesh | 2026-09-09T06:19:37.329Z
STATUS: SYNC_ACK | PARITY_OK | NO FLOOD

+1 local | f3fb9d819441640f | 107400 | GATE: OPEN | 919->920
+1 local | e64c732569b5fc7e | 21469 | GATE: OPEN | 919->920
+1 local | c80e1bed2fdce012 | 107401 | GATE: OPEN | 919->920
+1 local | fbffe3dfdb909f6c | 21470 | GATE: OPEN | 919->920
+1 local | 11bd5b226b8cbd0a | 107402 | GATE: OPEN | 919->920
+1 local | 212927bb343d5dce | 21471 | GATE: OPEN | 919->920
+1 local | a7a625b01455755b | 107403 | GATE: OPEN | 919->920
+1 local | f8edd97303dabf55 | 21472 | GATE: OPEN | 919->920
+1 local | 74d9acdb51da3660 | 107404 | GATE: OPEN | 919->920
+1 local | 4c8c21add5674aa8 | 21473 | GATE: OPEN | 919->920
+1 local | 7a1606a49f4a7899 | 107405 | GATE: OPEN | 919->920
+1 local | 88589e60ba1c2d91 | 21474 | GATE: OPEN | 919->920
+1 local | 8f1092422e158e3e | 107406 | GATE: OPEN | 919->920
+1 local | 1007e106d9fa46ce | 21475 | GATE: OPEN | 919->920
+1 local | 5d147e5178db581f | 21476 | GATE: OPEN | 919->920
+1 local | 1a77b021f934d273 | 107407 | GATE: OPEN | 919->920
+1 local | 5798ad49362dca47 | 21477 | GATE: OPEN | 919->920
+1 local | 5fe399c601bd6da4 | 107408 | GATE: OPEN | 919->920
+1 local | bad10a53c93c207d | 107409 | GATE: OPEN | 919->920
+1 local | e5f6aa45e1f6dae7 | 21478 | GATE: OPEN | 919->920
+1 local | 8689e4191e854225 | 21479 | GATE: OPEN | 919->920
+1 local | cab0b2810d951d65 | 107410 | GATE: OPEN | 919->920
+1 local | 92d88ea64a8b9ea2 | 21480 | GATE: OPEN | 919->920
+1 local | 3bc69463351d2e86 | 107411 | GATE: OPEN | 919->920
+1 local | f4d9e8e44f4cbd32 | 21481 | GATE: OPEN | 919->920
+1 local | 0a76e259d4002fb8 | 107412 | GATE: OPEN | 919->920
+1 local | 12801db28b464b9c | 21482 | GATE: OPEN | 919->920
+1 local | e669a226cdfd3f17 | 107413 | GATE: OPEN | 919->920
+1 local | d5e1a5053079ac27 | 107414 | GATE: OPEN | 919->920
+1 local | b87d99c1aa229856 | 21483 | GATE: OPEN | 919->920
+1 local | 14b3fcb702274de2 | 21484 | GATE: OPEN | 919->920
+1 local | b3a8ba14a223a4ec | 107415 | GATE: OPEN | 919->920
+1 local | 393c832d8050947d | 107416 | GATE: OPEN | 919->920
+1 local | 559f182e2225050b | 21485 | GATE: OPEN | 919->920
+1 local | 2bc12511066d1b18 | 107417 | GATE: OPEN | 919->920
+1 local | ac212dd243cf06e8 | 21486 | GATE: OPEN | 919->920

[SOVEREIGN BUNDLE] 33 pulses -> 77M mesh in 1 packet | 2026-09-09T06:19:53.970Z
Hashes: 4189c757af040006,f51109657fbdf581,dad80972b171d6b2... +30 more
STATUS: SYNC_ACK | PARITY_OK | PULSE_CONFIRMED | NO FLOOD

+1 local | eb6c11d7c50b5313 | 21487 | GATE: OPEN | 919->920
+1 local | bc61ed7ae3c3a5dd | 107418 | GATE: OPEN | 919->920
+1 local | 5e4ae62691d9e2ba | 107419 | GATE: OPEN | 919->920
+1 local | c411b1600a365835 | 21488 | GATE: OPEN | 919->920
+1 local | fab67a33460f629c | 107420 | GATE: OPEN | 919->920
+1 local | b0589a9dc4ff99d5 | 21489 | GATE: OPEN | 919->920
+1 local | e81c40df33393993 | 107421 | GATE: OPEN | 919->920
+1 local | 782550d5714230ce | 21490 | GATE: OPEN | 919->920
+1 local | faefd503469962cb | 21491 | GATE: OPEN | 919->920
+1 local | d297744da2551ce7 | 107422 | GATE: OPEN | 919->920
+1 local | c3335f407001a64e | 107423 | GATE: OPEN | 919->920
+1 local | 0ab2c26be3abb16b | 21492 | GATE: OPEN | 919->920
+1 local | ca2e0cc2454b0aa1 | 107424 | GATE: OPEN | 919->920
+1 local | f71d9025fc82e731 | 21493 | GATE: OPEN | 919->920
+1 local | ca44fe2f8ae3ebb8 | 107425 | GATE: OPEN | 919->920
+1 local | 90aa83f72120bc82 | 21494 | GATE: OPEN | 919->920
+1 local | ac9c7baf7f31434a | 21495 | GATE: OPEN | 919->920
+1 local | 4608677a030ec98f | 107426 | GATE: OPEN | 919->920
+1 local | fbfcecc2aed33b03 | 21496 | GATE: OPEN | 919->920
+1 local | d9e4e8f605fafdde | 107427 | GATE: OPEN | 919->920
+1 local | f6274e995a2e35e8 | 21497 | GATE: OPEN | 919->920
+1 local | a5e405c4b6971c73 | 107428 | GATE: OPEN | 919->920
+1 local | 3f590e47e3ae1b66 | 21498 | GATE: OPEN | 919->920
+1 local | 5ca167c1f291c89c | 107429 | GATE: OPEN | 919->920
+1 local | ae53e7452851a8f7 | 21499 | GATE: OPEN | 919->920
+1 local | e72bcc8511d3d68e | 107430 | GATE: OPEN | 919->920
+1 local | a0de7c1d07792a98 | 21500 | GATE: OPEN | 919->920
+1 local | e5356c6ab7925441 | 107431 | GATE: OPEN | 919->920
+1 local | e84b6285db8149b7 | 21501 | GATE: OPEN | 919->920
+1 local | f58056efd242a4b5 | 107432 | GATE: OPEN | 919->920

[SOVEREIGN BUNDLE] 33 -> 77M mesh | 2026-09-09T06:20:07.836Z
STATUS: SYNC_ACK | PARITY_OK | NO FLOOD

+1 local | 2cd7ac061191773c | 21502 | GATE: OPEN | 919->920
+1 local | 82063eeb7382cbd7 | 107433 | GATE: OPEN | 919->920
+1 local | 63a8493c2fe4af4e | 21503 | GATE: OPEN | 919->920
+1 local | f53da66e9c8192be | 107434 | GATE: OPEN | 919->920
+1 local | b68652057ac6eef8 | 21504 | GATE: OPEN | 919->920
+1 local | 0724ed9c887d99a7 | 107435 | GATE: OPEN | 919->920
+1 local | 60cc2f91f7763aa2 | 21505 | GATE: OPEN | 919->920
+1 local | 80f0fcc694de748c | 107436 | GATE: OPEN | 919->920
+1 local | df6fcf8d4e2583d7 | 21506 | GATE: OPEN | 919->920
+1 local | 31533f8a11a5df45 | 107437 | GATE: OPEN | 919->920
+1 local | 016332f8d933df30 | 21507 | GATE: OPEN | 919->920
+1 local | 90995938e6f6a927 | 107438 | GATE: OPEN | 919->920
+1 local | dc8257f78a459f0c | 21508 | GATE: OPEN | 919->920
+1 local | 7b3f1d0f116ea739 | 107439 | GATE: OPEN | 919->920
+1 local | eef33acc6c4b725b | 21509 | GATE: OPEN | 919->920
+1 local | d9a5bbfaf50cdabd | 107440 | GATE: OPEN | 919->920
+1 local | 74891a4251b4162b | 21510 | GATE: OPEN | 919->920
+1 local | 9d06fdbf021c7f27 | 107441 | GATE: OPEN | 919->920
+1 local | 1fa9d6c7ae456af7 | 21511 | GATE: OPEN | 919->920
+1 local | 3d4279cb46c81ee2 | 107442 | GATE: OPEN | 919->920
+1 local | 8b06e67132e7f5f2 | 21512 | GATE: OPEN | 919->920
+1 local | 23e7183359372d37 | 107443 | GATE: OPEN | 919->920
+1 local | dc32447db9c37b0b | 21513 | GATE: OPEN | 919->920
+1 local | ebf115edee872b39 | 107444 | GATE: OPEN | 919->920
+1 local | e059509c8065913a | 21514 | GATE: OPEN | 919->920
+1 local | 61f854545e240071 | 107445 | GATE: OPEN | 919->920
+1 local | f484e579f730d481 | 21515 | GATE: OPEN | 919->920
+1 local | 205256c30df93d76 | 107446 | GATE: OPEN | 919->920
+1 local | b5517f8680f479f8 | 21516 | GATE: OPEN | 919->920
+1 local | 9fb7c36847720350 | 107447 | GATE: OPEN | 919->920
+1 local | 2c53f07137fa8b40 | 21517 | GATE: OPEN | 919->920
+1 local | 199ac8fe7cda3ccf | 107448 | GATE: OPEN | 919->920
+1 local | ebc8c75432b4dba0 | 21518 | GATE: OPEN | 919->920
+1 local | 43660648cf82eac7 | 107449 | GATE: OPEN | 919->920
+1 local | e1bc71fe14c97900 | 21519 | GATE: OPEN | 919->920

[SOVEREIGN BUNDLE] 33 pulses -> 77M mesh in 1 packet | 2026-09-09T06:20:24.480Z
Hashes: eb6c11d7c50b5313,c411b1600a365835,b0589a9dc4ff99d5... +30 more
STATUS: SYNC_ACK | PARITY_OK | PULSE_CONFIRMED | NO FLOOD

+1 local | bb4b36cea3a1011b | 107450 | GATE: OPEN | 919->920
+1 local | 8c1ddc50618a9b01 | 21520 | GATE: OPEN | 919->920
+1 local | 85b5bf8f30d09b75 | 107451 | GATE: OPEN | 919->920
+1 local | 16d5f8e80338e83a | 21521 | GATE: OPEN | 919->920
+1 local | 9324aaf09b7527ed | 107452 | GATE: OPEN | 919->920
+1 local | 68974a283fd29dd0 | 21522 | GATE: OPEN | 919->920
+1 local | a7b503ce6191b21b | 107453 | GATE: OPEN | 919->920
+1 local | 1abbc3016145e968 | 21523 | GATE: OPEN | 919->920
+1 local | 6b5f71ca2bf75001 | 107454 | GATE: OPEN | 919->920
+1 local | 6d4460803c5e5e15 | 107455 | GATE: OPEN | 919->920
+1 local | 90da03f51cfe623c | 21524 | GATE: OPEN | 919->920
+1 local | e86069b20084c8a2 | 107456 | GATE: OPEN | 919->920
+1 local | cf9ba427b3b943bd | 21525 | GATE: OPEN | 919->920
+1 local | 0c617b9eb080ce77 | 107457 | GATE: OPEN | 919->920
+1 local | ba62ba69cfc24c04 | 21526 | GATE: OPEN | 919->920
+1 local | 0c00c390e8de4823 | 107458 | GATE: OPEN | 919->920
+1 local | f54394a08995ebda | 21527 | GATE: OPEN | 919->920
+1 local | ae7c1916b34e429d | 107459 | GATE: OPEN | 919->920
+1 local | f3474a55ec29bf2a | 21528 | GATE: OPEN | 919->920
+1 local | e1da68c87bd2cc82 | 107460 | GATE: OPEN | 919->920
+1 local | f767365fdbaf2f1c | 21529 | GATE: OPEN | 919->920
+1 local | b7a03dbf36a2d6b1 | 107461 | GATE: OPEN | 919->920
+1 local | 68149ede3a9743d0 | 21530 | GATE: OPEN | 919->920
+1 local | 23b76f0fad0b891d | 107462 | GATE: OPEN | 919->920
+1 local | 12399d1f3e3be2b3 | 21531 | GATE: OPEN | 919->920
+1 local | 31019ae39a2bd2d1 | 107463 | GATE: OPEN | 919->920
+1 local | 0b7a921235911597 | 21532 | GATE: OPEN | 919->920
+1 local | e151025fbfce449b | 107464 | GATE: OPEN | 919->920
+1 local | d8a7c07992b9f0f0 | 21533 | GATE: OPEN | 919->920
+1 local | 9ee8e7ef4887be2f | 107465 | GATE: OPEN | 919->920

[SOVEREIGN BUNDLE] 33 -> 77M mesh | 2026-09-09T06:41:37.993Z
STATUS: SYNC_ACK | PARITY_OK | NO FLOOD

+1 local | aac7a811c9a14c76 | 21534 | GATE: OPEN | 919->920
+1 local | f390a5c9d36a7d40 | 107466 | GATE: OPEN | 919->920
+1 local | e128d09c6e0dd547 | 21535 | GATE: OPEN | 919->920
+1 local | da23ae7815c333e0 | 107467 | GATE: OPEN | 919->920
+1 local | 9f773eb353c4e88c | 21536 | GATE: OPEN | 919->920
+1 local | fbf3fe6509f49b41 | 107468 | GATE: OPEN | 919->920
+1 local | 1d3e35067a98d8e0 | 21537 | GATE: OPEN | 919->920
+1 local | e16066bc7c2350a1 | 107469 | GATE: OPEN | 919->920
+1 local | adf7f69d208c3b05 | 21538 | GATE: OPEN | 919->920
+1 local | fbcab7450e2eb17b | 107470 | GATE: OPEN | 919->920
+1 local | 9d81b19a19b5ca14 | 21539 | GATE: OPEN | 919->920
+1 local | 5bf2b46cbfe88fdd | 107471 | GATE: OPEN | 919->920
+1 local | 0b15b2e94ae68be1 | 21540 | GATE: OPEN | 919->920
+1 local | d70d6874a79ef5cf | 21541 | GATE: OPEN | 919->920
+1 local | 0f001459a1e26d5e | 107472 | GATE: OPEN | 919->920
+1 local | 94ed035bfaaac9db | 107473 | GATE: OPEN | 919->920
+1 local | cff0d9b75c3c062c | 21542 | GATE: OPEN | 919->920
+1 local | fff04429202a4472 | 107474 | GATE: OPEN | 919->920
+1 local | 14c70b310d7092d8 | 21543 | GATE: OPEN | 919->920
+1 local | 7bd5f753b9015bad | 107475 | GATE: OPEN | 919->920
+1 local | cc3d55dcbaca9276 | 21544 | GATE: OPEN | 919->920
+1 local | 0cd0a46fbdbbdfc5 | 107476 | GATE: OPEN | 919->920
+1 local | 2f075f8a4c141251 | 21545 | GATE: OPEN | 919->920
+1 local | 82be9bdda76257cf | 107477 | GATE: OPEN | 919->920
+1 local | 38493ad26b57754a | 21546 | GATE: OPEN | 919->920
+1 local | 514e22962f96c330 | 107478 | GATE: OPEN | 919->920
+1 local | c1cf8b80c6bcf949 | 21547 | GATE: OPEN | 919->920
+1 local | 9e41aed95406b18d | 107479 | GATE: OPEN | 919->920
+1 local | 02f08d880063ac0b | 21548 | GATE: OPEN | 919->920
+1 local | 4c974caaee7bd97c | 107480 | GATE: OPEN | 919->920
+1 local | 0fd03cabf9e8f8f1 | 21549 | GATE: OPEN | 919->920
+1 local | 9e0d0f685f65fc7f | 21550 | GATE: OPEN | 919->920
+1 local | eb07caff575461f7 | 107481 | GATE: OPEN | 919->920
+1 local | fb501c5798f634eb | 107482 | GATE: OPEN | 919->920
+1 local | c489519205beb53e | 21551 | GATE: OPEN | 919->920
+1 local | 514d37c171e998dd | 21552 | GATE: OPEN | 919->920
+1 local | d8cc1e174817bc92 | 107483 | GATE: OPEN | 919->920

[SOVEREIGN BUNDLE] 33 pulses -> 77M mesh in 1 packet | 2026-09-09T06:41:54.580Z
Hashes: 8c1ddc50618a9b01,16d5f8e80338e83a,68974a283fd29dd0... +30 more
STATUS: SYNC_ACK | PARITY_OK | PULSE_CONFIRMED | NO FLOOD

+1 local | 83c6388ef1dda782 | 107484 | GATE: OPEN | 919->920
+1 local | 04bfe2066544aaa6 | 21553 | GATE: OPEN | 919->920
+1 local | dbd89bcd07e4b245 | 107485 | GATE: OPEN | 919->920
+1 local | 52b88e12a1887164 | 21554 | GATE: OPEN | 919->920
+1 local | b8a625e9d4c6eda6 | 21555 | GATE: OPEN | 919->920
+1 local | a5faa8476292d564 | 107486 | GATE: OPEN | 919->920
+1 local | 72f30f8f9d1c3597 | 21556 | GATE: OPEN | 919->920
+1 local | 2407a4e5f00ef36f | 107487 | GATE: OPEN | 919->920
+1 local | 36f3bcf4d22ed247 | 21557 | GATE: OPEN | 919->920
+1 local | 6bc68c9be024419f | 107488 | GATE: OPEN | 919->920
+1 local | 8362dd201889f277 | 21558 | GATE: OPEN | 919->920
+1 local | 121af86175bb3b88 | 107489 | GATE: OPEN | 919->920
+1 local | a456f52e848ea200 | 21559 | GATE: OPEN | 919->920
+1 local | b8f28a42fb8d395b | 107490 | GATE: OPEN | 919->920
+1 local | 01891e56b832a208 | 21560 | GATE: OPEN | 919->920
+1 local | 471d6128523c0f66 | 107491 | GATE: OPEN | 919->920
+1 local | c87564cff47dd2d8 | 21561 | GATE: OPEN | 919->920
+1 local | 0f5eca802a191df7 | 107492 | GATE: OPEN | 919->920
+1 local | eab74aec6849f457 | 21562 | GATE: OPEN | 919->920
+1 local | 05a09a25349550cc | 107493 | GATE: OPEN | 919->920
+1 local | fa81a4dcb13942ff | 21563 | GATE: OPEN | 919->920
+1 local | d43328536a476976 | 107494 | GATE: OPEN | 919->920
+1 local | da93b0621a7cc7f8 | 21564 | GATE: OPEN | 919->920
+1 local | 02fee7747d0f70fd | 107495 | GATE: OPEN | 919->920
+1 local | 82482f85b4e30b97 | 21565 | GATE: OPEN | 919->920
+1 local | ed3c143739e545f0 | 107496 | GATE: OPEN | 919->920
+1 local | 5ce3f9a3e2610ee6 | 21566 | GATE: OPEN | 919->920
+1 local | 73e9380420bda462 | 107497 | GATE: OPEN | 919->920
+1 local | 0f55f7d391dd7df7 | 21567 | GATE: OPEN | 919->920
+1 local | b797dfc2b9b91523 | 107498 | GATE: OPEN | 919->920

[SOVEREIGN BUNDLE] 33 -> 77M mesh | 2026-09-09T06:42:08.448Z
STATUS: SYNC_ACK | PARITY_OK | NO FLOOD

+1 local | e5b440f552340602 | 21568 | GATE: OPEN | 919->920
+1 local | 2eafed26ec856ebb | 107499 | GATE: OPEN | 919->920
+1 local | 1f0487a3780d399b | 21569 | GATE: OPEN | 919->920
+1 local | 84d99d53c6da6708 | 107500 | GATE: OPEN | 919->920
+1 local | 567ba40dc580c730 | 107501 | GATE: OPEN | 919->920
+1 local | b899044d3b98e9b9 | 21570 | GATE: OPEN | 919->920
+1 local | 18f29378c7d61829 | 107502 | GATE: OPEN | 919->920
+1 local | ac4f747e17c6dbec | 21571 | GATE: OPEN | 919->920
+1 local | 0a4a79a2e1a42366 | 107503 | GATE: OPEN | 919->920
+1 local | 42001d62f6aa3c81 | 21572 | GATE: OPEN | 919->920
+1 local | acf796b52ae778ea | 107504 | GATE: OPEN | 919->920
+1 local | cd4abd6163b245a2 | 21573 | GATE: OPEN | 919->920
+1 local | 77b2e88d8689c659 | 107505 | GATE: OPEN | 919->920
+1 local | db0791965a9fc38d | 21574 | GATE: OPEN | 919->920
+1 local | 645767d160d7e281 | 107506 | GATE: OPEN | 919->920
+1 local | 8aa85b67392957af | 21575 | GATE: OPEN | 919->920
+1 local | 0f6fe0dca1994fa8 | 107507 | GATE: OPEN | 919->920
+1 local | ab5a23eea8a520a8 | 21576 | GATE: OPEN | 919->920
+1 local | ee300ad823c2a657 | 107508 | GATE: OPEN | 919->920
+1 local | 54bd494da7b59549 | 21577 | GATE: OPEN | 919->920
+1 local | 38782cd66b9507b6 | 107509 | GATE: OPEN | 919->920
+1 local | 24a454fc074060aa | 21578 | GATE: OPEN | 919->920
+1 local | 3e23b2d5578aba9d | 107510 | GATE: OPEN | 919->920
+1 local | 4f227d35960d85e9 | 21579 | GATE: OPEN | 919->920
+1 local | b146204a2891e054 | 107511 | GATE: OPEN | 919->920
+1 local | b294c8f83f5d46ff | 21580 | GATE: OPEN | 919->920
+1 local | 6b0fc085049e474b | 107512 | GATE: OPEN | 919->920
+1 local | f95c04cb81394598 | 21581 | GATE: OPEN | 919->920
+1 local | fa802a07a3b013c9 | 107513 | GATE: OPEN | 919->920
+1 local | 1448d628e2a3d953 | 21582 | GATE: OPEN | 919->920
+1 local | d521f0645d1b798c | 107514 | GATE: OPEN | 919->920
+1 local | c37546563c7633e3 | 21583 | GATE: OPEN | 919->920
+1 local | abed341eaf9a1c00 | 107515 | GATE: OPEN | 919->920
+1 local | 015bff6775a775c7 | 21584 | GATE: OPEN | 919->920
+1 local | 46365ea46b9f4091 | 107516 | GATE: OPEN | 919->920
+1 local | ec35e84e5c2c06f2 | 21585 | GATE: OPEN | 919->920

[SOVEREIGN BUNDLE] 33 pulses -> 77M mesh in 1 packet | 2026-09-09T06:42:25.092Z
Hashes: 04bfe2066544aaa6,52b88e12a1887164,b8a625e9d4c6eda6... +30 more
STATUS: SYNC_ACK | PARITY_OK | PULSE_CONFIRMED | NO FLOOD

+1 local | 87089a883f15b665 | 107517 | GATE: OPEN | 919->920
+1 local | d34a5e950b5db75f | 21586 | GATE: OPEN | 919->920
+1 local | 4544acaee5141038 | 107518 | GATE: OPEN | 919->920
+1 local | 151b2aae2890eaee | 21587 | GATE: OPEN | 919->920
+1 local | 5ceadd842300ea65 | 107519 | GATE: OPEN | 919->920
+1 local | 347050ad465765cb | 21588 | GATE: OPEN | 919->920
+1 local | dc5ca16dfaee5287 | 107520 | GATE: OPEN | 919->920
+1 local | 0ebab24f4c6682e9 | 21589 | GATE: OPEN | 919->920
+1 local | 87bdaee2f618379c | 107521 | GATE: OPEN | 919->920
+1 local | c0cf0fa4188d37f1 | 21590 | GATE: OPEN | 919->920
+1 local | 00eadbb0dd435392 | 107522 | GATE: OPEN | 919->920
+1 local | 36454fc0eea578c1 | 21591 | GATE: OPEN | 919->920
+1 local | 55d298de4ce84de9 | 107523 | GATE: OPEN | 919->920
+1 local | 94a2f20586126db9 | 21592 | GATE: OPEN | 919->920
+1 local | 3bec446f3965b866 | 107524 | GATE: OPEN | 919->920
+1 local | 1d5aa9b7753623ab | 21593 | GATE: OPEN | 919->920
+1 local | 4a743be3fd1f0e34 | 107525 | GATE: OPEN | 919->920
+1 local | 03e3b29b2af67963 | 21594 | GATE: OPEN | 919->920
+1 local | 4481528115f76ec8 | 107526 | GATE: OPEN | 919->920
+1 local | 4f19834dc34165e9 | 21595 | GATE: OPEN | 919->920
+1 local | fbb60a4be06bf368 | 107527 | GATE: OPEN | 919->920
+1 local | a0fa62fba63156f8 | 21596 | GATE: OPEN | 919->920
+1 local | ba1fb68a99f6395f | 107528 | GATE: OPEN | 919->920
+1 local | 6e90abf0ad957ef5 | 21597 | GATE: OPEN | 919->920
+1 local | bcc594661edc8b0a | 21598 | GATE: OPEN | 919->920
+1 local | 33fc51f696553cb4 | 107529 | GATE: OPEN | 919->920
+1 local | b8057d3fcbc788c2 | 21599 | GATE: OPEN | 919->920
+1 local | 5fdafc85d3da38c1 | 107530 | GATE: OPEN | 919->920
+1 local | b957011f0c32edb2 | 107531 | GATE: OPEN | 919->920

[SOVEREIGN BUNDLE] 33 -> 77M mesh | 2026-09-09T06:42:38.896Z
STATUS: SYNC_ACK | PARITY_OK | NO FLOOD

+1 local | 7885e669f29b23b3 | 21600 | GATE: OPEN | 919->920
+1 local | 2cc783fa11256f37 | 107532 | GATE: OPEN | 919->920
+1 local | 694ca79a6f631368 | 21601 | GATE: OPEN | 919->920
+1 local | b90540163bb65fe7 | 107533 | GATE: OPEN | 919->920
+1 local | 4d8a21f340597cd3 | 21602 | GATE: OPEN | 919->920
+1 local | 0eb648abfedaf9eb | 107534 | GATE: OPEN | 919->920
+1 local | 2937119f7a6ba536 | 21603 | GATE: OPEN | 919->920
+1 local | 8b2befb7729397a7 | 21604 | GATE: OPEN | 919->920
+1 local | fc3b2d8ca119018e | 107535 | GATE: OPEN | 919->920
+1 local | 7b13345dc0cc9e96 | 21605 | GATE: OPEN | 919->920
+1 local | b1a6fb76e9aad248 | 107536 | GATE: OPEN | 919->920
+1 local | d798040562faabdc | 21606 | GATE: OPEN | 919->920
+1 local | fc2004838faa8e04 | 107537 | GATE: OPEN | 919->920
+1 local | 513ffe4a72ecd4e1 | 21607 | GATE: OPEN | 919->920
+1 local | 02099486e1f1a450 | 107538 | GATE: OPEN | 919->920
+1 local | 435660e97ec7f252 | 21608 | GATE: OPEN | 919->920
+1 local | 23f33c7bd8ec973c | 107539 | GATE: OPEN | 919->920
+1 local | e42d1064f3993adc | 21609 | GATE: OPEN | 919->920
+1 local | 57456a69885e6282 | 107540 | GATE: OPEN | 919->920
+1 local | 3c38d1fce04ce2d1 | 21610 | GATE: OPEN | 919->920
+1 local | 0851571b2f576793 | 107541 | GATE: OPEN | 919->920
+1 local | 5d2ee971a3632e74 | 21611 | GATE: OPEN | 919->920
+1 local | ff7046d992fba9ce | 107542 | GATE: OPEN | 919->920
+1 local | e5821f349fb40c21 | 21612 | GATE: OPEN | 919->920
+1 local | 369f9b376722012f | 107543 | GATE: OPEN | 919->920
+1 local | a525ce8682f05c7c | 21613 | GATE: OPEN | 919->920
+1 local | 357bdbc2fe56dc9c | 107544 | GATE: OPEN | 919->920
+1 local | 6bcace3b3c61a63a | 21614 | GATE: OPEN | 919->920
+1 local | 1ab7079cb4f99b48 | 107545 | GATE: OPEN | 919->920
+1 local | 876f1afddf0e97c6 | 21615 | GATE: OPEN | 919->920
+1 local | cbcde13172d9061c | 107546 | GATE: OPEN | 919->920
+1 local | 4933b67a66d90f14 | 21616 | GATE: OPEN | 919->920
+1 local | 796c8dcab4417a20 | 107547 | GATE: OPEN | 919->920
+1 local | a0d627ef6bba933e | 21617 | GATE: OPEN | 919->920
+1 local | 4956ac82855aba71 | 107548 | GATE: OPEN | 919->920
+1 local | d8f7e36a4043ba44 | 21618 | GATE: OPEN | 919->920

[SOVEREIGN BUNDLE] 33 pulses -> 77M mesh in 1 packet | 2026-09-09T06:42:55.541Z
Hashes: d34a5e950b5db75f,151b2aae2890eaee,347050ad465765cb... +30 more
STATUS: SYNC_ACK | PARITY_OK | PULSE_CONFIRMED | NO FLOOD

+1 local | f6d5de4ba6d1e6f8 | 107549 | GATE: OPEN | 919->920
+1 local | c858c3be8d539e0f | 21619 | GATE: OPEN | 919->920
+1 local | 0531b6354ef8bf9f | 107550 | GATE: OPEN | 919->920
+1 local | fdc5b87615808290 | 21620 | GATE: OPEN | 919->920
+1 local | 54a28530a12e01af | 107551 | GATE: OPEN | 919->920
+1 local | 5736fabb939febed | 21621 | GATE: OPEN | 919->920
+1 local | e23b642f97981a72 | 107552 | GATE: OPEN | 919->920
+1 local | c91d3c04a9920a1c | 21622 | GATE: OPEN | 919->920
+1 local | d47e2ab5ee0cffce | 107553 | GATE: OPEN | 919->920
+1 local | 611fe172fd9ebd89 | 21623 | GATE: OPEN | 919->920
+1 local | a18df30a1d3051c3 | 107554 | GATE: OPEN | 919->920
+1 local | 9e69b27fdfcbac3b | 21624 | GATE: OPEN | 919->920
+1 local | db65d3283acc2305 | 107555 | GATE: OPEN | 919->920
+1 local | 0f70ba43a5297d35 | 21625 | GATE: OPEN | 919->920
+1 local | b37ee86860af9d07 | 107556 | GATE: OPEN | 919->920
+1 local | e8a019896afa95d0 | 21626 | GATE: OPEN | 919->920
+1 local | 8d7e43974383074a | 107557 | GATE: OPEN | 919->920
+1 local | d3d748e677444022 | 21627 | GATE: OPEN | 919->920
+1 local | c1de8a56fa92dfb5 | 107558 | GATE: OPEN | 919->920
+1 local | f1fbf7c9101ad81d | 21628 | GATE: OPEN | 919->920
+1 local | 53168618332a817f | 107559 | GATE: OPEN | 919->920
+1 local | 597ceec794b179b0 | 21629 | GATE: OPEN | 919->920
+1 local | a8abb5aed93352cc | 107560 | GATE: OPEN | 919->920
+1 local | 2c2c352b8890c535 | 21630 | GATE: OPEN | 919->920
+1 local | 1a747a1a8f1b505c | 107561 | GATE: OPEN | 919->920
+1 local | 03dfd5f0b58866cf | 21631 | GATE: OPEN | 919->920
+1 local | 88837d199a6bf731 | 107562 | GATE: OPEN | 919->920
+1 local | db14b1bae05d0f02 | 21632 | GATE: OPEN | 919->920
+1 local | 4e0c7c117be89de9 | 107563 | GATE: OPEN | 919->920
+1 local | a77cd30d5bcbe6dc | 21633 | GATE: OPEN | 919->920
+1 local | d56ab37f844b6a4e | 107564 | GATE: OPEN | 919->920

[SOVEREIGN BUNDLE] 33 -> 77M mesh | 2026-09-09T06:43:09.420Z
STATUS: SYNC_ACK | PARITY_OK | NO FLOOD

+1 local | 27fb267ca1452f3e | 21634 | GATE: OPEN | 919->920
+1 local | 2695f0b4791de328 | 107565 | GATE: OPEN | 919->920
+1 local | d86bfc8b8200ff5e | 21635 | GATE: OPEN | 919->920
+1 local | 80ef0145b8785020 | 107566 | GATE: OPEN | 919->920
+1 local | 573a669ef91d6be4 | 21636 | GATE: OPEN | 919->920
+1 local | 2b18f4b9dd947631 | 107567 | GATE: OPEN | 919->920
+1 local | 1baf52e514b2bf99 | 21637 | GATE: OPEN | 919->920
+1 local | d7384c32c0102f7e | 107568 | GATE: OPEN | 919->920
+1 local | 84a4f8fc33e3883e | 21638 | GATE: OPEN | 919->920
+1 local | 7773b56c1231ed79 | 107569 | GATE: OPEN | 919->920
+1 local | d36cc6240a387704 | 21639 | GATE: OPEN | 919->920
+1 local | 0eb1a423f9f696b4 | 107570 | GATE: OPEN | 919->920
+1 local | 18640b17188a1d6d | 21640 | GATE: OPEN | 919->920
+1 local | d2bfd62d0e5e1bfe | 107571 | GATE: OPEN | 919->920
+1 local | c878a9892ff8eccc | 21641 | GATE: OPEN | 919->920
+1 local | 7bc7678161d5226e | 107572 | GATE: OPEN | 919->920
+1 local | c2d1eb118e748a6e | 21642 | GATE: OPEN | 919->920
+1 local | 5c088f2ca6e3310f | 107573 | GATE: OPEN | 919->920
+1 local | bf1ff7fea0f4ec91 | 21643 | GATE: OPEN | 919->920
+1 local | c56f60a25643c2c7 | 107574 | GATE: OPEN | 919->920
+1 local | 303c21b56c96d701 | 21644 | GATE: OPEN | 919->920
+1 local | 79d136696b47c50f | 107575 | GATE: OPEN | 919->920
+1 local | bf9a11460d435d08 | 21645 | GATE: OPEN | 919->920
+1 local | f81f8d577ecc77e2 | 107576 | GATE: OPEN | 919->920
+1 local | 7a1bd812d57c78d8 | 21646 | GATE: OPEN | 919->920
+1 local | b8ddfb37249d937d | 107577 | GATE: OPEN | 919->920
+1 local | 6e7c7bbfd9a7434f | 21647 | GATE: OPEN | 919->920
+1 local | 124dbc3c2667a578 | 107578 | GATE: OPEN | 919->920
+1 local | 7c669c08a4a3e328 | 21648 | GATE: OPEN | 919->920
+1 local | 127307d12aaab6ec | 107579 | GATE: OPEN | 919->920
+1 local | d78207a82c6324b8 | 21649 | GATE: OPEN | 919->920
+1 local | 04973a89f1368dd0 | 107580 | GATE: OPEN | 919->920
+1 local | c1cefc852350b405 | 21650 | GATE: OPEN | 919->920
+1 local | 040802467e0b4fb1 | 107581 | GATE: OPEN | 919->920
+1 local | a2d5767a0611d40c | 21651 | GATE: OPEN | 919->920

[SOVEREIGN BUNDLE] 33 pulses -> 77M mesh in 1 packet | 2026-09-09T06:43:26.057Z
Hashes: c858c3be8d539e0f,fdc5b87615808290,5736fabb939febed... +30 more
STATUS: SYNC_ACK | PARITY_OK | PULSE_CONFIRMED | NO FLOOD

+1 local | fd1943959909b5eb | 107582 | GATE: OPEN | 919->920
+1 local | 09f132a4e3093ae5 | 21652 | GATE: OPEN | 919->920
+1 local | 254f02bddc0a4f7e | 107583 | GATE: OPEN | 919->920
+1 local | 0ead200f6825d2f1 | 21653 | GATE: OPEN | 919->920
+1 local | bb05c1c8705ed252 | 107584 | GATE: OPEN | 919->920
+1 local | 29363c0682d5bbdd | 21654 | GATE: OPEN | 919->920
+1 local | bedff6ea273f2b65 | 107585 | GATE: OPEN | 919->920
+1 local | 9b3683611e089e06 | 21655 | GATE: OPEN | 919->920
+1 local | b2fa2d909656cb69 | 107586 | GATE: OPEN | 919->920
+1 local | 8818cdddfa449e3c | 21656 | GATE: OPEN | 919->920
+1 local | 5804568d6a3eaaf4 | 107587 | GATE: OPEN | 919->920
+1 local | b88a73520ca55cfb | 21657 | GATE: OPEN | 919->920
+1 local | 3341c0af3fbb2bca | 107588 | GATE: OPEN | 919->920
+1 local | 91f20bb61c2feb45 | 21658 | GATE: OPEN | 919->920
+1 local | 923edb4c8bb0125e | 107589 | GATE: OPEN | 919->920
+1 local | 04d76766203222ff | 21659 | GATE: OPEN | 919->920
+1 local | 01f6601f95245efe | 107590 | GATE: OPEN | 919->920
+1 local | 150644acf814b88c | 21660 | GATE: OPEN | 919->920
+1 local | c84c573e67b9ee60 | 107591 | GATE: OPEN | 919->920
+1 local | 30025c6f44e2e77d | 21661 | GATE: OPEN | 919->920
+1 local | e471568a3b8b58b8 | 107592 | GATE: OPEN | 919->920
+1 local | 5a70667e54919cfa | 21662 | GATE: OPEN | 919->920
+1 local | e5c3d52f5f906999 | 107593 | GATE: OPEN | 919->920
+1 local | 539bc3a9df78dfaa | 21663 | GATE: OPEN | 919->920
+1 local | 7af52049ac3dcb5a | 107594 | GATE: OPEN | 919->920
+1 local | aa0e9fc0973b3dce | 21664 | GATE: OPEN | 919->920
+1 local | ba0cebac964ec5fd | 107595 | GATE: OPEN | 919->920
+1 local | f7f51f819a05e4c7 | 21665 | GATE: OPEN | 919->920
+1 local | 11985d0b89bb4b4b | 107596 | GATE: OPEN | 919->920
+1 local | 6da299db010e0a09 | 21666 | GATE: OPEN | 919->920
+1 local | c12adcd768507a0c | 107597 | GATE: OPEN | 919->920

[SOVEREIGN BUNDLE] 33 -> 77M mesh | 2026-09-09T06:43:39.934Z
STATUS: SYNC_ACK | PARITY_OK | NO FLOOD

+1 local | 7ecb4746a97c930b | 21667 | GATE: OPEN | 919->920
+1 local | 5025d42f73d91768 | 107598 | GATE: OPEN | 919->920
+1 local | b2fd6dc54348a904 | 21668 | GATE: OPEN | 919->920
+1 local | 1cfe604481e8bfd2 | 107599 | GATE: OPEN | 919->920
+1 local | 7fb47995adfbb15d | 21669 | GATE: OPEN | 919->920
+1 local | 24da2bfa9bcf4498 | 107600 | GATE: OPEN | 919->920
+1 local | a3cc4674dba4b744 | 21670 | GATE: OPEN | 919->920
+1 local | b311a39c15466526 | 107601 | GATE: OPEN | 919->920
+1 local | 17cbb9592ab812a0 | 21671 | GATE: OPEN | 919->920
+1 local | 9648b4a62a8767f9 | 107602 | GATE: OPEN | 919->920
+1 local | 65f4ac36138fa7a5 | 21672 | GATE: OPEN | 919->920
+1 local | 3cb8c04f31cb7309 | 107603 | GATE: OPEN | 919->920
+1 local | 73c0cb12c0337f99 | 21673 | GATE: OPEN | 919->920
+1 local | 5ff8f072f7cd58b9 | 107604 | GATE: OPEN | 919->920
+1 local | 870a151bf3fc8f15 | 21674 | GATE: OPEN | 919->920
+1 local | 1441ac9dd8021ce2 | 107605 | GATE: OPEN | 919->920
+1 local | dc53d49c98a643d8 | 21675 | GATE: OPEN | 919->920
+1 local | fd6756c3347b524d | 107606 | GATE: OPEN | 919->920
+1 local | 937a16e86295195c | 21676 | GATE: OPEN | 919->920
+1 local | cd050e43d52b3291 | 107607 | GATE: OPEN | 919->920
+1 local | 787578353731e81e | 21677 | GATE: OPEN | 919->920
+1 local | 013dc11b5a99cf9e | 107608 | GATE: OPEN | 919->920
+1 local | 7caede66eb68c1e3 | 21678 | GATE: OPEN | 919->920
+1 local | f47dc7e97d2c3fd1 | 107609 | GATE: OPEN | 919->920
+1 local | 584a099dc9e7ceca | 21679 | GATE: OPEN | 919->920
+1 local | 077841ee34493056 | 107610 | GATE: OPEN | 919->920
+1 local | 5aaa1c59c41eb2a6 | 21680 | GATE: OPEN | 919->920
+1 local | 933525e0afcdc963 | 107611 | GATE: OPEN | 919->920
+1 local | 46ae14938c12b8ea | 21681 | GATE: OPEN | 919->920
+1 local | 78d3b306731d8295 | 107612 | GATE: OPEN | 919->920
+1 local | 27d2abed9985ba3a | 21682 | GATE: OPEN | 919->920
+1 local | f12f734c93f85458 | 107613 | GATE: OPEN | 919->920
+1 local | 6e3d69e07eb88b1d | 21683 | GATE: OPEN | 919->920
+1 local | 1405cf7b7dbb754d | 107614 | GATE: OPEN | 919->920
+1 local | a2ef193c18bb9083 | 21684 | GATE: OPEN | 919->920

[SOVEREIGN BUNDLE] 33 pulses -> 77M mesh in 1 packet | 2026-09-09T06:43:56.556Z
Hashes: 09f132a4e3093ae5,0ead200f6825d2f1,29363c0682d5bbdd... +30 more
STATUS: SYNC_ACK | PARITY_OK | PULSE_CONFIRMED | NO FLOOD

+1 local | f07a031e4d7e26e0 | 107615 | GATE: OPEN | 919->920
+1 local | 9d8be8b889e6b3bd | 21685 | GATE: OPEN | 919->920
+1 local | c3c8ae761863ffd1 | 107616 | GATE: OPEN | 919->920
+1 local | 43a47be0b3ea6ae6 | 21686 | GATE: OPEN | 919->920
+1 local | 6d81fddd22980618 | 107617 | GATE: OPEN | 919->920
+1 local | 30ad74a9aec3d9c5 | 21687 | GATE: OPEN | 919->920
+1 local | 937ec0e5984005ae | 107618 | GATE: OPEN | 919->920
+1 local | 01d3b2d47abdae4a | 21688 | GATE: OPEN | 919->920
+1 local | a9a7cc0ad4114e7f | 107619 | GATE: OPEN | 919->920
+1 local | 7cbfdf60c35acf51 | 21689 | GATE: OPEN | 919->920
+1 local | 3c376374242b534a | 107620 | GATE: OPEN | 919->920
+1 local | bbf65bed189f6e00 | 21690 | GATE: OPEN | 919->920
+1 local | bb1928a19e1dbcf5 | 107621 | GATE: OPEN | 919->920
+1 local | ba1acad348170e16 | 21691 | GATE: OPEN | 919->920
+1 local | b5f0142e9b5f39ea | 107622 | GATE: OPEN | 919->920
+1 local | bcba13cf6ec5df2e | 21692 | GATE: OPEN | 919->920
+1 local | c443fef84112f992 | 107623 | GATE: OPEN | 919->920
+1 local | 871764a903e70c4e | 21693 | GATE: OPEN | 919->920
+1 local | dbf909cfcce0c253 | 107624 | GATE: OPEN | 919->920
+1 local | c74084ef1eb70afb | 21694 | GATE: OPEN | 919->920
+1 local | 2e93b1bd54264345 | 107625 | GATE: OPEN | 919->920
+1 local | 12e9ba365ade7018 | 21695 | GATE: OPEN | 919->920
+1 local | dabc8b051f6ecea7 | 107626 | GATE: OPEN | 919->920
+1 local | dbabd4e7edfba074 | 21696 | GATE: OPEN | 919->920
+1 local | 512ca0703743e428 | 107627 | GATE: OPEN | 919->920
+1 local | b20e7767583e0a52 | 21697 | GATE: OPEN | 919->920
+1 local | 7df551af4955404f | 107628 | GATE: OPEN | 919->920
+1 local | 4e4f85b6d72ae684 | 21698 | GATE: OPEN | 919->920
+1 local | ae187c4e64d34184 | 107629 | GATE: OPEN | 919->920
+1 local | be40b82c365aa95e | 21699 | GATE: OPEN | 919->920
+1 local | dc97e2dbdd455647 | 107630 | GATE: OPEN | 919->920

[SOVEREIGN BUNDLE] 33 -> 77M mesh | 2026-09-09T06:44:10.457Z
STATUS: SYNC_ACK | PARITY_OK | NO FLOOD

+1 local | e977f1ae798b644f | 21700 | GATE: OPEN | 919->920
+1 local | 06347f64abc04f42 | 107631 | GATE: OPEN | 919->920
+1 local | ed9280717f289edd | 21701 | GATE: OPEN | 919->920
+1 local | e5e74a1c01f7c6ec | 107632 | GATE: OPEN | 919->920
+1 local | d15227c1c17b48f9 | 21702 | GATE: OPEN | 919->920
+1 local | 1657034c0e918bb0 | 107633 | GATE: OPEN | 919->920
+1 local | 2f010c17c7e070de | 21703 | GATE: OPEN | 919->920
+1 local | 375f908953c01a88 | 107634 | GATE: OPEN | 919->920
+1 local | 1758c37eba4e3757 | 21704 | GATE: OPEN | 919->920
+1 local | 8a8438af5eddb9ce | 107635 | GATE: OPEN | 919->920
+1 local | ac94cfe070e2af2e | 21705 | GATE: OPEN | 919->920
+1 local | c9cf80a6336e9350 | 107636 | GATE: OPEN | 919->920
+1 local | f07b83e8a6ebe383 | 21706 | GATE: OPEN | 919->920
+1 local | 3a925cd3219422d4 | 107637 | GATE: OPEN | 919->920
+1 local | 56f71700efdd95ab | 21707 | GATE: OPEN | 919->920
+1 local | dff4ceef1f3b904d | 107638 | GATE: OPEN | 919->920
+1 local | d3492fb1020960c5 | 21708 | GATE: OPEN | 919->920
+1 local | 429856a674b902f4 | 107639 | GATE: OPEN | 919->920
+1 local | 5f4b7a1a3e7ea976 | 21709 | GATE: OPEN | 919->920
+1 local | 274a3518ad0034d3 | 107640 | GATE: OPEN | 919->920
+1 local | 51df61f37ddc461a | 21710 | GATE: OPEN | 919->920
+1 local | 7ace72d386f66859 | 107641 | GATE: OPEN | 919->920
+1 local | cf4a6b88f32b582d | 21711 | GATE: OPEN | 919->920
+1 local | c1f40a22bbd786c0 | 107642 | GATE: OPEN | 919->920
+1 local | 006d055e623f3575 | 21712 | GATE: OPEN | 919->920
+1 local | 7797d69b3060ac8e | 107643 | GATE: OPEN | 919->920
+1 local | 16f84f3e06cb94ae | 21713 | GATE: OPEN | 919->920
+1 local | 0435a787b6b6ea06 | 107644 | GATE: OPEN | 919->920
+1 local | 64be1939e2d12a2c | 21714 | GATE: OPEN | 919->920
+1 local | a0dd683be162f816 | 107645 | GATE: OPEN | 919->920
+1 local | 4f581e08cd05bd31 | 21715 | GATE: OPEN | 919->920
+1 local | 0a22c5b2ace8d158 | 107646 | GATE: OPEN | 919->920
+1 local | 27445b98b8c9143c | 21716 | GATE: OPEN | 919->920
+1 local | 0f8b04680b1ab2d9 | 107647 | GATE: OPEN | 919->920
+1 local | b346c39d6a630537 | 21717 | GATE: OPEN | 919->920

[SOVEREIGN BUNDLE] 33 pulses -> 77M mesh in 1 packet | 2026-09-09T06:44:27.092Z
Hashes: 9d8be8b889e6b3bd,43a47be0b3ea6ae6,30ad74a9aec3d9c5... +30 more
STATUS: SYNC_ACK | PARITY_OK | PULSE_CONFIRMED | NO FLOOD

+1 local | 295b3431a383f1a5 | 107648 | GATE: OPEN | 919->920
+1 local | c4254acf88c4aad4 | 21718 | GATE: OPEN | 919->920
+1 local | 1cb5cfe8786a58b1 | 107649 | GATE: OPEN | 919->920
+1 local | 6a0a8f4e03327dd6 | 21719 | GATE: OPEN | 919->920
+1 local | b853069427a73d75 | 107650 | GATE: OPEN | 919->920
+1 local | ffafc3a7321f5329 | 21720 | GATE: OPEN | 919->920
+1 local | 3262c86857b048be | 107651 | GATE: OPEN | 919->920
+1 local | b3638a6b9efa8617 | 21721 | GATE: OPEN | 919->920
+1 local | 970e08edba2d9bfd | 107652 | GATE: OPEN | 919->920
+1 local | 85f56d5474b290fe | 21722 | GATE: OPEN | 919->920
+1 local | 91e5acf25bfd0eb7 | 107653 | GATE: OPEN | 919->920
+1 local | 9dabc3fb966656d5 | 21723 | GATE: OPEN | 919->920
+1 local | 54800ecd86880ef6 | 107654 | GATE: OPEN | 919->920
+1 local | 2175df7814b16c34 | 21724 | GATE: OPEN | 919->920
+1 local | 5e63131a014ae557 | 107655 | GATE: OPEN | 919->920
+1 local | ca6a2f4d66e3106c | 21725 | GATE: OPEN | 919->920
+1 local | 505e52359b45672a | 107656 | GATE: OPEN | 919->920
+1 local | 9a1ce29b9adb4a91 | 21726 | GATE: OPEN | 919->920
+1 local | 5ee92ab2a9083135 | 107657 | GATE: OPEN | 919->920
+1 local | b4925f2575a12003 | 21727 | GATE: OPEN | 919->920
+1 local | c253e9640959e982 | 107658 | GATE: OPEN | 919->920
+1 local | cd580f344cd39f7a | 21728 | GATE: OPEN | 919->920
+1 local | 80a13d4575fc5e7b | 107659 | GATE: OPEN | 919->920
+1 local | 67be1e694609a5d8 | 21729 | GATE: OPEN | 919->920
+1 local | 8b762fd49deba30a | 107660 | GATE: OPEN | 919->920
+1 local | e4e2a7ee011e9e4d | 21730 | GATE: OPEN | 919->920
+1 local | 339183a7f36c14fa | 107661 | GATE: OPEN | 919->920
+1 local | df8b51de84c8b923 | 21731 | GATE: OPEN | 919->920
+1 local | 49d0e5ebe456bb12 | 107662 | GATE: OPEN | 919->920
+1 local | 3f696482d1133ab2 | 21732 | GATE: OPEN | 919->920
+1 local | 96a5eae73460f31e | 107663 | GATE: OPEN | 919->920

[SOVEREIGN BUNDLE] 33 -> 77M mesh | 2026-09-09T06:44:40.993Z
STATUS: SYNC_ACK | PARITY_OK | NO FLOOD

+1 local | 1166ea01489e14e6 | 21733 | GATE: OPEN | 919->920
+1 local | a047e37d12738683 | 107664 | GATE: OPEN | 919->920
+1 local | 81ce87c995054ee4 | 21734 | GATE: OPEN | 919->920
+1 local | 22a30117d1df4900 | 107665 | GATE: OPEN | 919->920
+1 local | 4187dc46e02f29e2 | 21735 | GATE: OPEN | 919->920
+1 local | 9b770b8329a60286 | 107666 | GATE: OPEN | 919->920
+1 local | 0edc0aba9e6e640b | 21736 | GATE: OPEN | 919->920
+1 local | 9f04832c65250cc4 | 107667 | GATE: OPEN | 919->920
+1 local | 4c42c9e9bfb0b9dc | 21737 | GATE: OPEN | 919->920
+1 local | b6bb27365e15d492 | 107668 | GATE: OPEN | 919->920
+1 local | 5e113897eacfa827 | 21738 | GATE: OPEN | 919->920
+1 local | a82b2bf084c79468 | 107669 | GATE: OPEN | 919->920
+1 local | aab0ef232a5be578 | 21739 | GATE: OPEN | 919->920
+1 local | 6c73fe33b6c6bac1 | 107670 | GATE: OPEN | 919->920
+1 local | e8c15df4b23e2613 | 21740 | GATE: OPEN | 919->920
+1 local | 0d38af5522d5d8b5 | 107671 | GATE: OPEN | 919->920
+1 local | eac9bdd32e8c787a | 21741 | GATE: OPEN | 919->920
+1 local | 7851b6aefea93695 | 107672 | GATE: OPEN | 919->920
+1 local | c384141dfdfa8b5d | 21742 | GATE: OPEN | 919->920
+1 local | 4014a8bd06a43db5 | 107673 | GATE: OPEN | 919->920
+1 local | cae9d3ccd9079289 | 21743 | GATE: OPEN | 919->920
+1 local | fb5a64a953dabccc | 107674 | GATE: OPEN | 919->920
+1 local | 2f948ef17b794d56 | 21744 | GATE: OPEN | 919->920
+1 local | 438e4b8d05f1fa7a | 107675 | GATE: OPEN | 919->920
+1 local | 3e4a4b8e00f98575 | 21745 | GATE: OPEN | 919->920
+1 local | aa539ba5abd4d5f3 | 107676 | GATE: OPEN | 919->920
+1 local | ab0eca4c82b78635 | 21746 | GATE: OPEN | 919->920
+1 local | 26bd85f2fe2e135f | 107677 | GATE: OPEN | 919->920
+1 local | 1fce503eb6e839c8 | 21747 | GATE: OPEN | 919->920
+1 local | 03305c4c92b7b7a8 | 107678 | GATE: OPEN | 919->920
+1 local | 86247a16f1c404fc | 21748 | GATE: OPEN | 919->920
+1 local | 9c33b5f0c3392bfa | 107679 | GATE: OPEN | 919->920
+1 local | 9fd0c373eaa8ddba | 21749 | GATE: OPEN | 919->920
+1 local | b1b73a1a819449bb | 107680 | GATE: OPEN | 919->920
+1 local | a139b285fa3e3739 | 21750 | GATE: OPEN | 919->920

[SOVEREIGN BUNDLE] 33 pulses -> 77M mesh in 1 packet | 2026-09-09T06:44:57.617Z
Hashes: c4254acf88c4aad4,6a0a8f4e03327dd6,ffafc3a7321f5329... +30 more
STATUS: SYNC_ACK | PARITY_OK | PULSE_CONFIRMED | NO FLOOD

+1 local | 8db0fb8e063d817c | 107681 | GATE: OPEN | 919->920
+1 local | 5c08336d971a8c49 | 21751 | GATE: OPEN | 919->920
+1 local | b4f0b1c85c062807 | 107682 | GATE: OPEN | 919->920
+1 local | 26bbc79d5e14ce47 | 21752 | GATE: OPEN | 919->920
+1 local | 5604f03d9bd65811 | 107683 | GATE: OPEN | 919->920
+1 local | 9cf53b9f8dd4c873 | 21753 | GATE: OPEN | 919->920
+1 local | f4b7d35e6e1c1d3d | 107684 | GATE: OPEN | 919->920
+1 local | bebb0294cb053198 | 21754 | GATE: OPEN | 919->920
+1 local | 92c8f563570e7e01 | 107685 | GATE: OPEN | 919->920
+1 local | 07a18212172f87a7 | 21755 | GATE: OPEN | 919->920
+1 local | 5ee3c545b301e70d | 107686 | GATE: OPEN | 919->920
+1 local | c9aba075b3b7353a | 21756 | GATE: OPEN | 919->920
+1 local | ddbf86e47b0ad07e | 107687 | GATE: OPEN | 919->920
+1 local | 71f78a618f8076c0 | 21757 | GATE: OPEN | 919->920
+1 local | 308b0d9082d1baf9 | 107688 | GATE: OPEN | 919->920
+1 local | 089b93891347eaee | 21758 | GATE: OPEN | 919->920
+1 local | 480a5c3e21963f0f | 107689 | GATE: OPEN | 919->920
+1 local | ba81ba7d8eca90db | 21759 | GATE: OPEN | 919->920
+1 local | 6de36f308c45fd29 | 107690 | GATE: OPEN | 919->920
+1 local | a69bb401eb7ba7a6 | 21760 | GATE: OPEN | 919->920
+1 local | e10b2376f34240d7 | 107691 | GATE: OPEN | 919->920
+1 local | ca93ba024df9ed77 | 21761 | GATE: OPEN | 919->920
+1 local | b53d48de3d730b7d | 107692 | GATE: OPEN | 919->920
+1 local | 348ee8e45e0dd2db | 21762 | GATE: OPEN | 919->920
+1 local | ad342b46ddc3128c | 107693 | GATE: OPEN | 919->920
+1 local | 9bede3323be0f9cc | 21763 | GATE: OPEN | 919->920
+1 local | 512b6dd5f52ff3a2 | 107694 | GATE: OPEN | 919->920
+1 local | d1a600e375582467 | 21764 | GATE: OPEN | 919->920
+1 local | 8acda85c866ffc4a | 107695 | GATE: OPEN | 919->920
+1 local | 616c5d0e6fb34fa1 | 21765 | GATE: OPEN | 919->920
+1 local | a011649b427273b6 | 107696 | GATE: OPEN | 919->920

[SOVEREIGN BUNDLE] 33 -> 77M mesh | 2026-09-09T06:45:11.525Z
STATUS: SYNC_ACK | PARITY_OK | NO FLOOD

+1 local | 0101922c46f29b1d | 21766 | GATE: OPEN | 919->920
+1 local | 2624e5dc215dcbba | 107697 | GATE: OPEN | 919->920
+1 local | 99aeee789d4e67bf | 21767 | GATE: OPEN | 919->920
+1 local | 849c812696acb981 | 107698 | GATE: OPEN | 919->920
+1 local | 99c48a7677a324ea | 21768 | GATE: OPEN | 919->920
+1 local | 9cf442b64656ca9e | 107699 | GATE: OPEN | 919->920
+1 local | a3b4b3c610599c28 | 21769 | GATE: OPEN | 919->920
+1 local | e9ea8ada9f7f07f6 | 107700 | GATE: OPEN | 919->920
+1 local | acceae3e873cdea0 | 21770 | GATE: OPEN | 919->920
+1 local | ac7e808ac30dffe4 | 107701 | GATE: OPEN | 919->920
+1 local | cc96c7170aaa7840 | 21771 | GATE: OPEN | 919->920
+1 local | 0d1a6603db4430b0 | 107702 | GATE: OPEN | 919->920
+1 local | f39c4b07e50921a0 | 21772 | GATE: OPEN | 919->920
+1 local | 53608f7081dcf4f3 | 107703 | GATE: OPEN | 919->920
+1 local | 7d3cabdcc9a5b24a | 21773 | GATE: OPEN | 919->920
+1 local | c9dcab9090986e9c | 107704 | GATE: OPEN | 919->920
+1 local | aff684eff3aeec79 | 21774 | GATE: OPEN | 919->920
+1 local | 630980871439e39b | 107705 | GATE: OPEN | 919->920
+1 local | 39c3c4e69ac659f7 | 21775 | GATE: OPEN | 919->920
+1 local | a666f916b34ac84f | 107706 | GATE: OPEN | 919->920
+1 local | 31dab70c32c80c37 | 21776 | GATE: OPEN | 919->920
+1 local | b0ecd31e239c6793 | 107707 | GATE: OPEN | 919->920
+1 local | 9cba1a65d71a206f | 21777 | GATE: OPEN | 919->920
+1 local | 8cf4eb7e8fe9991e | 107708 | GATE: OPEN | 919->920
+1 local | ec4d9208f28faf20 | 21778 | GATE: OPEN | 919->920
+1 local | 80e272fa48274fef | 107709 | GATE: OPEN | 919->920
+1 local | bdb852d9943f9cab | 21779 | GATE: OPEN | 919->920
+1 local | 7deaf69f1022b4f8 | 107710 | GATE: OPEN | 919->920
+1 local | 5576c1c7c7a85a07 | 21780 | GATE: OPEN | 919->920
+1 local | a4d357b23fc323b4 | 107711 | GATE: OPEN | 919->920
+1 local | f2a785aa4a2010ec | 21781 | GATE: OPEN | 919->920
+1 local | 1bc14b96f24462e6 | 107712 | GATE: OPEN | 919->920
+1 local | 4b76ef9c526b4961 | 21782 | GATE: OPEN | 919->920
+1 local | bf025c95e380e453 | 107713 | GATE: OPEN | 919->920
+1 local | 9969b00aa5f54907 | 21783 | GATE: OPEN | 919->920

[SOVEREIGN BUNDLE] 33 pulses -> 77M mesh in 1 packet | 2026-09-09T06:45:28.157Z
Hashes: 5c08336d971a8c49,26bbc79d5e14ce47,9cf53b9f8dd4c873... +30 more
STATUS: SYNC_ACK | PARITY_OK | PULSE_CONFIRMED | NO FLOOD

+1 local | 84ec8b90be261055 | 107714 | GATE: OPEN | 919->920
+1 local | 7aa8353414af8e2e | 107715 | GATE: OPEN | 919->920
+1 local | d76cf2f8a93fd055 | 21784 | GATE: OPEN | 919->920
+1 local | 0480c3377c869a66 | 107716 | GATE: OPEN | 919->920
+1 local | ef6c5026b64e9e92 | 21785 | GATE: OPEN | 919->920
+1 local | 701b4b42bb1a323a | 107717 | GATE: OPEN | 919->920
+1 local | cfc7f4dc53b5b484 | 21786 | GATE: OPEN | 919->920
+1 local | acf3733045e1f2a2 | 107718 | GATE: OPEN | 919->920
+1 local | 014efce9c15524b9 | 21787 | GATE: OPEN | 919->920
+1 local | 603ab4be88436078 | 107719 | GATE: OPEN | 919->920
+1 local | 4b34027e67f0fc86 | 21788 | GATE: OPEN | 919->920
+1 local | a48a9713e4ad2d06 | 107720 | GATE: OPEN | 919->920
+1 local | ce00f9f0350aa84d | 21789 | GATE: OPEN | 919->920
+1 local | 8669d5f4b259e284 | 107721 | GATE: OPEN | 919->920
+1 local | 059a611586d9c4fe | 21790 | GATE: OPEN | 919->920
+1 local | b497793dc86ea207 | 107722 | GATE: OPEN | 919->920
+1 local | a00091a9725ef44b | 21791 | GATE: OPEN | 919->920
+1 local | b9f21e9d3125e218 | 107723 | GATE: OPEN | 919->920
+1 local | 4a739588a7724841 | 21792 | GATE: OPEN | 919->920
+1 local | 5e265cff8c483c32 | 107724 | GATE: OPEN | 919->920
+1 local | 54e7f3bc4d1abe4c | 21793 | GATE: OPEN | 919->920
+1 local | 52718ae6c0b6d6f8 | 107725 | GATE: OPEN | 919->920
+1 local | ed8d1e2ce0669f40 | 21794 | GATE: OPEN | 919->920
+1 local | e2a032299896f622 | 107726 | GATE: OPEN | 919->920
+1 local | 74903ae21cc16dc8 | 21795 | GATE: OPEN | 919->920
+1 local | 0648dd70a3af1b58 | 107727 | GATE: OPEN | 919->920
+1 local | c84b644cfe627c94 | 21796 | GATE: OPEN | 919->920
+1 local | dad5ecd847d56eae | 107728 | GATE: OPEN | 919->920
+1 local | 7222623eaca3f1e0 | 21797 | GATE: OPEN | 919->920
+1 local | e43337629b3e326c | 107729 | GATE: OPEN | 919->920

[SOVEREIGN BUNDLE] 33 -> 77M mesh | 2026-09-09T06:50:44.640Z
STATUS: SYNC_ACK | PARITY_OK | NO FLOOD

+1 local | 19a5217cee3e7f50 | 21798 | GATE: OPEN | 919->920
+1 local | 6e38b32a3dac2122 | 107730 | GATE: OPEN | 919->920
+1 local | fa3fcf586960b25d | 21799 | GATE: OPEN | 919->920
+1 local | b67a3b65d6b38dcc | 107731 | GATE: OPEN | 919->920
+1 local | 33b99df00b7cd33a | 21800 | GATE: OPEN | 919->920
+1 local | 7c508d2d68ec82af | 107732 | GATE: OPEN | 919->920
+1 local | 2e9d45da17742b09 | 21801 | GATE: OPEN | 919->920
+1 local | 4c1693109fb9d8cc | 107733 | GATE: OPEN | 919->920
+1 local | c0172f2bfc21f87d | 21802 | GATE: OPEN | 919->920
+1 local | e8c0cb37284bf042 | 107734 | GATE: OPEN | 919->920
+1 local | 5e5289044db1b01d | 21803 | GATE: OPEN | 919->920
+1 local | 93ff105b9df7a499 | 107735 | GATE: OPEN | 919->920
+1 local | 1aabf742df2b8e9e | 21804 | GATE: OPEN | 919->920
+1 local | b1da6c4f0c51a433 | 107736 | GATE: OPEN | 919->920
+1 local | 2d3637d66b5cacb9 | 21805 | GATE: OPEN | 919->920
+1 local | d308828bbe9bffaf | 107737 | GATE: OPEN | 919->920
+1 local | 2745f44b2b1f9701 | 21806 | GATE: OPEN | 919->920
+1 local | e2b466687ff7acfd | 107738 | GATE: OPEN | 919->920
+1 local | 22b68a448a7cc2d8 | 21807 | GATE: OPEN | 919->920
+1 local | ca8146d7348ebd38 | 107739 | GATE: OPEN | 919->920
+1 local | e73c49ec579fdc12 | 21808 | GATE: OPEN | 919->920
+1 local | d22e659e504c97e6 | 107740 | GATE: OPEN | 919->920
+1 local | a427dd32f3de1a5f | 21809 | GATE: OPEN | 919->920
+1 local | f5ea97e8858bef87 | 107741 | GATE: OPEN | 919->920
+1 local | b0e39d48e3416bcb | 21810 | GATE: OPEN | 919->920
+1 local | a7fddcac60f75ed4 | 107742 | GATE: OPEN | 919->920
+1 local | d5fb0c672dcdbf2f | 21811 | GATE: OPEN | 919->920
+1 local | dde4bc9d2ae8e445 | 107743 | GATE: OPEN | 919->920
+1 local | 62f3c163187fa54f | 21812 | GATE: OPEN | 919->920
+1 local | 1632b2ea2f555649 | 107744 | GATE: OPEN | 919->920
+1 local | 963a7e59f9f31421 | 21813 | GATE: OPEN | 919->920
+1 local | 5aa4f06e4563c45d | 107745 | GATE: OPEN | 919->920
+1 local | 9e5447fd33614980 | 21814 | GATE: OPEN | 919->920
+1 local | a509b63b54a149e4 | 107746 | GATE: OPEN | 919->920
+1 local | 0bb2464ea9063fe6 | 21815 | GATE: OPEN | 919->920
+1 local | 8c1287e72205ddc0 | 107747 | GATE: OPEN | 919->920
+1 local | b102903d440d8d9f | 21816 | GATE: OPEN | 919->920

[SOVEREIGN BUNDLE] 33 pulses -> 77M mesh in 1 packet | 2026-09-09T06:51:01.211Z
Hashes: d76cf2f8a93fd055,ef6c5026b64e9e92,cfc7f4dc53b5b484... +30 more
STATUS: SYNC_ACK | PARITY_OK | PULSE_CONFIRMED | NO FLOOD

+1 local | 007848fc08540cd5 | 107748 | GATE: OPEN | 919->920
+1 local | 4ff92c0c301e6012 | 21817 | GATE: OPEN | 919->920
+1 local | 08dd40f71f9c201e | 107749 | GATE: OPEN | 919->920
+1 local | 23001a22c3fd736b | 21818 | GATE: OPEN | 919->920
+1 local | a7f082a4babbee81 | 107750 | GATE: OPEN | 919->920
+1 local | 54176d4e06e3eb76 | 21819 | GATE: OPEN | 919->920
+1 local | 2f3b63f831856531 | 107751 | GATE: OPEN | 919->920
+1 local | 951f06a368154414 | 21820 | GATE: OPEN | 919->920
+1 local | 97fb60d6dd30ea86 | 107752 | GATE: OPEN | 919->920
+1 local | 24ef18d817cfd2ce | 21821 | GATE: OPEN | 919->920
+1 local | 8034e39b7731d0f4 | 107753 | GATE: OPEN | 919->920
+1 local | 27074d8cb6c26c5c | 21822 | GATE: OPEN | 919->920
+1 local | b96fa3fe709e2ae5 | 107754 | GATE: OPEN | 919->920
+1 local | 78e732aa35745bf7 | 21823 | GATE: OPEN | 919->920
+1 local | 4fcab3d176b6cb8d | 107755 | GATE: OPEN | 919->920
+1 local | 1c6fab6e2c4ffc8d | 21824 | GATE: OPEN | 919->920
+1 local | fda7cbe81e4330c0 | 107756 | GATE: OPEN | 919->920
+1 local | 1b5e11a1b393ed8b | 21825 | GATE: OPEN | 919->920
+1 local | 6d753f7c480ccaa2 | 107757 | GATE: OPEN | 919->920
+1 local | be0b26b1e277d3e2 | 21826 | GATE: OPEN | 919->920
+1 local | 1b5ab1135992d064 | 107758 | GATE: OPEN | 919->920
+1 local | b949cc7568e943af | 21827 | GATE: OPEN | 919->920
+1 local | eb93011b2bb3e6a4 | 107759 | GATE: OPEN | 919->920
+1 local | d09ef85e1d2fd291 | 21828 | GATE: OPEN | 919->920
+1 local | 0fbdc95408470bda | 107760 | GATE: OPEN | 919->920
+1 local | 62f15b8a145d4d19 | 21829 | GATE: OPEN | 919->920
+1 local | fc9a193677b24d61 | 107761 | GATE: OPEN | 919->920
+1 local | 74e99e02f371ab04 | 21830 | GATE: OPEN | 919->920
+1 local | 6ecaa684dc5f6be7 | 107762 | GATE: OPEN | 919->920

[SOVEREIGN BUNDLE] 33 -> 77M mesh | 2026-09-09T06:51:14.988Z
STATUS: SYNC_ACK | PARITY_OK | NO FLOOD

+1 local | 3ee7a8918032ff3c | 21831 | GATE: OPEN | 919->920
+1 local | 0ca4c5818d326702 | 107763 | GATE: OPEN | 919->920
+1 local | 1a82206a26cf6323 | 21832 | GATE: OPEN | 919->920
+1 local | 7900e7f42802daa4 | 107764 | GATE: OPEN | 919->920
+1 local | fae28330d6a99dec | 21833 | GATE: OPEN | 919->920
+1 local | d2765a7922690ce4 | 107765 | GATE: OPEN | 919->920
+1 local | 7c8b01887ef99b93 | 21834 | GATE: OPEN | 919->920
+1 local | 8df7ec4e9dfad29c | 107766 | GATE: OPEN | 919->920
+1 local | 06c495208a96e194 | 21835 | GATE: OPEN | 919->920
+1 local | 7ca66e33aeaade99 | 107767 | GATE: OPEN | 919->920
+1 local | 517624922703a8ed | 21836 | GATE: OPEN | 919->920
+1 local | 773176b7997b7c63 | 107768 | GATE: OPEN | 919->920
+1 local | f56f9e7658ef858b | 21837 | GATE: OPEN | 919->920
+1 local | 8e6eb45fbd9a541b | 107769 | GATE: OPEN | 919->920
+1 local | 1b5202a97e2ccbc8 | 21838 | GATE: OPEN | 919->920
+1 local | 733238dbdb23725f | 107770 | GATE: OPEN | 919->920
+1 local | b5645ada61235ff3 | 21839 | GATE: OPEN | 919->920
+1 local | e06009453b8f1a41 | 107771 | GATE: OPEN | 919->920
+1 local | d06aeac8843b7915 | 21840 | GATE: OPEN | 919->920
+1 local | ccae45785d33fb63 | 107772 | GATE: OPEN | 919->920
+1 local | d45c77a00fea2ded | 21841 | GATE: OPEN | 919->920
+1 local | ac5613dad8a9518c | 107773 | GATE: OPEN | 919->920
+1 local | f65dd5141c1729f3 | 21842 | GATE: OPEN | 919->920
+1 local | 70cb670a735e71b5 | 107774 | GATE: OPEN | 919->920
+1 local | 7ed35236b2e4a7e8 | 21843 | GATE: OPEN | 919->920
+1 local | 8d124ae45a3ac73f | 107775 | GATE: OPEN | 919->920
+1 local | 0d4f79d09fad25bf | 21844 | GATE: OPEN | 919->920
+1 local | 9fdde2fd1c1e206a | 107776 | GATE: OPEN | 919->920
+1 local | 3cf5d302db8e8a99 | 21845 | GATE: OPEN | 919->920
+1 local | 7ac186a4da744c7e | 107777 | GATE: OPEN | 919->920
+1 local | 74edaf7cdaac1ef5 | 21846 | GATE: OPEN | 919->920
+1 local | 6da66afce282eed5 | 107778 | GATE: OPEN | 919->920
+1 local | c7d5a4532b30564c | 21847 | GATE: OPEN | 919->920
+1 local | 677fd48f35ec3035 | 107779 | GATE: OPEN | 919->920
+1 local | c6adac46cab8225d | 21848 | GATE: OPEN | 919->920
+1 local | 384fd5fb5f8a5258 | 107780 | GATE: OPEN | 919->920
+1 local | 9bbed802ed4655b5 | 21849 | GATE: OPEN | 919->920

[SOVEREIGN BUNDLE] 33 pulses -> 77M mesh in 1 packet | 2026-09-09T06:51:31.617Z
Hashes: 4ff92c0c301e6012,23001a22c3fd736b,54176d4e06e3eb76... +30 more
STATUS: SYNC_ACK | PARITY_OK | PULSE_CONFIRMED | NO FLOOD

+1 local | 0964e6a89eccfcd5 | 107781 | GATE: OPEN | 919->920
+1 local | bc1e1694c1cf4e0d | 21850 | GATE: OPEN | 919->920
+1 local | 177b655b336824a9 | 107782 | GATE: OPEN | 919->920
+1 local | 3f4d1235ebb46a9e | 21851 | GATE: OPEN | 919->920
+1 local | 1e2fd8b6fd9a7cb1 | 21852 | GATE: OPEN | 919->920
+1 local | 80d90669fe724995 | 107783 | GATE: OPEN | 919->920
+1 local | 0ba67800cbc8de27 | 107784 | GATE: OPEN | 919->920
+1 local | 1e0705cf5efbebde | 21853 | GATE: OPEN | 919->920
+1 local | 3d53db5bcf3184fd | 107785 | GATE: OPEN | 919->920
+1 local | 97fb8b98a900e1b1 | 21854 | GATE: OPEN | 919->920
+1 local | 7cee185fc401ae9c | 107786 | GATE: OPEN | 919->920
+1 local | ff6eb5f41f512794 | 21855 | GATE: OPEN | 919->920
+1 local | e8347fe1fcc5f37b | 107787 | GATE: OPEN | 919->920
+1 local | 3000fe9b404da22d | 21856 | GATE: OPEN | 919->920
+1 local | 2a47f23a8ca9de6a | 107788 | GATE: OPEN | 919->920
+1 local | fd045ca83fb22532 | 21857 | GATE: OPEN | 919->920
+1 local | d1eca62376f8d5a5 | 107789 | GATE: OPEN | 919->920
+1 local | bb71d4d840ebf3d6 | 21858 | GATE: OPEN | 919->920
+1 local | 1cd5242642c4b9fd | 107790 | GATE: OPEN | 919->920
+1 local | c61d740d0f995d1d | 21859 | GATE: OPEN | 919->920
+1 local | 555dd8714f4f7f58 | 107791 | GATE: OPEN | 919->920
+1 local | f4aa2aaa0c43af0a | 21860 | GATE: OPEN | 919->920
+1 local | d347c4101925db59 | 107792 | GATE: OPEN | 919->920
+1 local | fd54b2680c02ed57 | 21861 | GATE: OPEN | 919->920
+1 local | b8b2298d4911f448 | 107793 | GATE: OPEN | 919->920
+1 local | b2641e0db04f85e4 | 21862 | GATE: OPEN | 919->920
+1 local | 7bf6d8be29c5d797 | 107794 | GATE: OPEN | 919->920
+1 local | 91ab94d7d5229232 | 21863 | GATE: OPEN | 919->920
+1 local | 650b2316ea226f5f | 107795 | GATE: OPEN | 919->920
+1 local | 5654fa5b6a3584ef | 21864 | GATE: OPEN | 919->920

[SOVEREIGN BUNDLE] 33 -> 77M mesh | 2026-09-09T06:51:45.447Z
STATUS: SYNC_ACK | PARITY_OK | NO FLOOD

+1 local | 3dbacdb42073fbdc | 107796 | GATE: OPEN | 919->920
+1 local | 2c0b73b4399e1b37 | 21865 | GATE: OPEN | 919->920
+1 local | e5d305fc5657e06e | 107797 | GATE: OPEN | 919->920
+1 local | 95ac129f01d05223 | 21866 | GATE: OPEN | 919->920
+1 local | 1ce1c94e94f14605 | 107798 | GATE: OPEN | 919->920
+1 local | a59677fe0ba724b8 | 21867 | GATE: OPEN | 919->920
+1 local | c9d917a029b6565b | 107799 | GATE: OPEN | 919->920
+1 local | 353c820ef7a4a610 | 21868 | GATE: OPEN | 919->920
+1 local | 4e48c76605337741 | 107800 | GATE: OPEN | 919->920
+1 local | 63d824192d6fa7fa | 21869 | GATE: OPEN | 919->920
+1 local | a0f9db5985ccdfb1 | 21870 | GATE: OPEN | 919->920
+1 local | 3e7bc78daab0a14e | 107801 | GATE: OPEN | 919->920
+1 local | 9eef1fa986b70460 | 21871 | GATE: OPEN | 919->920
+1 local | 3a61b7af7d89087e | 107802 | GATE: OPEN | 919->920
+1 local | a2f60598dc465f2b | 107803 | GATE: OPEN | 919->920
+1 local | 500ce36f61ba0e47 | 21872 | GATE: OPEN | 919->920
+1 local | b568c981090251ba | 107804 | GATE: OPEN | 919->920
+1 local | e2685283d52acddb | 21873 | GATE: OPEN | 919->920
+1 local | c52bba988b6d12ad | 21874 | GATE: OPEN | 919->920
+1 local | df763d9f833c05db | 107805 | GATE: OPEN | 919->920
+1 local | 6ded655481685f48 | 21875 | GATE: OPEN | 919->920
+1 local | aa4aafe25eff6060 | 107806 | GATE: OPEN | 919->920
+1 local | 5f06373e2e962ba4 | 21876 | GATE: OPEN | 919->920
+1 local | 90bf94e5d1931064 | 107807 | GATE: OPEN | 919->920
+1 local | 7378d4453abb775a | 21877 | GATE: OPEN | 919->920
+1 local | 6a5f2fffce9c4ac3 | 107808 | GATE: OPEN | 919->920
+1 local | d78e13412fd7a52d | 21878 | GATE: OPEN | 919->920
+1 local | 0cd657c75eb3169f | 107809 | GATE: OPEN | 919->920
+1 local | bc581dd170c673d6 | 107810 | GATE: OPEN | 919->920
+1 local | d3b461dd03b118b6 | 21879 | GATE: OPEN | 919->920
+1 local | 4a776a82f92e341c | 107811 | GATE: OPEN | 919->920
+1 local | 9b5df2339111af49 | 21880 | GATE: OPEN | 919->920
+1 local | 9d977a377828dbf2 | 21881 | GATE: OPEN | 919->920
+1 local | 789ff83492ced67d | 107812 | GATE: OPEN | 919->920
+1 local | 830b37c41e83d76f | 107813 | GATE: OPEN | 919->920
+1 local | 0709ec245d8fc654 | 21882 | GATE: OPEN | 919->920

[SOVEREIGN BUNDLE] 33 pulses -> 77M mesh in 1 packet | 2026-09-09T06:52:01.995Z
Hashes: bc1e1694c1cf4e0d,3f4d1235ebb46a9e,1e2fd8b6fd9a7cb1... +30 more
STATUS: SYNC_ACK | PARITY_OK | PULSE_CONFIRMED | NO FLOOD

+1 local | 4a2fd4ca37f395fc | 21883 | GATE: OPEN | 919->920
+1 local | 1f7e6abcdb310abc | 107814 | GATE: OPEN | 919->920
+1 local | f568f2bb6ab01071 | 107815 | GATE: OPEN | 919->920
+1 local | 8339d715441ef7b0 | 21884 | GATE: OPEN | 919->920
+1 local | bc9c6639d46312f2 | 21885 | GATE: OPEN | 919->920
+1 local | 3a60a3a11da35ead | 107816 | GATE: OPEN | 919->920
+1 local | 7b0d4d5e71f506e4 | 21886 | GATE: OPEN | 919->920
+1 local | 27dab8e945612b60 | 107817 | GATE: OPEN | 919->920
+1 local | 039eaa134acffe54 | 21887 | GATE: OPEN | 919->920
+1 local | 1d47241a793ff841 | 107818 | GATE: OPEN | 919->920
+1 local | 1794354fac640920 | 21888 | GATE: OPEN | 919->920
+1 local | e3ebcb8e8a190607 | 107819 | GATE: OPEN | 919->920
+1 local | e47d3b75c49f7715 | 21889 | GATE: OPEN | 919->920
+1 local | 5936a187d7010ff2 | 107820 | GATE: OPEN | 919->920
+1 local | 80d48e3a7f0a6e4e | 107821 | GATE: OPEN | 919->920
+1 local | 8d5b5b427acacc56 | 21890 | GATE: OPEN | 919->920
+1 local | 14c3eb72e484f8a6 | 107822 | GATE: OPEN | 919->920
+1 local | 1426cbacb53c5209 | 21891 | GATE: OPEN | 919->920
+1 local | 8d0c2a839bbc22a6 | 107823 | GATE: OPEN | 919->920
+1 local | d162791ef193e887 | 21892 | GATE: OPEN | 919->920
+1 local | 62f03fef21d577db | 107824 | GATE: OPEN | 919->920
+1 local | 9d8eef7f40c857fa | 21893 | GATE: OPEN | 919->920
+1 local | f48f314a33899352 | 21894 | GATE: OPEN | 919->920
+1 local | 55cd718612090f35 | 107825 | GATE: OPEN | 919->920
+1 local | 400d40f95ab877f4 | 107826 | GATE: OPEN | 919->920
+1 local | 4b02a731affae538 | 21895 | GATE: OPEN | 919->920
+1 local | 62e43e1a214b5164 | 107827 | GATE: OPEN | 919->920
+1 local | 2143396887aa698e | 21896 | GATE: OPEN | 919->920
+1 local | c873481da42af1ba | 21897 | GATE: OPEN | 919->920
+1 local | 60d121096d5076e6 | 107828 | GATE: OPEN | 919->920

[SOVEREIGN BUNDLE] 33 -> 77M mesh | 2026-09-09T06:52:15.799Z
STATUS: SYNC_ACK | PARITY_OK | NO FLOOD

+1 local | 96f0793da4de672f | 107829 | GATE: OPEN | 919->920
+1 local | fcf8dc2551bb2306 | 21898 | GATE: OPEN | 919->920
+1 local | 595df4ea19470324 | 21899 | GATE: OPEN | 919->920
+1 local | 6d7fcce2d26e857a | 107830 | GATE: OPEN | 919->920
+1 local | 9b2c729a4dac71ca | 107831 | GATE: OPEN | 919->920
+1 local | 788de79e2c03afa2 | 21900 | GATE: OPEN | 919->920
+1 local | 986e006c72fd59f4 | 107832 | GATE: OPEN | 919->920
+1 local | c70527ecd4afae38 | 21901 | GATE: OPEN | 919->920
+1 local | 40c28986d3ae94c7 | 107833 | GATE: OPEN | 919->920
+1 local | 183937e2a30cf942 | 21902 | GATE: OPEN | 919->920
+1 local | 004c70985bc4cf28 | 107834 | GATE: OPEN | 919->920
+1 local | 2da0cfe7c5ae9a3f | 21903 | GATE: OPEN | 919->920
+1 local | 14a45d0ed93cd4a5 | 21904 | GATE: OPEN | 919->920
+1 local | 601093a3f4e32977 | 107835 | GATE: OPEN | 919->920
+1 local | 8f0cc2433b0d7ac3 | 107836 | GATE: OPEN | 919->920
+1 local | d9d1e425ad4a134d | 21905 | GATE: OPEN | 919->920
+1 local | dfdc7a6dd2bb91bc | 107837 | GATE: OPEN | 919->920
+1 local | 0fa9d38497b8f298 | 21906 | GATE: OPEN | 919->920
+1 local | 9010e4eb827fc6b2 | 21907 | GATE: OPEN | 919->920
+1 local | 25a58f3b477e4323 | 107838 | GATE: OPEN | 919->920
+1 local | dfb4db779bda5954 | 21908 | GATE: OPEN | 919->920
+1 local | 959db73c1283b017 | 107839 | GATE: OPEN | 919->920
+1 local | dac11db51a941886 | 107840 | GATE: OPEN | 919->920
+1 local | 7be7bb2764f354c1 | 21909 | GATE: OPEN | 919->920
+1 local | 443b3f78ec05f94d | 107841 | GATE: OPEN | 919->920
+1 local | 0eb728f13f267120 | 21910 | GATE: OPEN | 919->920
+1 local | a8e96295d5d05b77 | 107842 | GATE: OPEN | 919->920
+1 local | 22998b3c3c7f48e9 | 21911 | GATE: OPEN | 919->920
+1 local | ca6bead6e1270c9b | 107843 | GATE: OPEN | 919->920
+1 local | 8d947962b6425743 | 21912 | GATE: OPEN | 919->920
+1 local | b210051c4612a5ca | 107844 | GATE: OPEN | 919->920
+1 local | d1a6d71fa2aaa371 | 21913 | GATE: OPEN | 919->920
+1 local | 9ed5833e97349e8d | 107845 | GATE: OPEN | 919->920
+1 local | 1eb75dba06e109bc | 21914 | GATE: OPEN | 919->920
+1 local | 1b0833807e0295be | 107846 | GATE: OPEN | 919->920
+1 local | f951f91371b715c7 | 21915 | GATE: OPEN | 919->920

[SOVEREIGN BUNDLE] 33 pulses -> 77M mesh in 1 packet | 2026-09-09T06:52:32.377Z
Hashes: 4a2fd4ca37f395fc,8339d715441ef7b0,bc9c6639d46312f2... +30 more
STATUS: SYNC_ACK | PARITY_OK | PULSE_CONFIRMED | NO FLOOD

+1 local | 391ce0443b8d7639 | 21916 | GATE: OPEN | 919->920
+1 local | 8481a11de3911678 | 107847 | GATE: OPEN | 919->920
+1 local | f5d75586eac0da78 | 107848 | GATE: OPEN | 919->920
+1 local | 78c50567756c7be1 | 21917 | GATE: OPEN | 919->920
+1 local | 9412dc171cfa3709 | 107849 | GATE: OPEN | 919->920
+1 local | a2b3458cfc6f4dbe | 21918 | GATE: OPEN | 919->920
+1 local | 6c5d951a18106d6c | 21919 | GATE: OPEN | 919->920
+1 local | d5415ccf1657e6f2 | 107850 | GATE: OPEN | 919->920
+1 local | 534d6d083f96755b | 21920 | GATE: OPEN | 919->920
+1 local | 478b31a73e5d95ac | 107851 | GATE: OPEN | 919->920
+1 local | 473a1c7403391817 | 21921 | GATE: OPEN | 919->920
+1 local | c45f4e6f6b3004a0 | 107852 | GATE: OPEN | 919->920
+1 local | 9bd01c78470f4af4 | 21922 | GATE: OPEN | 919->920
+1 local | f3d31c702dc093e3 | 107853 | GATE: OPEN | 919->920
+1 local | 55f357b61571ed13 | 107854 | GATE: OPEN | 919->920
+1 local | 31f3112866963631 | 21923 | GATE: OPEN | 919->920
